overall_qual,year_built,lot_area,gr_liv_area,total_bsmt_sf,full_bath,bedroom_abvgr,garage_cars,neighborhood_SawyerW,neighborhood_NAmes,neighborhood_Mitchel,neighborhood_NridgHt,neighborhood_Somerst,neighborhood_Sawyer,neighborhood_ClearCr,neighborhood_CollgCr,neighborhood_NoRidge,neighborhood_OldTown,neighborhood_SWISU,neighborhood_BrkSide,neighborhood_Edwards,neighborhood_Gilbert,neighborhood_NWAmes,neighborhood_Timber,neighborhood_Crawfor,neighborhood_Greens,neighborhood_NPkVill,neighborhood_IDOTRR,neighborhood_Veenker,neighborhood_BrDale,neighborhood_Blueste,neighborhood_StoneBr,neighborhood_Blmngtn,neighborhood_MeadowV,neighborhood_GrnHill,garage_type_Detchd,garage_type_Attchd,garage_type_BuiltIn,garage_type_Basment,garage_type_2Types,garage_type_CarPort,kitchen_qual_Gd,kitchen_qual_TA,kitchen_qual_Ex,kitchen_qual_Fa,kitchen_qual_Po,bsmt_qual_Gd,bsmt_qual_TA,bsmt_qual_Ex,bsmt_qual_Fa,bsmt_qual_Po,y,y_scaled
-0.7656956092022585,1.0444940398437905,0.23415553059720245,-0.7558707850208751,0.12428440432874972,0.7772367703207032,0.2059921720278468,0.29818073040869925,1.0,0.0,0.0,0.0,0.0,0.0,0.0,0.0,0.0,0.0,0.0,0.0,0.0,0.0,0.0,0.0,0.0,0.0,0.0,0.0,0.0,0.0,0.0,0.0,0.0,0.0,0.0,1.0,0.0,0.0,0.0,0.0,0.0,1.0,0.0,0.0,0.0,0.0,1.0,0.0,0.0,0.0,0.0,153000.0,-0.3553405450299985
-0.06491841398858939,0.6145145035786802,-0.3559590011260349,-0.19994643015202127,0.7498724736595315,0.7772367703207032,-0.9976828844653559,0.29818073040869925,1.0,0.0,0.0,0.0,0.0,0.0,0.0,0.0,0.0,0.0,0.0,0.0,0.0,0.0,0.0,0.0,0.0,0.0,0.0,0.0,0.0,0.0,0.0,0.0,0.0,0.0,0.0,0.0,1.0,0.0,0.0,0.0,0.0,1.0,0.0,0.0,0.0,0.0,1.0,0.0,0.0,0.0,0.0,172000.0,-0.11780279588583922
-0.7656956092022585,-0.04699247529072038,-0.28268411614428696,-0.6266770969175499,0.2696675472013962,-1.021987401155326,-0.9976828844653559,0.29818073040869925,0.0,1.0,0.0,0.0,0.0,0.0,0.0,0.0,0.0,0.0,0.0,0.0,0.0,0.0,0.0,0.0,0.0,0.0,0.0,0.0,0.0,0.0,0.0,0.0,0.0,0.0,0.0,0.0,1.0,0.0,0.0,0.0,0.0,0.0,1.0,0.0,0.0,0.0,0.0,1.0,0.0,0.0,0.0,128000.0,-0.6678902149565239
-0.06491841398858939,0.18453496731356983,-0.06789361360236928,-1.123877048103074,-0.3427038727773268,-1.021987401155326,-0.9976828844653559,-1.0371220601333149,0.0,0.0,1.0,0.0,0.0,0.0,0.0,0.0,0.0,0.0,0.0,0.0,0.0,0.0,0.0,0.0,0.0,0.0,0.0,0.0,0.0,0.0,0.0,0.0,0.0,0.0,0.0,0.0,1.0,0.0,0.0,0.0,0.0,0.0,1.0,0.0,0.0,0.0,0.0,1.0,0.0,0.0,0.0,156450.0,-0.312208690580138
2.037413171652418,1.2098707845611407,0.35363274763614416,3.2099839437266526,1.9129376166407033,2.5764609417967326,1.4096672285210494,1.6334835209507133,0.0,0.0,0.0,1.0,0.0,0.0,0.0,0.0,0.0,0.0,0.0,0.0,0.0,0.0,0.0,0.0,0.0,0.0,0.0,0.0,0.0,0.0,0.0,0.0,0.0,0.0,0.0,0.0,0.0,1.0,0.0,0.0,0.0,0.0,0.0,1.0,0.0,0.0,0.0,0.0,1.0,0.0,0.0,485000.0,3.795319071594258
0.6358587812250798,1.2429461335046108,-0.6660627891709285,-0.04334802032980893,0.9084722658842367,0.7772367703207032,-0.9976828844653559,0.29818073040869925,0.0,0.0,0.0,0.0,1.0,0.0,0.0,0.0,0.0,0.0,0.0,0.0,0.0,0.0,0.0,0.0,0.0,0.0,0.0,0.0,0.0,0.0,0.0,0.0,0.0,0.0,0.0,0.0,1.0,0.0,0.0,0.0,0.0,0.0,1.0,0.0,0.0,0.0,0.0,0.0,1.0,0.0,0.0,222000.0,0.5072965439672115
-0.7656956092022585,0.08530892048315974,0.04408830985828676,-0.9065967544747545,-0.04532926235600448,-1.021987401155326,-0.9976828844653559,0.29818073040869925,0.0,0.0,0.0,0.0,0.0,1.0,0.0,0.0,0.0,0.0,0.0,0.0,0.0,0.0,0.0,0.0,0.0,0.0,0.0,0.0,0.0,0.0,0.0,0.0,0.0,0.0,0.0,0.0,1.0,0.0,0.0,0.0,0.0,0.0,1.0,0.0,0.0,0.0,0.0,0.0,0.0,1.0,0.0,129000.0,-0.6553882281594628
1.336635976438749,1.1767954356176706,0.022944869764316735,1.2936109035273289,1.1551830537893337,-1.021987401155326,0.2059921720278468,1.6334835209507133,0.0,0.0,0.0,1.0,0.0,0.0,0.0,0.0,0.0,0.0,0.0,0.0,0.0,0.0,0.0,0.0,0.0,0.0,0.0,0.0,0.0,0.0,0.0,0.0,0.0,0.0,0.0,0.0,1.0,0.0,0.0,0.0,0.0,0.0,0.0,1.0,0.0,0.0,0.0,0.0,1.0,0.0,0.0,325624.0,1.802802423825862
0.6358587812250798,-0.013917126347250347,11.723098145468247,0.6339401021512594,1.2895523222019312,0.7772367703207032,-0.9976828844653559,0.29818073040869925,0.0,0.0,0.0,0.0,0.0,0.0,1.0,0.0,0.0,0.0,0.0,0.0,0.0,0.0,0.0,0.0,0.0,0.0,0.0,0.0,0.0,0.0,0.0,0.0,0.0,0.0,0.0,0.0,1.0,0.0,0.0,0.0,0.0,1.0,0.0,0.0,0.0,0.0,1.0,0.0,0.0,0.0,0.0,302000.0,1.5074554877320927
-0.06491841398858939,0.21761031625703986,0.06858785155447425,-0.9281290358253087,-0.2589984268809546,-1.021987401155326,0.2059921720278468,0.29818073040869925,0.0,0.0,0.0,0.0,0.0,0.0,0.0,1.0,0.0,0.0,0.0,0.0,0.0,0.0,0.0,0.0,0.0,0.0,0.0,0.0,0.0,0.0,0.0,0.0,0.0,0.0,0.0,1.0,0.0,0.0,0.0,0.0,0.0,0.0,1.0,0.0,0.0,0.0,1.0,0.0,0.0,0.0,0.0,147000.0,-0.4303524658123646
-1.4664728044159276,-0.708499454160121,0.19992329425458433,0.040823624949630204,-0.32508167364124846,-1.021987401155326,0.2059921720278468,-1.0371220601333149,0.0,1.0,0.0,0.0,0.0,0.0,0.0,0.0,0.0,0.0,0.0,0.0,0.0,0.0,0.0,0.0,0.0,0.0,0.0,0.0,0.0,0.0,0.0,0.0,0.0,0.0,0.0,1.0,0.0,0.0,0.0,0.0,0.0,1.0,0.0,0.0,0.0,0.0,0.0,1.0,0.0,0.0,0.0,147500.0,-0.42410147241383406
0.6358587812250798,0.8129665972395004,-0.04887570452313699,1.0039038453562361,0.1308927290047791,0.7772367703207032,0.2059921720278468,0.29818073040869925,0.0,0.0,0.0,0.0,0.0,0.0,0.0,0.0,1.0,0.0,0.0,0.0,0.0,0.0,0.0,0.0,0.0,0.0,0.0,0.0,0.0,0.0,0.0,0.0,0.0,0.0,0.0,0.0,1.0,0.0,0.0,0.0,0.0,0.0,1.0,0.0,0.0,0.0,1.0,0.0,0.0,0.0,0.0,269790.0,1.1047664929987573
-0.7656956092022585,0.1514596183700998,-0.18983197181627046,-0.9300865159480863,-0.09379030998021996,0.7772367703207032,0.2059921720278468,0.29818073040869925,0.0,0.0,0.0,0.0,0.0,0.0,0.0,1.0,0.0,0.0,0.0,0.0,0.0,0.0,0.0,0.0,0.0,0.0,0.0,0.0,0.0,0.0,0.0,0.0,0.0,0.0,0.0,1.0,0.0,0.0,0.0,0.0,0.0,0.0,1.0,0.0,0.0,0.0,1.0,0.0,0.0,0.0,0.0,153500.0,-0.349089551631468
-1.4664728044159276,-2.858397135485673,0.1099797713151563,1.5461258393656463,-0.6180507342785512,0.7772367703207032,1.4096672285210494,0.29818073040869925,0.0,0.0,0.0,0.0,0.0,0.0,0.0,0.0,0.0,1.0,0.0,0.0,0.0,0.0,0.0,0.0,0.0,0.0,0.0,0.0,0.0,0.0,0.0,0.0,0.0,0.0,0.0,1.0,0.0,0.0,0.0,0.0,0.0,0.0,1.0,0.0,0.0,0.0,0.0,1.0,0.0,0.0,0.0,122500.0,-0.7366511423403594
-0.7656956092022585,-0.4108213136688907,0.5488459908317933,0.34227556385738894,0.8027390710677665,0.7772367703207032,0.2059921720278468,-1.0371220601333149,0.0,0.0,0.0,0.0,0.0,0.0,1.0,0.0,0.0,0.0,0.0,0.0,0.0,0.0,0.0,0.0,0.0,0.0,0.0,0.0,0.0,0.0,0.0,0.0,0.0,0.0,0.0,0.0,1.0,0.0,0.0,0.0,0.0,0.0,1.0,0.0,0.0,0.0,1.0,0.0,0.0,0.0,0.0,173000.0,-0.1053008090887782
-0.06491841398858939,-0.24544456895154054,-0.03947862003692809,0.031036224335741935,1.0097999109166873,-1.021987401155326,0.2059921720278468,0.29818073040869925,0.0,1.0,0.0,0.0,0.0,0.0,0.0,0.0,0.0,0.0,0.0,0.0,0.0,0.0,0.0,0.0,0.0,0.0,0.0,0.0,0.0,0.0,0.0,0.0,0.0,0.0,0.0,0.0,1.0,0.0,0.0,0.0,0.0,0.0,1.0,0.0,0.0,0.0,0.0,1.0,0.0,0.0,0.0,167000.0,-0.1803127298711443
-1.4664728044159276,-1.7007599224642218,-0.5411039395150317,0.30704092164739116,0.19697597576507295,-1.021987401155326,1.4096672285210494,-1.0371220601333149,0.0,0.0,0.0,0.0,0.0,0.0,0.0,0.0,0.0,1.0,0.0,0.0,0.0,0.0,0.0,0.0,0.0,0.0,0.0,0.0,0.0,0.0,0.0,0.0,0.0,0.0,0.0,1.0,0.0,0.0,0.0,0.0,0.0,0.0,0.0,0.0,1.0,0.0,0.0,1.0,0.0,0.0,0.0,111500.0,-0.8741729971080306
-0.7656956092022585,0.1514596183700998,-0.11857074779585298,0.44602201036460465,1.4767881880227638,0.7772367703207032,1.4096672285210494,0.29818073040869925,0.0,0.0,1.0,0.0,0.0,0.0,0.0,0.0,0.0,0.0,0.0,0.0,0.0,0.0,0.0,0.0,0.0,0.0,0.0,0.0,0.0,0.0,0.0,0.0,0.0,0.0,0.0,1.0,0.0,0.0,0.0,0.0,0.0,0.0,1.0,0.0,0.0,0.0,0.0,1.0,0.0,0.0,0.0,188000.0,0.08222899286713702
0.6358587812250798,1.0114186909003204,-0.06140515050474885,0.14261259133406823,1.1353580797612455,0.7772367703207032,0.2059921720278468,0.29818073040869925,0.0,0.0,0.0,0.0,0.0,0.0,0.0,1.0,0.0,0.0,0.0,0.0,0.0,0.0,0.0,0.0,0.0,0.0,0.0,0.0,0.0,0.0,0.0,0.0,0.0,0.0,0.0,0.0,1.0,0.0,0.0,0.0,0.0,1.0,0.0,0.0,0.0,0.0,1.0,0.0,0.0,0.0,0.0,227000.0,0.5698064779525166
-0.7656956092022585,-1.0723282925382913,-0.21891818570215515,1.3542927873334363,-0.7436089031231095,0.7772367703207032,1.4096672285210494,-1.0371220601333149,0.0,0.0,0.0,0.0,0.0,0.0,0.0,0.0,0.0,0.0,1.0,0.0,0.0,0.0,0.0,0.0,0.0,0.0,0.0,0.0,0.0,0.0,0.0,0.0,0.0,0.0,0.0,1.0,0.0,0.0,0.0,0.0,0.0,1.0,0.0,0.0,0.0,0.0,0.0,1.0,0.0,0.0,0.0,179500.0,-0.02403789490788161
-0.7656956092022585,-1.2046296883121714,-0.374417559938231,0.4655968115923812,-0.07396533595213181,0.7772367703207032,0.2059921720278468,-1.0371220601333149,0.0,0.0,0.0,0.0,0.0,0.0,0.0,0.0,0.0,0.0,0.0,1.0,0.0,0.0,0.0,0.0,0.0,0.0,0.0,0.0,0.0,0.0,0.0,0.0,0.0,0.0,0.0,1.0,0.0,0.0,0.0,0.0,0.0,0.0,1.0,0.0,0.0,0.0,0.0,1.0,0.0,0.0,0.0,153000.0,-0.3553405450299985
-1.4664728044159276,-1.1384789904252313,-0.4957965678850959,-0.7225936229336549,-0.3316899983172778,-1.021987401155326,-0.9976828844653559,0.29818073040869925,0.0,0.0,0.0,0.0,0.0,0.0,0.0,0.0,0.0,1.0,0.0,0.0,0.0,0.0,0.0,0.0,0.0,0.0,0.0,0.0,0.0,0.0,0.0,0.0,0.0,0.0,0.0,1.0,0.0,0.0,0.0,0.0,0.0,0.0,1.0,0.0,0.0,0.0,0.0,0.0,0.0,1.0,0.0,89471.0,-1.1495792642604876
-0.7656956092022585,-0.47697201155583074,0.15752454401323704,0.5810881388362628,1.2322801750096766,-1.021987401155326,0.2059921720278468,1.6334835209507133,0.0,1.0,0.0,0.0,0.0,0.0,0.0,0.0,0.0,0.0,0.0,0.0,0.0,0.0,0.0,0.0,0.0,0.0,0.0,0.0,0.0,0.0,0.0,0.0,0.0,0.0,0.0,0.0,1.0,0.0,0.0,0.0,0.0,0.0,1.0,0.0,0.0,0.0,0.0,1.0,0.0,0.0,0.0,169000.0,-0.15530875627702226
-2.868027194843266,-1.6015338756338118,-0.07840939862265067,-1.3078801796441737,-0.8361254485875208,-1.021987401155326,-0.9976828844653559,0.29818073040869925,0.0,0.0,0.0,0.0,0.0,0.0,0.0,0.0,0.0,1.0,0.0,0.0,0.0,0.0,0.0,0.0,0.0,0.0,0.0,0.0,0.0,0.0,0.0,0.0,0.0,0.0,0.0,1.0,0.0,0.0,0.0,0.0,0.0,0.0,1.0,0.0,0.0,0.0,0.0,0.0,0.0,1.0,0.0,12789.0,-2.1082566158327203
-1.4664728044159276,-0.04699247529072038,-0.3800110626085934,-1.2452408157152886,-0.426409318673699,-1.021987401155326,0.2059921720278468,0.29818073040869925,0.0,1.0,0.0,0.0,0.0,0.0,0.0,0.0,0.0,0.0,0.0,0.0,0.0,0.0,0.0,0.0,0.0,0.0,0.0,0.0,0.0,0.0,0.0,0.0,0.0,0.0,0.0,1.0,0.0,0.0,0.0,0.0,0.0,1.0,0.0,0.0,0.0,0.0,0.0,1.0,0.0,0.0,0.0,120500.0,-0.7616551159344814
-0.06491841398858939,-0.708499454160121,0.2526140894093985,1.2877384631589959,0.3181285948256117,0.7772367703207032,1.4096672285210494,0.29818073040869925,0.0,0.0,0.0,0.0,0.0,0.0,0.0,0.0,0.0,0.0,0.0,0.0,1.0,0.0,0.0,0.0,0.0,0.0,0.0,0.0,0.0,0.0,0.0,0.0,0.0,0.0,0.0,0.0,1.0,0.0,0.0,0.0,0.0,1.0,0.0,0.0,0.0,0.0,0.0,1.0,0.0,0.0,0.0,243000.0,0.7698382667054928
-1.4664728044159276,-1.7007599224642218,-0.6601336763403444,-0.09424250352202794,-0.7083645048509527,0.7772367703207032,-0.9976828844653559,-2.372424850675329,0.0,0.0,0.0,0.0,0.0,0.0,0.0,0.0,0.0,1.0,0.0,0.0,0.0,0.0,0.0,0.0,0.0,0.0,0.0,0.0,0.0,0.0,0.0,0.0,0.0,0.0,0.0,0.0,1.0,0.0,0.0,0.0,0.0,0.0,1.0,0.0,0.0,0.0,0.0,1.0,0.0,0.0,0.0,113000.0,-0.8554200169124391
-0.7656956092022585,-1.5353831777468716,-0.48740631387955224,-0.297820436290904,-0.3823538208335031,-1.021987401155326,0.2059921720278468,-1.0371220601333149,0.0,0.0,0.0,0.0,0.0,0.0,0.0,0.0,0.0,0.0,0.0,1.0,0.0,0.0,0.0,0.0,0.0,0.0,0.0,0.0,0.0,0.0,0.0,0.0,0.0,0.0,0.0,1.0,0.0,0.0,0.0,0.0,0.0,0.0,1.0,0.0,0.0,0.0,0.0,1.0,0.0,0.0,0.0,117000.0,-0.805412069724195
-0.7656956092022585,-0.17929387106460049,0.3404320813340888,-0.8106802284586494,-0.07396533595213181,-1.021987401155326,0.2059921720278468,0.29818073040869925,0.0,1.0,0.0,0.0,0.0,0.0,0.0,0.0,0.0,0.0,0.0,0.0,0.0,0.0,0.0,0.0,0.0,0.0,0.0,0.0,0.0,0.0,0.0,0.0,0.0,0.0,0.0,0.0,1.0,0.0,0.0,0.0,0.0,0.0,1.0,0.0,0.0,0.0,0.0,1.0,0.0,0.0,0.0,159950.0,-0.26845173679042444
-0.7656956092022585,-0.34467061578195063,-0.23648178408709322,-1.0494928034375233,-0.20613182947271952,-1.021987401155326,0.2059921720278468,0.29818073040869925,0.0,1.0,0.0,0.0,0.0,0.0,0.0,0.0,0.0,0.0,0.0,0.0,0.0,0.0,0.0,0.0,0.0,0.0,0.0,0.0,0.0,0.0,0.0,0.0,0.0,0.0,0.0,1.0,0.0,0.0,0.0,0.0,0.0,0.0,1.0,0.0,0.0,0.0,0.0,1.0,0.0,0.0,0.0,137500.0,-0.5491213403844443
-0.06491841398858939,0.1514596183700998,0.2205073840815181,-0.9124691948430874,-0.10039863465624935,-1.021987401155326,0.2059921720278468,1.6334835209507133,0.0,0.0,1.0,0.0,0.0,0.0,0.0,0.0,0.0,0.0,0.0,0.0,0.0,0.0,0.0,0.0,0.0,0.0,0.0,0.0,0.0,0.0,0.0,0.0,0.0,0.0,0.0,0.0,1.0,0.0,0.0,0.0,0.0,0.0,1.0,0.0,0.0,0.0,0.0,1.0,0.0,0.0,0.0,169900.0,-0.14405696815966734
-0.06491841398858939,-0.807725500990531,-0.599276367286801,0.32074328250683476,-0.11802083379232771,0.7772367703207032,0.2059921720278468,0.29818073040869925,0.0,0.0,0.0,0.0,0.0,0.0,0.0,0.0,0.0,0.0,0.0,1.0,0.0,0.0,0.0,0.0,0.0,0.0,0.0,0.0,0.0,0.0,0.0,0.0,0.0,0.0,0.0,1.0,0.0,0.0,0.0,0.0,0.0,0.0,1.0,0.0,0.0,0.0,0.0,1.0,0.0,0.0,0.0,159000.0,-0.2803286242476324
-0.7656956092022585,0.8129665972395004,0.4228803106952312,-0.22735115187090843,0.6397337290590417,0.7772367703207032,0.2059921720278468,0.29818073040869925,0.0,0.0,0.0,0.0,0.0,0.0,0.0,0.0,0.0,0.0,0.0,0.0,0.0,1.0,0.0,0.0,0.0,0.0,0.0,0.0,0.0,0.0,0.0,0.0,0.0,0.0,0.0,0.0,1.0,0.0,0.0,0.0,0.0,1.0,0.0,0.0,0.0,0.0,1.0,0.0,0.0,0.0,0.0,177900.0,-0.04404107378317923
-0.06491841398858939,1.0775693887872606,-0.14911127237603192,0.02907874421296428,-0.5916174355744336,0.7772367703207032,0.2059921720278468,0.29818073040869925,0.0,0.0,0.0,0.0,0.0,0.0,0.0,0.0,0.0,0.0,0.0,0.0,0.0,1.0,0.0,0.0,0.0,0.0,0.0,0.0,0.0,0.0,0.0,0.0,0.0,0.0,0.0,0.0,1.0,0.0,0.0,0.0,0.0,1.0,0.0,0.0,0.0,0.0,1.0,0.0,0.0,0.0,0.0,179000.0,-0.030288888306412118
-0.06491841398858939,-0.5761980583862408,-0.4437769930507252,-1.0103432009819702,-0.26780952644899375,-1.021987401155326,-0.9976828844653559,-1.0371220601333149,0.0,1.0,0.0,0.0,0.0,0.0,0.0,0.0,0.0,0.0,0.0,0.0,0.0,0.0,0.0,0.0,0.0,0.0,0.0,0.0,0.0,0.0,0.0,0.0,0.0,0.0,0.0,1.0,0.0,0.0,0.0,0.0,0.0,0.0,1.0,0.0,0.0,0.0,0.0,1.0,0.0,0.0,0.0,112500.0,-0.8616710103109696
-0.7656956092022585,-0.675424105216651,-0.3531622497908537,-1.2217510542419567,-0.39997601996958143,-1.021987401155326,-0.9976828844653559,0.29818073040869925,0.0,1.0,0.0,0.0,0.0,0.0,0.0,0.0,0.0,0.0,0.0,0.0,0.0,0.0,0.0,0.0,0.0,0.0,0.0,0.0,0.0,0.0,0.0,0.0,0.0,0.0,0.0,1.0,0.0,0.0,0.0,0.0,0.0,0.0,1.0,0.0,0.0,0.0,0.0,0.0,0.0,1.0,0.0,94000.0,-1.0929577660565983
1.336635976438749,0.7468158993525603,0.2353861011846822,0.24244407759572859,1.2476995992537452,0.7772367703207032,-0.9976828844653559,1.6334835209507133,0.0,0.0,0.0,0.0,0.0,0.0,0.0,0.0,1.0,0.0,0.0,0.0,0.0,0.0,0.0,0.0,0.0,0.0,0.0,0.0,0.0,0.0,0.0,0.0,0.0,0.0,0.0,0.0,1.0,0.0,0.0,0.0,0.0,1.0,0.0,0.0,0.0,0.0,1.0,0.0,0.0,0.0,0.0,262000.0,1.007376015849652
0.6358587812250798,1.0775693887872606,-0.7743530008691454,-0.4994408889370024,0.3908201662619349,0.7772367703207032,-2.2013579409585584,0.29818073040869925,0.0,0.0,0.0,0.0,1.0,0.0,0.0,0.0,0.0,0.0,0.0,0.0,0.0,0.0,0.0,0.0,0.0,0.0,0.0,0.0,0.0,0.0,0.0,0.0,0.0,0.0,0.0,0.0,1.0,0.0,0.0,0.0,0.0,1.0,0.0,0.0,0.0,0.0,1.0,0.0,0.0,0.0,0.0,178000.0,-0.04279087510347313
-0.7656956092022585,-0.5100473604993008,0.5847562779755202,1.1174376924773401,-0.512317539462081,-1.021987401155326,1.4096672285210494,-1.0371220601333149,0.0,0.0,0.0,0.0,0.0,0.0,1.0,0.0,0.0,0.0,0.0,0.0,0.0,0.0,0.0,0.0,0.0,0.0,0.0,0.0,0.0,0.0,0.0,0.0,0.0,0.0,0.0,0.0,1.0,0.0,0.0,0.0,0.0,0.0,1.0,0.0,0.0,0.0,0.0,1.0,0.0,0.0,0.0,165000.0,-0.20531670346526631
0.6358587812250798,1.1767954356176706,0.02898585264830817,-0.28216059530868276,-0.9462641931880106,0.7772367703207032,0.2059921720278468,0.29818073040869925,0.0,0.0,0.0,0.0,0.0,0.0,0.0,1.0,0.0,0.0,0.0,0.0,0.0,0.0,0.0,0.0,0.0,0.0,0.0,0.0,0.0,0.0,0.0,0.0,0.0,0.0,0.0,0.0,0.0,1.0,0.0,0.0,0.0,1.0,0.0,0.0,0.0,0.0,1.0,0.0,0.0,0.0,0.0,177439.0,-0.04980448969662436
-0.06491841398858939,0.1514596183700998,0.004821921112342431,-0.10990234450424917,0.8512001186919821,0.7772367703207032,-0.9976828844653559,0.29818073040869925,0.0,0.0,0.0,0.0,0.0,0.0,0.0,0.0,0.0,0.0,0.0,0.0,0.0,0.0,1.0,0.0,0.0,0.0,0.0,0.0,0.0,0.0,0.0,0.0,0.0,0.0,0.0,0.0,1.0,0.0,0.0,0.0,0.0,0.0,1.0,0.0,0.0,0.0,0.0,1.0,0.0,0.0,0.0,159900.0,-0.2690768361302775
-0.7656956092022585,-1.7007599224642218,-0.23692926430072223,-0.4994408889370024,-0.10920973422428853,-1.021987401155326,0.2059921720278468,-1.0371220601333149,0.0,0.0,0.0,0.0,0.0,0.0,0.0,0.0,0.0,1.0,0.0,0.0,0.0,0.0,0.0,0.0,0.0,0.0,0.0,0.0,0.0,0.0,0.0,0.0,0.0,0.0,0.0,1.0,0.0,0.0,0.0,0.0,0.0,0.0,1.0,0.0,0.0,0.0,0.0,1.0,0.0,0.0,0.0,100000.0,-1.0179458452742323
-0.7656956092022585,1.1437200866742006,-0.062076370825192344,-0.10990234450424917,-1.4837412668384005,0.7772367703207032,0.2059921720278468,0.29818073040869925,0.0,0.0,0.0,0.0,0.0,0.0,0.0,0.0,0.0,0.0,0.0,0.0,0.0,0.0,0.0,1.0,0.0,0.0,0.0,0.0,0.0,0.0,0.0,0.0,0.0,0.0,0.0,0.0,0.0,1.0,0.0,0.0,0.0,0.0,1.0,0.0,0.0,0.0,1.0,0.0,0.0,0.0,0.0,174000.0,-0.0927988222917172
0.6358587812250798,0.08530892048315974,-0.08467412161345661,1.0978628912495636,0.23662592382124928,0.7772367703207032,1.4096672285210494,0.29818073040869925,0.0,0.0,0.0,0.0,0.0,0.0,0.0,0.0,0.0,0.0,0.0,0.0,0.0,0.0,1.0,0.0,0.0,0.0,0.0,0.0,0.0,0.0,0.0,0.0,0.0,0.0,0.0,0.0,1.0,0.0,0.0,0.0,0.0,0.0,1.0,0.0,0.0,0.0,0.0,1.0,0.0,0.0,0.0,168500.0,-0.16155974967555278
0.6358587812250798,-0.4108213136688907,0.5867699389368507,0.5889180593273734,0.9767582875365404,0.7772367703207032,-2.2013579409585584,0.29818073040869925,0.0,0.0,0.0,0.0,0.0,0.0,0.0,0.0,0.0,0.0,0.0,0.0,0.0,0.0,0.0,0.0,1.0,0.0,0.0,0.0,0.0,0.0,0.0,0.0,0.0,0.0,0.0,0.0,1.0,0.0,0.0,0.0,0.0,0.0,1.0,0.0,0.0,0.0,0.0,1.0,0.0,0.0,0.0,289000.0,1.3449296593702995
-0.06491841398858939,1.1437200866742006,-0.3531622497908537,-0.46616372684978225,0.45029508834619936,0.7772367703207032,-0.9976828844653559,0.29818073040869925,0.0,0.0,0.0,0.0,1.0,0.0,0.0,0.0,0.0,0.0,0.0,0.0,0.0,0.0,0.0,0.0,0.0,0.0,0.0,0.0,0.0,0.0,0.0,0.0,0.0,0.0,0.0,0.0,1.0,0.0,0.0,0.0,0.0,1.0,0.0,0.0,0.0,0.0,1.0,0.0,0.0,0.0,0.0,185000.0,0.04472303247595397
-0.7656956092022585,-1.5353831777468716,-0.5317068550288228,-1.2452408157152886,-0.426409318673699,-1.021987401155326,-0.9976828844653559,-2.372424850675329,0.0,0.0,0.0,0.0,0.0,0.0,0.0,0.0,0.0,0.0,0.0,0.0,1.0,0.0,0.0,0.0,0.0,0.0,0.0,0.0,0.0,0.0,0.0,0.0,0.0,0.0,0.0,0.0,1.0,0.0,0.0,0.0,0.0,0.0,1.0,0.0,0.0,0.0,0.0,1.0,0.0,0.0,0.0,98000.0,-1.0429498188683544
-0.06491841398858939,0.7468158993525603,-0.1738345541790339,0.031036224335741935,-0.7722449767192368,0.7772367703207032,0.2059921720278468,0.29818073040869925,0.0,0.0,0.0,0.0,0.0,0.0,0.0,0.0,0.0,0.0,0.0,0.0,0.0,1.0,0.0,0.0,0.0,0.0,0.0,0.0,0.0,0.0,0.0,0.0,0.0,0.0,0.0,0.0,1.0,0.0,0.0,0.0,0.0,1.0,0.0,0.0,0.0,0.0,1.0,0.0,0.0,0.0,0.0,181316.0,-0.0013342868844188076
-0.7656956092022585,0.41606240991786003,-0.7258013976903994,-0.9046392743519768,-0.04312648746399469,0.7772367703207032,-0.9976828844653559,-1.0371220601333149,0.0,0.0,0.0,0.0,0.0,0.0,0.0,0.0,0.0,0.0,0.0,0.0,1.0,0.0,0.0,0.0,0.0,0.0,0.0,0.0,0.0,0.0,0.0,0.0,0.0,0.0,0.0,0.0,1.0,0.0,0.0,0.0,0.0,0.0,1.0,0.0,0.0,0.0,0.0,1.0,0.0,0.0,0.0,130000.0,-0.6428862413624018
1.336635976438749,0.7468158993525603,0.04397643980487951,1.1017778514951189,2.128809556057663,0.7772367703207032,0.2059921720278468,1.6334835209507133,0.0,0.0,0.0,0.0,0.0,0.0,0.0,0.0,1.0,0.0,0.0,0.0,0.0,0.0,0.0,0.0,0.0,0.0,0.0,0.0,0.0,0.0,0.0,0.0,0.0,0.0,0.0,0.0,1.0,0.0,0.0,0.0,0.0,1.0,0.0,0.0,0.0,0.0,1.0,0.0,0.0,0.0,0.0,315000.0,1.669981316093886
0.6358587812250798,1.0775693887872606,-0.8764903596299636,0.40882988803182924,-0.19291518012066075,0.7772367703207032,0.2059921720278468,0.29818073040869925,0.0,0.0,0.0,0.0,0.0,0.0,0.0,0.0,0.0,0.0,0.0,0.0,1.0,0.0,0.0,0.0,0.0,0.0,0.0,0.0,0.0,0.0,0.0,0.0,0.0,0.0,0.0,1.0,0.0,0.0,0.0,0.0,0.0,1.0,0.0,0.0,0.0,0.0,1.0,0.0,0.0,0.0,0.0,134000.0,-0.5928782941741577
-0.06491841398858939,0.7137405504090902,-0.06621556280126055,-0.05900786131203016,-0.8317198988035013,0.7772367703207032,0.2059921720278468,0.29818073040869925,0.0,0.0,0.0,0.0,0.0,0.0,0.0,0.0,0.0,0.0,0.0,0.0,0.0,1.0,0.0,0.0,0.0,0.0,0.0,0.0,0.0,0.0,0.0,0.0,0.0,0.0,0.0,0.0,0.0,1.0,0.0,0.0,0.0,0.0,1.0,0.0,0.0,0.0,1.0,0.0,0.0,0.0,0.0,185000.0,0.04472303247595397
1.336635976438749,0.21761031625703986,-0.7290456292392097,-0.40156688279811964,-0.0012737645158085818,-1.021987401155326,-2.2013579409585584,0.29818073040869925,0.0,0.0,0.0,0.0,0.0,0.0,0.0,0.0,0.0,0.0,0.0,0.0,0.0,0.0,0.0,0.0,0.0,1.0,0.0,0.0,0.0,0.0,0.0,0.0,0.0,0.0,0.0,0.0,1.0,0.0,0.0,0.0,0.0,1.0,0.0,0.0,0.0,0.0,1.0,0.0,0.0,0.0,0.0,213750.0,0.40415515289145815
-0.7656956092022585,0.2506856652005099,-0.373522599510973,-0.5405479715153331,0.06260670735247548,-2.821211572631355,-0.9976828844653559,0.29818073040869925,1.0,0.0,0.0,0.0,0.0,0.0,0.0,0.0,0.0,0.0,0.0,0.0,0.0,0.0,0.0,0.0,0.0,0.0,0.0,0.0,0.0,0.0,0.0,0.0,0.0,0.0,0.0,1.0,0.0,0.0,0.0,0.0,0.0,0.0,1.0,0.0,0.0,0.0,1.0,0.0,0.0,0.0,0.0,153337.0,-0.35112737547938894
-2.167249999629597,-0.774650152047061,-0.48740631387955224,-0.6208046565492169,-0.9000059204558049,-1.021987401155326,-0.9976828844653559,-1.0371220601333149,0.0,0.0,0.0,0.0,0.0,0.0,0.0,0.0,0.0,1.0,0.0,0.0,0.0,0.0,0.0,0.0,0.0,0.0,0.0,0.0,0.0,0.0,0.0,0.0,0.0,0.0,0.0,1.0,0.0,0.0,0.0,0.0,0.0,0.0,1.0,0.0,0.0,0.0,0.0,1.0,0.0,0.0,0.0,120000.0,-0.767906109333012
1.336635976438749,-1.5353831777468716,-0.5880893619460762,0.3246582427523901,-1.0343751888684023,-1.021987401155326,0.2059921720278468,-1.0371220601333149,0.0,0.0,0.0,0.0,0.0,0.0,0.0,0.0,0.0,1.0,0.0,0.0,0.0,0.0,0.0,0.0,0.0,0.0,0.0,0.0,0.0,0.0,0.0,0.0,0.0,0.0,0.0,1.0,0.0,0.0,0.0,0.0,0.0,1.0,0.0,0.0,0.0,0.0,0.0,1.0,0.0,0.0,0.0,161000.0,-0.2553246506535104
0.6358587812250798,0.6475898525221502,-0.047980744095879,-0.04334802032980893,0.87322786761208,0.7772367703207032,0.2059921720278468,0.29818073040869925,0.0,0.0,1.0,0.0,0.0,0.0,0.0,0.0,0.0,0.0,0.0,0.0,0.0,0.0,0.0,0.0,0.0,0.0,0.0,0.0,0.0,0.0,0.0,0.0,0.0,0.0,0.0,0.0,1.0,0.0,0.0,0.0,0.0,0.0,1.0,0.0,0.0,0.0,1.0,0.0,0.0,0.0,0.0,210000.0,0.3572727024024793
-0.06491841398858939,0.08530892048315974,-0.9004305510591148,-0.348714919483123,-0.44623429270178716,0.7772367703207032,0.2059921720278468,0.29818073040869925,0.0,0.0,0.0,0.0,0.0,0.0,0.0,0.0,0.0,0.0,0.0,0.0,0.0,0.0,0.0,0.0,0.0,0.0,1.0,0.0,0.0,0.0,0.0,0.0,0.0,0.0,0.0,0.0,1.0,0.0,0.0,0.0,0.0,0.0,1.0,0.0,0.0,0.0,0.0,1.0,0.0,0.0,0.0,147000.0,-0.4303524658123646
0.6358587812250798,1.1767954356176706,-0.29756283324745103,-0.4739936473408929,0.41505069007404266,0.7772367703207032,0.2059921720278468,0.29818073040869925,0.0,0.0,0.0,0.0,0.0,0.0,0.0,0.0,0.0,0.0,0.0,0.0,0.0,1.0,0.0,0.0,0.0,0.0,0.0,0.0,0.0,0.0,0.0,0.0,0.0,0.0,0.0,0.0,1.0,0.0,0.0,0.0,0.0,1.0,0.0,0.0,0.0,0.0,1.0,0.0,0.0,0.0,0.0,173500.0,-0.09904981569024769
1.336635976438749,1.1767954356176706,0.5480629004579426,-0.07075274204869608,0.9415138892643836,0.7772367703207032,0.2059921720278468,1.6334835209507133,0.0,0.0,0.0,0.0,1.0,0.0,0.0,0.0,0.0,0.0,0.0,0.0,0.0,0.0,0.0,0.0,0.0,0.0,0.0,0.0,0.0,0.0,0.0,0.0,0.0,0.0,0.0,0.0,1.0,0.0,0.0,0.0,0.0,1.0,0.0,0.0,0.0,0.0,1.0,0.0,0.0,0.0,0.0,282922.0,1.2689425836177626
-1.4664728044159276,-2.3622669013336224,-0.6216503779682508,0.6730897046068125,-0.7678394269352172,-1.021987401155326,0.2059921720278468,-1.0371220601333149,0.0,0.0,0.0,0.0,0.0,0.0,0.0,0.0,0.0,1.0,0.0,0.0,0.0,0.0,0.0,0.0,0.0,0.0,0.0,0.0,0.0,0.0,0.0,0.0,0.0,0.0,0.0,0.0,0.0,0.0,1.0,0.0,0.0,0.0,1.0,0.0,0.0,0.0,0.0,1.0,0.0,0.0,0.0,80400.0,-1.2629847864966282
-0.7656956092022585,-1.2046296883121714,1.2220799722366165,3.1042800170966593,-0.8625587472916384,2.5764609417967326,1.4096672285210494,1.6334835209507133,0.0,1.0,0.0,0.0,0.0,0.0,0.0,0.0,0.0,0.0,0.0,0.0,0.0,0.0,0.0,0.0,0.0,0.0,0.0,0.0,0.0,0.0,0.0,0.0,0.0,0.0,0.0,0.0,0.0,1.0,0.0,0.0,0.0,1.0,0.0,0.0,0.0,0.0,0.0,1.0,0.0,0.0,0.0,301600.0,1.5024546930132683
-0.7656956092022585,0.2506856652005099,-0.373522599510973,0.06822834666851736,-2.3296068253701616,0.7772367703207032,1.4096672285210494,0.29818073040869925,1.0,0.0,0.0,0.0,0.0,0.0,0.0,0.0,0.0,0.0,0.0,0.0,0.0,0.0,0.0,0.0,0.0,0.0,0.0,0.0,0.0,0.0,0.0,0.0,0.0,0.0,0.0,0.0,1.0,0.0,0.0,0.0,0.0,0.0,1.0,0.0,0.0,0.0,0.0,1.0,0.0,0.0,0.0,118964.0,-0.7808581676547672
1.336635976438749,1.1767954356176706,0.1647960974847082,0.08193070752796094,1.067072058108942,0.7772367703207032,0.2059921720278468,1.6334835209507133,0.0,0.0,0.0,0.0,1.0,0.0,0.0,0.0,0.0,0.0,0.0,0.0,0.0,0.0,0.0,0.0,0.0,0.0,0.0,0.0,0.0,0.0,0.0,0.0,0.0,0.0,0.0,0.0,1.0,0.0,0.0,0.0,0.0,1.0,0.0,0.0,0.0,0.0,1.0,0.0,0.0,0.0,0.0,260261.0,0.985635060809563
-0.06491841398858939,-1.3700064330295214,-0.3531622497908537,-1.0103432009819702,-0.1620763316325236,-1.021987401155326,0.2059921720278468,-1.0371220601333149,0.0,0.0,0.0,0.0,0.0,0.0,0.0,0.0,0.0,0.0,0.0,0.0,0.0,0.0,0.0,0.0,0.0,0.0,0.0,1.0,0.0,0.0,0.0,0.0,0.0,0.0,0.0,1.0,0.0,0.0,0.0,0.0,0.0,0.0,1.0,0.0,0.0,0.0,0.0,1.0,0.0,0.0,0.0,90000.0,-1.1429657132448423
0.6358587812250798,0.11838426942662977,-0.9035629125545178,-1.300050259153063,-0.48808701564997325,-1.021987401155326,-0.9976828844653559,-1.0371220601333149,0.0,0.0,0.0,0.0,0.0,0.0,0.0,0.0,0.0,0.0,0.0,0.0,0.0,0.0,0.0,0.0,0.0,0.0,1.0,0.0,0.0,0.0,0.0,0.0,0.0,0.0,0.0,0.0,1.0,0.0,0.0,0.0,0.0,0.0,1.0,0.0,0.0,0.0,1.0,0.0,0.0,0.0,0.0,120000.0,-0.767906109333012
-0.06491841398858939,-0.04699247529072038,0.20115386484206407,0.30704092164739116,1.3203911706900684,0.7772367703207032,0.2059921720278468,0.29818073040869925,0.0,1.0,0.0,0.0,0.0,0.0,0.0,0.0,0.0,0.0,0.0,0.0,0.0,0.0,0.0,0.0,0.0,0.0,0.0,0.0,0.0,0.0,0.0,0.0,0.0,0.0,0.0,0.0,1.0,0.0,0.0,0.0,0.0,0.0,1.0,0.0,0.0,0.0,1.0,0.0,0.0,0.0,0.0,163500.0,-0.22406968366085783
-0.7656956092022585,-0.04699247529072038,-0.17976366700961807,-0.9751085587719723,-0.1224263835763473,-1.021987401155326,0.2059921720278468,0.29818073040869925,0.0,1.0,0.0,0.0,0.0,0.0,0.0,0.0,0.0,0.0,0.0,0.0,0.0,0.0,0.0,0.0,0.0,0.0,0.0,0.0,0.0,0.0,0.0,0.0,0.0,0.0,0.0,1.0,0.0,0.0,0.0,0.0,0.0,0.0,1.0,0.0,0.0,0.0,0.0,1.0,0.0,0.0,0.0,148500.0,-0.41159948561677306
-0.06491841398858939,0.7798912482960303,-0.06554434248081706,2.571845423701137,0.04278173332438732,0.7772367703207032,1.4096672285210494,0.29818073040869925,1.0,0.0,0.0,0.0,0.0,0.0,0.0,0.0,0.0,0.0,0.0,0.0,0.0,0.0,0.0,0.0,0.0,0.0,0.0,0.0,0.0,0.0,0.0,0.0,0.0,0.0,0.0,0.0,0.0,1.0,0.0,0.0,0.0,1.0,0.0,0.0,0.0,0.0,1.0,0.0,0.0,0.0,0.0,260000.0,0.9823720422555301
0.6358587812250798,-1.0061775946513511,0.1838140065639405,0.12499527022906934,-0.7788533013952662,-1.021987401155326,0.2059921720278468,-1.0371220601333149,0.0,0.0,0.0,0.0,0.0,0.0,0.0,0.0,0.0,0.0,0.0,0.0,0.0,0.0,0.0,0.0,1.0,0.0,0.0,0.0,0.0,0.0,0.0,0.0,0.0,0.0,0.0,0.0,1.0,0.0,0.0,0.0,0.0,0.0,0.0,0.0,1.0,0.0,0.0,1.0,0.0,0.0,0.0,174500.0,-0.08654782889318668
0.6358587812250798,1.1437200866742006,-0.6804940260604637,-0.507270809428113,0.4040368156139937,-1.021987401155326,-2.2013579409585584,0.29818073040869925,0.0,0.0,0.0,0.0,1.0,0.0,0.0,0.0,0.0,0.0,0.0,0.0,0.0,0.0,0.0,0.0,0.0,0.0,0.0,0.0,0.0,0.0,0.0,0.0,0.0,0.0,0.0,0.0,1.0,0.0,0.0,0.0,0.0,1.0,0.0,0.0,0.0,0.0,1.0,0.0,0.0,0.0,0.0,199900.0,0.2310026357521631
-0.7656956092022585,-0.47697201155583074,-0.1679054413484497,-0.6345070174086606,0.260856447633357,-1.021987401155326,0.2059921720278468,-1.0371220601333149,0.0,1.0,0.0,0.0,0.0,0.0,0.0,0.0,0.0,0.0,0.0,0.0,0.0,0.0,0.0,0.0,0.0,0.0,0.0,0.0,0.0,0.0,0.0,0.0,0.0,0.0,0.0,0.0,1.0,0.0,0.0,0.0,0.0,0.0,1.0,0.0,0.0,0.0,0.0,1.0,0.0,0.0,0.0,136500.0,-0.5616233271815052
-0.06491841398858939,-1.7007599224642218,1.2779031288868337,0.09759054851018217,-0.5299397385981593,-1.021987401155326,0.2059921720278468,-1.0371220601333149,0.0,0.0,0.0,0.0,0.0,0.0,0.0,0.0,0.0,0.0,0.0,0.0,0.0,0.0,0.0,0.0,1.0,0.0,0.0,0.0,0.0,0.0,0.0,0.0,0.0,0.0,0.0,1.0,0.0,0.0,0.0,0.0,0.0,0.0,1.0,0.0,0.0,0.0,0.0,1.0,0.0,0.0,0.0,195000.0,0.16974290044656412
-0.06491841398858939,0.11838426942662977,-0.9004305510591148,-0.08641258303091733,-0.44623429270178716,0.7772367703207032,1.4096672285210494,0.29818073040869925,0.0,0.0,0.0,0.0,0.0,0.0,0.0,0.0,0.0,0.0,0.0,0.0,0.0,0.0,0.0,0.0,0.0,0.0,1.0,0.0,0.0,0.0,0.0,0.0,0.0,0.0,0.0,0.0,1.0,0.0,0.0,0.0,0.0,0.0,1.0,0.0,0.0,0.0,1.0,0.0,0.0,0.0,0.0,143000.0,-0.48036041300060867
-0.7656956092022585,-1.0392529435948212,-0.08467412161345661,-0.37611964120201014,-0.7259867039870311,-1.021987401155326,-0.9976828844653559,-1.0371220601333149,0.0,0.0,0.0,0.0,0.0,0.0,0.0,0.0,0.0,0.0,0.0,0.0,0.0,0.0,0.0,0.0,1.0,0.0,0.0,0.0,0.0,0.0,0.0,0.0,0.0,0.0,0.0,1.0,0.0,0.0,0.0,0.0,0.0,0.0,1.0,0.0,0.0,0.0,0.0,1.0,0.0,0.0,0.0,160000.0,-0.2678266374505714
1.336635976438749,1.1767954356176706,0.02999268312897341,0.3129133620157242,1.3269994953660977,0.7772367703207032,0.2059921720278468,1.6334835209507133,0.0,0.0,0.0,0.0,1.0,0.0,0.0,0.0,0.0,0.0,0.0,0.0,0.0,0.0,0.0,0.0,0.0,0.0,0.0,0.0,0.0,0.0,0.0,0.0,0.0,0.0,0.0,0.0,1.0,0.0,0.0,0.0,0.0,1.0,0.0,0.0,0.0,0.0,1.0,0.0,0.0,0.0,0.0,256000.0,0.932364095067286
-0.7656956092022585,0.18453496731356983,-0.025942343574650986,0.45776689110127056,-2.3296068253701616,0.7772367703207032,1.4096672285210494,0.29818073040869925,0.0,0.0,1.0,0.0,0.0,0.0,0.0,0.0,0.0,0.0,0.0,0.0,0.0,0.0,0.0,0.0,0.0,0.0,0.0,0.0,0.0,0.0,0.0,0.0,0.0,0.0,0.0,0.0,1.0,0.0,0.0,0.0,0.0,1.0,0.0,0.0,0.0,0.0,0.0,1.0,0.0,0.0,0.0,126000.0,-0.6928941885506459
-0.7656956092022585,-1.5353831777468716,-0.31893001344823557,-0.6677841794958806,-0.684133981038845,-1.021987401155326,0.2059921720278468,-1.0371220601333149,0.0,0.0,0.0,0.0,0.0,0.0,0.0,0.0,0.0,1.0,0.0,0.0,0.0,0.0,0.0,0.0,0.0,0.0,0.0,0.0,0.0,0.0,0.0,0.0,0.0,0.0,0.0,1.0,0.0,0.0,0.0,0.0,0.0,0.0,1.0,0.0,0.0,0.0,0.0,1.0,0.0,0.0,0.0,114000.0,-0.842918030115378
-0.06491841398858939,-1.7007599224642218,-0.035227558007452635,-1.243283335592511,-0.8757753966436972,-1.021987401155326,-0.9976828844653559,-1.0371220601333149,0.0,0.0,0.0,0.0,0.0,0.0,0.0,0.0,0.0,0.0,0.0,0.0,1.0,0.0,0.0,0.0,0.0,0.0,0.0,0.0,0.0,0.0,0.0,0.0,0.0,0.0,0.0,1.0,0.0,0.0,0.0,0.0,0.0,0.0,1.0,0.0,0.0,0.0,0.0,1.0,0.0,0.0,0.0,108500.0,-0.9116789574992137
-0.7656956092022585,-0.675424105216651,-0.3363817417797664,-1.072982564910855,-0.23256512817683705,-1.021987401155326,-0.9976828844653559,0.29818073040869925,0.0,1.0,0.0,0.0,0.0,0.0,0.0,0.0,0.0,0.0,0.0,0.0,0.0,0.0,0.0,0.0,0.0,0.0,0.0,0.0,0.0,0.0,0.0,0.0,0.0,0.0,0.0,1.0,0.0,0.0,0.0,0.0,0.0,0.0,1.0,0.0,0.0,0.0,0.0,1.0,0.0,0.0,0.0,139000.0,-0.5303683601888527
-2.167249999629597,-1.3700064330295214,0.005940621646414919,-1.5408203142547146,-0.7590283273671781,-1.021987401155326,-0.9976828844653559,-1.0371220601333149,0.0,0.0,0.0,0.0,0.0,0.0,0.0,0.0,0.0,1.0,0.0,0.0,0.0,0.0,0.0,0.0,0.0,0.0,0.0,0.0,0.0,0.0,0.0,0.0,0.0,0.0,0.0,1.0,0.0,0.0,0.0,0.0,0.0,1.0,0.0,0.0,0.0,0.0,0.0,1.0,0.0,0.0,0.0,99800.0,-1.0204462426336445
0.6358587812250798,0.5814391546352101,0.2733100492897395,0.28159368005128166,1.014205460700707,0.7772367703207032,-0.9976828844653559,0.29818073040869925,1.0,0.0,0.0,0.0,0.0,0.0,0.0,0.0,0.0,0.0,0.0,0.0,0.0,0.0,0.0,0.0,0.0,0.0,0.0,0.0,0.0,0.0,0.0,0.0,0.0,0.0,0.0,0.0,1.0,0.0,0.0,0.0,0.0,1.0,0.0,0.0,0.0,0.0,1.0,0.0,0.0,0.0,0.0,275000.0,1.1699018442114453
-0.06491841398858939,-1.833061318238102,0.17128456058232863,1.2407589402123322,-0.4704648165138949,0.7772367703207032,2.613342285014252,0.29818073040869925,0.0,0.0,0.0,0.0,0.0,0.0,0.0,0.0,0.0,0.0,0.0,1.0,0.0,0.0,0.0,0.0,0.0,0.0,0.0,0.0,0.0,0.0,0.0,0.0,0.0,0.0,0.0,1.0,0.0,0.0,0.0,0.0,0.0,1.0,0.0,0.0,0.0,0.0,0.0,1.0,0.0,0.0,0.0,214500.0,0.4135316429892539
1.336635976438749,0.9783433419568505,0.1709489504221069,0.7278991480445869,0.5317977593505618,0.7772367703207032,0.2059921720278468,0.29818073040869925,0.0,0.0,0.0,0.0,0.0,0.0,0.0,1.0,0.0,0.0,0.0,0.0,0.0,0.0,0.0,0.0,0.0,0.0,0.0,0.0,0.0,0.0,0.0,0.0,0.0,0.0,0.0,0.0,0.0,1.0,0.0,0.0,0.0,0.0,0.0,1.0,0.0,0.0,1.0,0.0,0.0,0.0,0.0,261500.0,1.0011250224511217
-0.06491841398858939,1.1106447377307307,-0.24968245038914857,0.4225322488912728,-0.43962596802575776,0.7772367703207032,0.2059921720278468,0.29818073040869925,0.0,0.0,0.0,0.0,1.0,0.0,0.0,0.0,0.0,0.0,0.0,0.0,0.0,0.0,0.0,0.0,0.0,0.0,0.0,0.0,0.0,0.0,0.0,0.0,0.0,0.0,0.0,0.0,1.0,0.0,0.0,0.0,0.0,1.0,0.0,0.0,0.0,0.0,1.0,0.0,0.0,0.0,0.0,200825.0,0.24256697353944454
-0.7656956092022585,-0.0800678242341904,-0.06867670397622003,-0.37611964120201014,-0.7436089031231095,-1.021987401155326,0.2059921720278468,0.29818073040869925,0.0,0.0,0.0,0.0,0.0,0.0,0.0,0.0,0.0,0.0,0.0,0.0,0.0,0.0,1.0,0.0,0.0,0.0,0.0,0.0,0.0,0.0,0.0,0.0,0.0,0.0,0.0,1.0,0.0,0.0,0.0,0.0,0.0,0.0,1.0,0.0,0.0,0.0,0.0,1.0,0.0,0.0,0.0,146900.0,-0.4316026644920707
-0.7656956092022585,-0.675424105216651,0.5673045496439894,-1.2060912132597357,-0.3823538208335031,-1.021987401155326,-0.9976828844653559,-1.0371220601333149,0.0,1.0,0.0,0.0,0.0,0.0,0.0,0.0,0.0,0.0,0.0,0.0,0.0,0.0,0.0,0.0,0.0,0.0,0.0,0.0,0.0,0.0,0.0,0.0,0.0,0.0,0.0,0.0,1.0,0.0,0.0,0.0,0.0,0.0,1.0,0.0,0.0,0.0,0.0,1.0,0.0,0.0,0.0,142000.0,-0.49286239979766966
0.6358587812250798,1.1106447377307307,0.0638893093113698,-0.08641258303091733,-0.7259867039870311,0.7772367703207032,0.2059921720278468,0.29818073040869925,0.0,0.0,0.0,0.0,0.0,0.0,0.0,0.0,0.0,0.0,0.0,0.0,0.0,1.0,0.0,0.0,0.0,0.0,0.0,0.0,0.0,0.0,0.0,0.0,0.0,0.0,0.0,0.0,1.0,0.0,0.0,0.0,0.0,1.0,0.0,0.0,0.0,0.0,1.0,0.0,0.0,0.0,0.0,184000.0,0.03222104567889295
1.336635976438749,0.1514596183700998,-0.08467412161345661,1.955239185026176,-1.4661190677023221,0.7772367703207032,1.4096672285210494,0.29818073040869925,0.0,0.0,0.0,0.0,0.0,0.0,0.0,0.0,0.0,0.0,0.0,0.0,0.0,0.0,0.0,0.0,0.0,0.0,0.0,0.0,1.0,0.0,0.0,0.0,0.0,0.0,0.0,0.0,1.0,0.0,0.0,0.0,0.0,0.0,1.0,0.0,0.0,0.0,0.0,1.0,0.0,0.0,0.0,180500.0,-0.011535908110820595
-0.06491841398858939,-0.11314317317766043,0.15025299054176586,-0.16471178794202349,-0.770042201827227,0.7772367703207032,0.2059921720278468,0.29818073040869925,0.0,0.0,0.0,0.0,0.0,0.0,0.0,0.0,0.0,0.0,0.0,0.0,0.0,0.0,1.0,0.0,0.0,0.0,0.0,0.0,0.0,0.0,0.0,0.0,0.0,0.0,0.0,0.0,1.0,0.0,0.0,0.0,0.0,0.0,1.0,0.0,0.0,0.0,0.0,1.0,0.0,0.0,0.0,179900.0,-0.019037100189057205
-0.7656956092022585,-0.34467061578195063,-0.08467412161345661,-0.13143462585480337,0.42606456453409164,-1.021987401155326,0.2059921720278468,0.29818073040869925,0.0,1.0,0.0,0.0,0.0,0.0,0.0,0.0,0.0,0.0,0.0,0.0,0.0,0.0,0.0,0.0,0.0,0.0,0.0,0.0,0.0,0.0,0.0,0.0,0.0,0.0,0.0,0.0,1.0,0.0,0.0,0.0,0.0,0.0,1.0,0.0,0.0,0.0,0.0,1.0,0.0,0.0,0.0,161000.0,-0.2553246506535104
-0.06491841398858939,0.01915822259621968,-0.9471922333833448,-0.9202991153341981,-1.2414360287173232,-1.021987401155326,0.2059921720278468,-1.0371220601333149,0.0,0.0,0.0,0.0,0.0,0.0,0.0,0.0,0.0,0.0,0.0,0.0,0.0,0.0,0.0,0.0,0.0,0.0,0.0,0.0,0.0,1.0,0.0,0.0,0.0,0.0,0.0,1.0,0.0,0.0,0.0,0.0,0.0,0.0,1.0,0.0,0.0,0.0,0.0,1.0,0.0,0.0,0.0,116000.0,-0.817914056521256
1.336635976438749,0.9121926440699104,-0.8627303430608719,-0.11577478487258214,-0.620253509170561,0.7772367703207032,-0.9976828844653559,0.29818073040869925,0.0,0.0,0.0,0.0,1.0,0.0,0.0,0.0,0.0,0.0,0.0,0.0,0.0,0.0,0.0,0.0,0.0,0.0,0.0,0.0,0.0,0.0,0.0,0.0,0.0,0.0,0.0,1.0,0.0,0.0,0.0,0.0,0.0,1.0,0.0,0.0,0.0,0.0,1.0,0.0,0.0,0.0,0.0,174000.0,-0.0927988222917172
-0.06491841398858939,-1.0723282925382913,-0.14508395045337094,-0.4739936473408929,-1.0960528858446767,-1.021987401155326,-0.9976828844653559,-1.0371220601333149,0.0,0.0,0.0,0.0,0.0,0.0,0.0,0.0,0.0,0.0,0.0,0.0,1.0,0.0,0.0,0.0,0.0,0.0,0.0,0.0,0.0,0.0,0.0,0.0,0.0,0.0,0.0,1.0,0.0,0.0,0.0,0.0,0.0,0.0,1.0,0.0,0.0,0.0,0.0,1.0,0.0,0.0,0.0,105000.0,-0.9554359112889272
-0.7656956092022585,0.18453496731356983,0.6648552362151103,-1.1610691704358496,-0.39997601996958143,-1.021987401155326,0.2059921720278468,-1.0371220601333149,0.0,0.0,0.0,0.0,0.0,0.0,0.0,1.0,0.0,0.0,0.0,0.0,0.0,0.0,0.0,0.0,0.0,0.0,0.0,0.0,0.0,0.0,0.0,0.0,0.0,0.0,0.0,0.0,1.0,0.0,0.0,0.0,0.0,0.0,1.0,0.0,0.0,0.0,1.0,0.0,0.0,0.0,0.0,130000.0,-0.6428862413624018
-0.7656956092022585,-1.3700064330295214,-0.7558944420569493,-0.27824563506312744,-0.8163004745594327,-1.021987401155326,0.2059921720278468,-1.0371220601333149,0.0,0.0,0.0,0.0,0.0,0.0,0.0,0.0,0.0,1.0,0.0,0.0,0.0,0.0,0.0,0.0,0.0,0.0,0.0,0.0,0.0,0.0,0.0,0.0,0.0,0.0,0.0,1.0,0.0,0.0,0.0,0.0,0.0,1.0,0.0,0.0,0.0,0.0,0.0,1.0,0.0,0.0,0.0,124500.0,-0.7116471687462375
1.336635976438749,1.0114186909003204,-0.29163372041686686,-0.15883934757369053,-1.4308746694301655,0.7772367703207032,0.2059921720278468,0.29818073040869925,0.0,0.0,0.0,0.0,0.0,0.0,0.0,0.0,0.0,0.0,0.0,0.0,0.0,1.0,0.0,0.0,0.0,0.0,0.0,0.0,0.0,0.0,0.0,0.0,0.0,0.0,0.0,0.0,0.0,1.0,0.0,0.0,0.0,1.0,0.0,0.0,0.0,0.0,1.0,0.0,0.0,0.0,0.0,184100.0,0.03347124435859906
0.6358587812250798,1.0444940398437905,0.10740676008678958,0.3285732029979454,-0.4792759160819341,0.7772367703207032,0.2059921720278468,0.29818073040869925,0.0,0.0,0.0,0.0,0.0,0.0,0.0,1.0,0.0,0.0,0.0,0.0,0.0,0.0,0.0,0.0,0.0,0.0,0.0,0.0,0.0,0.0,0.0,0.0,0.0,0.0,0.0,0.0,1.0,0.0,0.0,0.0,0.0,1.0,0.0,0.0,0.0,0.0,1.0,0.0,0.0,0.0,0.0,180000.0,-0.017786901509351104
-0.06491841398858939,0.2837610141439799,-0.9404800301789099,0.10933542924684811,-0.7524200026911486,0.7772367703207032,0.2059921720278468,0.29818073040869925,0.0,0.0,0.0,0.0,0.0,0.0,0.0,0.0,0.0,0.0,0.0,0.0,0.0,0.0,0.0,0.0,0.0,0.0,0.0,0.0,0.0,0.0,1.0,0.0,0.0,0.0,0.0,0.0,1.0,0.0,0.0,0.0,0.0,0.0,1.0,0.0,0.0,0.0,1.0,0.0,0.0,0.0,0.0,151000.0,-0.3803445186241205
-0.7656956092022585,0.01915822259621968,-0.3531622497908537,-1.1865164120319591,-0.36032607191340515,-1.021987401155326,-0.9976828844653559,0.29818073040869925,0.0,0.0,0.0,0.0,0.0,0.0,0.0,1.0,0.0,0.0,0.0,0.0,0.0,0.0,0.0,0.0,0.0,0.0,0.0,0.0,0.0,0.0,0.0,0.0,0.0,0.0,0.0,1.0,0.0,0.0,0.0,0.0,0.0,0.0,1.0,0.0,0.0,0.0,0.0,1.0,0.0,0.0,0.0,123000.0,-0.7304001489418289
1.336635976438749,1.1437200866742006,-0.1786449664755456,-0.0002834576287005348,0.9503249888324228,0.7772367703207032,0.2059921720278468,0.29818073040869925,0.0,0.0,0.0,0.0,0.0,0.0,0.0,1.0,0.0,0.0,0.0,0.0,0.0,0.0,0.0,0.0,0.0,0.0,0.0,0.0,0.0,0.0,0.0,0.0,0.0,0.0,0.0,0.0,1.0,0.0,0.0,0.0,0.0,1.0,0.0,0.0,0.0,0.0,1.0,0.0,0.0,0.0,0.0,212999.0,0.39476616080686533
-1.4664728044159276,-1.5353831777468716,-0.017552089569107327,-1.8168250115663638,-1.0696195871405592,-1.021987401155326,-0.9976828844653559,-1.0371220601333149,0.0,0.0,0.0,0.0,0.0,0.0,0.0,0.0,0.0,0.0,0.0,0.0,0.0,0.0,0.0,0.0,0.0,0.0,0.0,1.0,0.0,0.0,0.0,0.0,0.0,0.0,0.0,1.0,0.0,0.0,0.0,0.0,0.0,0.0,1.0,0.0,0.0,0.0,0.0,1.0,0.0,0.0,0.0,75000.0,-1.3304955152007576
-0.7656956092022585,-0.04699247529072038,0.1654673178051517,0.29725352103350294,1.3093772962300194,0.7772367703207032,1.4096672285210494,1.6334835209507133,0.0,0.0,1.0,0.0,0.0,0.0,0.0,0.0,0.0,0.0,0.0,0.0,0.0,0.0,0.0,0.0,0.0,0.0,0.0,0.0,0.0,0.0,0.0,0.0,0.0,0.0,0.0,0.0,0.0,0.0,0.0,1.0,0.0,0.0,1.0,0.0,0.0,0.0,0.0,1.0,0.0,0.0,0.0,146500.0,-0.4366034592108951
0.6358587812250798,-1.3700064330295214,-0.32530660649244875,-0.767615665757541,-0.9264392191599224,-1.021987401155326,0.2059921720278468,-1.0371220601333149,0.0,0.0,0.0,0.0,0.0,0.0,0.0,0.0,0.0,0.0,0.0,0.0,0.0,0.0,0.0,0.0,0.0,0.0,0.0,1.0,0.0,0.0,0.0,0.0,0.0,0.0,0.0,0.0,1.0,0.0,0.0,0.0,0.0,1.0,0.0,0.0,0.0,0.0,0.0,1.0,0.0,0.0,0.0,139400.0,-0.5253675654700283
-0.7656956092022585,-1.3700064330295214,-0.10268520021202365,-0.49356844856866944,-0.3206761238572288,-1.021987401155326,-0.9976828844653559,-1.0371220601333149,0.0,0.0,0.0,0.0,0.0,0.0,0.0,0.0,0.0,1.0,0.0,0.0,0.0,0.0,0.0,0.0,0.0,0.0,0.0,0.0,0.0,0.0,0.0,0.0,0.0,0.0,0.0,1.0,0.0,0.0,0.0,0.0,0.0,0.0,1.0,0.0,0.0,0.0,0.0,1.0,0.0,0.0,0.0,87000.0,-1.1804716736360255
-0.7656956092022585,-0.24544456895154054,0.01600892645306731,-0.40743932316645265,0.5163783351064932,-1.021987401155326,0.2059921720278468,0.29818073040869925,0.0,1.0,0.0,0.0,0.0,0.0,0.0,0.0,0.0,0.0,0.0,0.0,0.0,0.0,0.0,0.0,0.0,0.0,0.0,0.0,0.0,0.0,0.0,0.0,0.0,0.0,0.0,1.0,0.0,0.0,0.0,0.0,0.0,0.0,1.0,0.0,0.0,0.0,0.0,1.0,0.0,0.0,0.0,145100.0,-0.4541062407267805
-0.7656956092022585,-0.21236922000807051,0.30150130274836623,-0.932043996070864,-0.07396533595213181,-1.021987401155326,0.2059921720278468,-1.0371220601333149,0.0,0.0,0.0,0.0,0.0,1.0,0.0,0.0,0.0,0.0,0.0,0.0,0.0,0.0,0.0,0.0,0.0,0.0,0.0,0.0,0.0,0.0,0.0,0.0,0.0,0.0,0.0,0.0,1.0,0.0,0.0,0.0,0.0,0.0,1.0,0.0,0.0,0.0,0.0,1.0,0.0,0.0,0.0,120875.0,-0.7569668708855836
-1.4664728044159276,-1.7007599224642218,-0.30539373698595845,0.39317004704960795,-1.007941890164285,0.7772367703207032,1.4096672285210494,-2.372424850675329,0.0,0.0,0.0,0.0,0.0,0.0,0.0,0.0,0.0,1.0,0.0,0.0,0.0,0.0,0.0,0.0,0.0,0.0,0.0,0.0,0.0,0.0,0.0,0.0,0.0,0.0,0.0,0.0,1.0,0.0,0.0,0.0,0.0,0.0,0.0,0.0,1.0,0.0,0.0,0.0,0.0,1.0,0.0,94550.0,-1.0860816733182148
-0.06491841398858939,-0.4438966626123607,0.002808260151011953,-0.7930629073536505,-1.0343751888684023,-1.021987401155326,-0.9976828844653559,-1.0371220601333149,0.0,1.0,0.0,0.0,0.0,0.0,0.0,0.0,0.0,0.0,0.0,0.0,0.0,0.0,0.0,0.0,0.0,0.0,0.0,0.0,0.0,0.0,0.0,0.0,0.0,0.0,0.0,0.0,1.0,0.0,0.0,0.0,0.0,0.0,1.0,0.0,0.0,0.0,0.0,1.0,0.0,0.0,0.0,140000.0,-0.5178663733917916
-0.06491841398858939,1.1767954356176706,0.07966298684179188,-0.2038613903975766,-0.9903196910282065,0.7772367703207032,0.2059921720278468,0.29818073040869925,0.0,0.0,0.0,0.0,0.0,0.0,0.0,1.0,0.0,0.0,0.0,0.0,0.0,0.0,0.0,0.0,0.0,0.0,0.0,0.0,0.0,0.0,0.0,0.0,0.0,0.0,0.0,0.0,0.0,1.0,0.0,0.0,0.0,1.0,0.0,0.0,0.0,0.0,1.0,0.0,0.0,0.0,0.0,170000.0,-0.14280676947996124
0.6358587812250798,1.1106447377307307,-0.8028798644879939,-0.5875274944619968,-1.007941890164285,0.7772367703207032,-0.9976828844653559,0.29818073040869925,0.0,0.0,0.0,0.0,1.0,0.0,0.0,0.0,0.0,0.0,0.0,0.0,0.0,0.0,0.0,0.0,0.0,0.0,0.0,0.0,0.0,0.0,0.0,0.0,0.0,0.0,0.0,1.0,0.0,0.0,0.0,0.0,0.0,1.0,0.0,0.0,0.0,0.0,1.0,0.0,0.0,0.0,0.0,151000.0,-0.3803445186241205
-0.06491841398858939,0.18453496731356983,-0.7063360083975382,-0.8439573905458695,0.025159534188308956,0.7772367703207032,-0.9976828844653559,0.29818073040869925,0.0,0.0,0.0,0.0,0.0,0.0,0.0,0.0,0.0,0.0,0.0,0.0,0.0,0.0,0.0,0.0,0.0,0.0,1.0,0.0,0.0,0.0,0.0,0.0,0.0,0.0,0.0,0.0,1.0,0.0,0.0,0.0,0.0,0.0,1.0,0.0,0.0,0.0,1.0,0.0,0.0,0.0,0.0,127500.0,-0.6741412083550543
-0.7656956092022585,-0.17929387106460049,0.03950163766858956,-0.7441259042842092,-0.426409318673699,-1.021987401155326,0.2059921720278468,0.29818073040869925,0.0,1.0,0.0,0.0,0.0,0.0,0.0,0.0,0.0,0.0,0.0,0.0,0.0,0.0,0.0,0.0,0.0,0.0,0.0,0.0,0.0,0.0,0.0,0.0,0.0,0.0,0.0,0.0,1.0,0.0,0.0,0.0,0.0,0.0,1.0,0.0,0.0,0.0,0.0,1.0,0.0,0.0,0.0,148800.0,-0.40784888957765475
-0.06491841398858939,0.9121926440699104,1.6025500238746697,0.34227556385738894,-0.4770731411899243,0.7772367703207032,0.2059921720278468,0.29818073040869925,0.0,0.0,0.0,0.0,0.0,0.0,0.0,0.0,0.0,0.0,0.0,0.0,0.0,1.0,0.0,0.0,0.0,0.0,0.0,0.0,0.0,0.0,0.0,0.0,0.0,0.0,0.0,0.0,0.0,1.0,0.0,0.0,0.0,0.0,1.0,0.0,0.0,0.0,1.0,0.0,0.0,0.0,0.0,181000.0,-0.005284914712290088
-0.06491841398858939,-0.6423487562731809,-0.010168666044228907,0.07018582679129502,-0.6378757083066393,-1.021987401155326,1.4096672285210494,-1.0371220601333149,0.0,0.0,0.0,0.0,0.0,0.0,0.0,0.0,0.0,0.0,0.0,0.0,0.0,0.0,0.0,0.0,0.0,0.0,0.0,1.0,0.0,0.0,0.0,0.0,0.0,0.0,0.0,1.0,0.0,0.0,0.0,0.0,0.0,0.0,1.0,0.0,0.0,0.0,0.0,1.0,0.0,0.0,0.0,136000.0,-0.5678743205800357
2.738190366866087,1.1106447377307307,0.5676401598042111,1.0685006894078988,2.062726309297369,0.7772367703207032,-0.9976828844653559,1.6334835209507133,0.0,0.0,0.0,1.0,0.0,0.0,0.0,0.0,0.0,0.0,0.0,0.0,0.0,0.0,0.0,0.0,0.0,0.0,0.0,0.0,0.0,0.0,0.0,0.0,0.0,0.0,0.0,0.0,1.0,0.0,0.0,0.0,0.0,0.0,0.0,1.0,0.0,0.0,0.0,0.0,1.0,0.0,0.0,450000.0,3.357749533697123
0.6358587812250798,1.1106447377307307,-0.36971901769512655,-0.26650075432646153,0.6749781273311984,0.7772367703207032,-0.9976828844653559,0.29818073040869925,0.0,0.0,0.0,1.0,0.0,0.0,0.0,0.0,0.0,0.0,0.0,0.0,0.0,0.0,0.0,0.0,0.0,0.0,0.0,0.0,0.0,0.0,0.0,0.0,0.0,0.0,0.0,0.0,1.0,0.0,0.0,0.0,0.0,1.0,0.0,0.0,0.0,0.0,1.0,0.0,0.0,0.0,0.0,185850.0,0.05534972125345583
-0.7656956092022585,-0.4438966626123607,-0.08791835316226682,-0.4387590051308951,0.48113393683433653,-1.021987401155326,0.2059921720278468,-1.0371220601333149,0.0,0.0,0.0,0.0,0.0,0.0,0.0,0.0,0.0,0.0,0.0,0.0,1.0,0.0,0.0,0.0,0.0,0.0,0.0,0.0,0.0,0.0,0.0,0.0,0.0,0.0,0.0,0.0,1.0,0.0,0.0,0.0,0.0,0.0,1.0,0.0,0.0,0.0,0.0,1.0,0.0,0.0,0.0,60000.0,-1.5180253171566729
0.6358587812250798,1.0444940398437905,0.27040142790115107,0.3187858023840571,-0.4902897905419831,0.7772367703207032,0.2059921720278468,0.29818073040869925,1.0,0.0,0.0,0.0,0.0,0.0,0.0,0.0,0.0,0.0,0.0,0.0,0.0,0.0,0.0,0.0,0.0,0.0,0.0,0.0,0.0,0.0,0.0,0.0,0.0,0.0,0.0,0.0,1.0,0.0,0.0,0.0,0.0,1.0,0.0,0.0,0.0,0.0,1.0,0.0,0.0,0.0,0.0,192500.0,0.13848793345391158
-0.06491841398858939,0.6806652014656203,-0.08064679969079565,0.1817621937896213,-0.5497647126262475,0.7772367703207032,0.2059921720278468,0.29818073040869925,0.0,0.0,0.0,0.0,0.0,0.0,0.0,0.0,0.0,0.0,0.0,0.0,0.0,1.0,0.0,0.0,0.0,0.0,0.0,0.0,0.0,0.0,0.0,0.0,0.0,0.0,0.0,0.0,0.0,1.0,0.0,0.0,0.0,0.0,1.0,0.0,0.0,0.0,1.0,0.0,0.0,0.0,0.0,178000.0,-0.04279087510347313
-0.7656956092022585,-0.27851991789501057,-0.12897466276272712,-0.6971463813375455,0.19036765108904358,-1.021987401155326,0.2059921720278468,-1.0371220601333149,0.0,1.0,0.0,0.0,0.0,0.0,0.0,0.0,0.0,0.0,0.0,0.0,0.0,0.0,0.0,0.0,0.0,0.0,0.0,0.0,0.0,0.0,0.0,0.0,0.0,0.0,0.0,1.0,0.0,0.0,0.0,0.0,0.0,0.0,1.0,0.0,0.0,0.0,0.0,1.0,0.0,0.0,0.0,124000.0,-0.7178981621447679
-0.7656956092022585,0.08530892048315974,-0.0388073997164846,-0.21756375125702015,0.7300474996314433,-1.021987401155326,-0.9976828844653559,0.29818073040869925,0.0,0.0,1.0,0.0,0.0,0.0,0.0,0.0,0.0,0.0,0.0,0.0,0.0,0.0,0.0,0.0,0.0,0.0,0.0,0.0,0.0,0.0,0.0,0.0,0.0,0.0,0.0,0.0,1.0,0.0,0.0,0.0,0.0,0.0,1.0,0.0,0.0,0.0,1.0,0.0,0.0,0.0,0.0,170000.0,-0.14280676947996124
-0.7656956092022585,-0.47697201155583074,-0.48740631387955224,-1.1199620878575187,-0.2854317255850721,-1.021987401155326,0.2059921720278468,-1.0371220601333149,0.0,0.0,0.0,0.0,0.0,0.0,0.0,0.0,0.0,1.0,0.0,0.0,0.0,0.0,0.0,0.0,0.0,0.0,0.0,0.0,0.0,0.0,0.0,0.0,0.0,0.0,0.0,0.0,1.0,0.0,0.0,0.0,0.0,0.0,1.0,0.0,0.0,0.0,0.0,1.0,0.0,0.0,0.0,112500.0,-0.8616710103109696
0.6358587812250798,1.1437200866742006,-0.31960123376867905,-0.7030188217058784,0.18375932641301418,-1.021987401155326,0.2059921720278468,0.29818073040869925,1.0,0.0,0.0,0.0,0.0,0.0,0.0,0.0,0.0,0.0,0.0,0.0,0.0,0.0,0.0,0.0,0.0,0.0,0.0,0.0,0.0,0.0,0.0,0.0,0.0,0.0,0.0,1.0,0.0,0.0,0.0,0.0,0.0,0.0,1.0,0.0,0.0,0.0,1.0,0.0,0.0,0.0,0.0,152000.0,-0.3678425318270595
-2.167249999629597,-1.833061318238102,-0.2054937792932853,-1.1043022468752977,-1.853807448696046,-1.021987401155326,-0.9976828844653559,-2.372424850675329,0.0,0.0,0.0,0.0,0.0,0.0,0.0,0.0,0.0,0.0,0.0,0.0,0.0,0.0,0.0,0.0,0.0,0.0,0.0,1.0,0.0,0.0,0.0,0.0,0.0,0.0,0.0,0.0,1.0,0.0,0.0,0.0,0.0,0.0,1.0,0.0,0.0,0.0,0.0,0.0,0.0,1.0,0.0,78000.0,-1.2929895548095747
0.6358587812250798,1.0114186909003204,-0.15906770712927706,0.3129133620157242,-0.49910089011002223,0.7772367703207032,0.2059921720278468,0.29818073040869925,0.0,0.0,0.0,0.0,0.0,0.0,0.0,1.0,0.0,0.0,0.0,0.0,0.0,0.0,0.0,0.0,0.0,0.0,0.0,0.0,0.0,0.0,0.0,0.0,0.0,0.0,0.0,0.0,1.0,0.0,0.0,0.0,0.0,1.0,0.0,0.0,0.0,0.0,1.0,0.0,0.0,0.0,0.0,195000.0,0.16974290044656412
-0.06491841398858939,1.1437200866742006,-0.31960123376867905,-0.7832755067397622,0.09344555584061259,-1.021987401155326,0.2059921720278468,-2.372424850675329,1.0,0.0,0.0,0.0,0.0,0.0,0.0,0.0,0.0,0.0,0.0,0.0,0.0,0.0,0.0,0.0,0.0,0.0,0.0,0.0,0.0,0.0,0.0,0.0,0.0,0.0,0.0,0.0,1.0,0.0,0.0,0.0,0.0,0.0,1.0,0.0,0.0,0.0,1.0,0.0,0.0,0.0,0.0,146000.0,-0.4428544526094256
-1.4664728044159276,0.01915822259621968,-0.0385836596096701,-0.6247196167947723,0.1771510017369848,0.7772367703207032,0.2059921720278468,0.29818073040869925,0.0,0.0,0.0,0.0,0.0,0.0,0.0,0.0,0.0,0.0,0.0,0.0,1.0,0.0,0.0,0.0,0.0,0.0,0.0,0.0,0.0,0.0,0.0,0.0,0.0,0.0,0.0,1.0,0.0,0.0,0.0,0.0,0.0,0.0,1.0,0.0,0.0,0.0,1.0,0.0,0.0,0.0,0.0,137500.0,-0.5491213403844443
-0.06491841398858939,-0.7415748031035909,0.015561446239438316,0.6770046648523679,-0.038720937679975094,0.7772367703207032,0.2059921720278468,-1.0371220601333149,0.0,1.0,0.0,0.0,0.0,0.0,0.0,0.0,0.0,0.0,0.0,0.0,0.0,0.0,0.0,0.0,0.0,0.0,0.0,0.0,0.0,0.0,0.0,0.0,0.0,0.0,0.0,0.0,1.0,0.0,0.0,0.0,0.0,0.0,1.0,0.0,0.0,0.0,0.0,1.0,0.0,0.0,0.0,143000.0,-0.48036041300060867
1.336635976438749,0.9452679930133805,0.0719439531566917,1.536338438751758,-0.19511795501267054,0.7772367703207032,1.4096672285210494,1.6334835209507133,0.0,0.0,0.0,0.0,0.0,0.0,0.0,0.0,1.0,0.0,0.0,0.0,0.0,0.0,0.0,0.0,0.0,0.0,0.0,0.0,0.0,0.0,0.0,0.0,0.0,0.0,0.0,0.0,0.0,1.0,0.0,0.0,0.0,1.0,0.0,0.0,0.0,0.0,1.0,0.0,0.0,0.0,0.0,248000.0,0.8323482006907978
-0.7656956092022585,-1.0392529435948212,-0.3531622497908537,-1.3626896230819479,-0.5938202104664434,-1.021987401155326,-0.9976828844653559,-1.0371220601333149,0.0,0.0,0.0,0.0,0.0,0.0,0.0,0.0,0.0,1.0,0.0,0.0,0.0,0.0,0.0,0.0,0.0,0.0,0.0,0.0,0.0,0.0,0.0,0.0,0.0,0.0,0.0,0.0,1.0,0.0,0.0,0.0,0.0,1.0,0.0,0.0,0.0,0.0,0.0,1.0,0.0,0.0,0.0,119000.0,-0.780408096130073
-1.4664728044159276,-0.5761980583862408,-0.48740631387955224,-1.1728140511725154,-0.3449066476693366,-1.021987401155326,-0.9976828844653559,-1.0371220601333149,0.0,0.0,0.0,0.0,0.0,0.0,0.0,0.0,0.0,1.0,0.0,0.0,0.0,0.0,0.0,0.0,0.0,0.0,0.0,0.0,0.0,0.0,0.0,0.0,0.0,0.0,0.0,1.0,0.0,0.0,0.0,0.0,0.0,0.0,1.0,0.0,0.0,0.0,0.0,1.0,0.0,0.0,0.0,107900.0,-0.9191801495774502
1.336635976438749,1.0444940398437905,0.548734120778386,1.3699526283156576,2.516497937051387,0.7772367703207032,0.2059921720278468,1.6334835209507133,0.0,0.0,0.0,1.0,0.0,0.0,0.0,0.0,0.0,0.0,0.0,0.0,0.0,0.0,0.0,0.0,0.0,0.0,0.0,0.0,0.0,0.0,0.0,0.0,0.0,0.0,0.0,0.0,1.0,0.0,0.0,0.0,0.0,0.0,0.0,1.0,0.0,0.0,0.0,0.0,1.0,0.0,0.0,382500.0,2.513865424895504
-0.7656956092022585,-0.5431227094427709,0.03927789756177506,0.7181117474306986,1.2322801750096766,-1.021987401155326,-0.9976828844653559,-1.0371220601333149,0.0,0.0,0.0,0.0,0.0,0.0,1.0,0.0,0.0,0.0,0.0,0.0,0.0,0.0,0.0,0.0,0.0,0.0,0.0,0.0,0.0,0.0,0.0,0.0,0.0,0.0,0.0,0.0,1.0,0.0,0.0,0.0,0.0,0.0,1.0,0.0,0.0,0.0,0.0,1.0,0.0,0.0,0.0,190000.0,0.10723296646125904
-0.7656956092022585,-0.11314317317766043,0.8526850558858811,-0.665826699373103,0.12208162943673993,-1.021987401155326,0.2059921720278468,-1.0371220601333149,0.0,0.0,1.0,0.0,0.0,0.0,0.0,0.0,0.0,0.0,0.0,0.0,0.0,0.0,0.0,0.0,0.0,0.0,0.0,0.0,0.0,0.0,0.0,0.0,0.0,0.0,0.0,0.0,1.0,0.0,0.0,0.0,0.0,1.0,0.0,0.0,0.0,0.0,0.0,1.0,0.0,0.0,0.0,152500.0,-0.361591538428529
-0.7656956092022585,-0.24544456895154054,0.09823341570739517,-0.09424250352202794,0.798333521283747,-1.021987401155326,-0.9976828844653559,0.29818073040869925,0.0,0.0,0.0,0.0,0.0,1.0,0.0,0.0,0.0,0.0,0.0,0.0,0.0,0.0,0.0,0.0,0.0,0.0,0.0,0.0,0.0,0.0,0.0,0.0,0.0,0.0,0.0,1.0,0.0,0.0,0.0,0.0,0.0,0.0,1.0,0.0,0.0,0.0,1.0,0.0,0.0,0.0,0.0,158450.0,-0.28720471698601596
-0.06491841398858939,0.8791172951264404,-0.6552113939904255,-0.5562078124975544,0.3489674433137488,0.7772367703207032,-0.9976828844653559,0.29818073040869925,0.0,0.0,1.0,0.0,0.0,0.0,0.0,0.0,0.0,0.0,0.0,0.0,0.0,0.0,0.0,0.0,0.0,0.0,0.0,0.0,0.0,0.0,0.0,0.0,0.0,0.0,0.0,0.0,1.0,0.0,0.0,0.0,0.0,0.0,1.0,0.0,0.0,0.0,0.0,0.0,1.0,0.0,0.0,164000.0,-0.21781869026232734
0.6358587812250798,0.6475898525221502,0.1781086338401708,0.4988739736796013,-0.18190130566061177,0.7772367703207032,0.2059921720278468,0.29818073040869925,0.0,0.0,0.0,0.0,0.0,0.0,0.0,0.0,1.0,0.0,0.0,0.0,0.0,0.0,0.0,0.0,0.0,0.0,0.0,0.0,0.0,0.0,0.0,0.0,0.0,0.0,0.0,0.0,1.0,0.0,0.0,0.0,0.0,1.0,0.0,0.0,0.0,0.0,1.0,0.0,0.0,0.0,0.0,235000.0,0.6698223723290047
0.6358587812250798,0.5814391546352101,0.10405065848457211,0.9432219615501288,-0.5519674875182573,0.7772367703207032,0.2059921720278468,0.29818073040869925,1.0,0.0,0.0,0.0,0.0,0.0,0.0,0.0,0.0,0.0,0.0,0.0,0.0,0.0,0.0,0.0,0.0,0.0,0.0,0.0,0.0,0.0,0.0,0.0,0.0,0.0,0.0,0.0,1.0,0.0,0.0,0.0,0.0,1.0,0.0,0.0,0.0,0.0,1.0,0.0,0.0,0.0,0.0,228500.0,0.5885594581481081
2.037413171652418,1.1106447377307307,0.09409422373132696,1.9650265856400644,0.14190660346482808,0.7772367703207032,1.4096672285210494,1.6334835209507133,0.0,0.0,0.0,0.0,0.0,0.0,0.0,0.0,0.0,0.0,0.0,0.0,0.0,0.0,0.0,0.0,0.0,0.0,0.0,0.0,0.0,0.0,0.0,1.0,0.0,0.0,0.0,0.0,0.0,1.0,0.0,0.0,0.0,0.0,0.0,1.0,0.0,0.0,1.0,0.0,0.0,0.0,0.0,325000.0,1.795001184064496
0.6358587812250798,0.5152884567482701,-0.5650441309441829,0.5223637351529331,0.014145659728259983,0.7772367703207032,-0.9976828844653559,0.29818073040869925,0.0,0.0,0.0,0.0,0.0,0.0,0.0,0.0,0.0,0.0,0.0,0.0,0.0,0.0,0.0,0.0,0.0,0.0,0.0,0.0,0.0,0.0,0.0,1.0,0.0,0.0,0.0,0.0,1.0,0.0,0.0,0.0,0.0,1.0,0.0,0.0,0.0,0.0,1.0,0.0,0.0,0.0,0.0,239000.0,0.7198303195172487
-0.06491841398858939,0.18453496731356983,-0.7063360083975382,-0.8439573905458695,0.025159534188308956,0.7772367703207032,-0.9976828844653559,0.29818073040869925,0.0,0.0,0.0,0.0,0.0,0.0,0.0,0.0,0.0,0.0,0.0,0.0,0.0,0.0,0.0,0.0,0.0,0.0,1.0,0.0,0.0,0.0,0.0,0.0,0.0,0.0,0.0,0.0,1.0,0.0,0.0,0.0,0.0,0.0,1.0,0.0,0.0,0.0,1.0,0.0,0.0,0.0,0.0,140000.0,-0.5178663733917916
-0.7656956092022585,-0.47697201155583074,-0.21891818570215515,-0.3643747604653442,0.5648393827307087,-1.021987401155326,0.2059921720278468,-1.0371220601333149,0.0,1.0,0.0,0.0,0.0,0.0,0.0,0.0,0.0,0.0,0.0,0.0,0.0,0.0,0.0,0.0,0.0,0.0,0.0,0.0,0.0,0.0,0.0,0.0,0.0,0.0,0.0,0.0,1.0,0.0,0.0,0.0,0.0,0.0,1.0,0.0,0.0,0.0,0.0,1.0,0.0,0.0,0.0,145000.0,-0.4553564394064866
1.336635976438749,1.0444940398437905,-0.10984488363008758,0.9627967627779054,-0.010084864083847761,0.7772367703207032,0.2059921720278468,0.29818073040869925,0.0,0.0,0.0,0.0,1.0,0.0,0.0,0.0,0.0,0.0,0.0,0.0,0.0,0.0,0.0,0.0,0.0,0.0,0.0,0.0,0.0,0.0,0.0,0.0,0.0,0.0,0.0,0.0,1.0,0.0,0.0,0.0,0.0,1.0,0.0,0.0,0.0,0.0,0.0,0.0,1.0,0.0,0.0,250000.0,0.8573521742849199
0.6358587812250798,1.0114186909003204,0.28046973270780345,-0.17841414880146708,0.7741029974716392,-1.021987401155326,-2.2013579409585584,0.29818073040869925,0.0,0.0,1.0,0.0,0.0,0.0,0.0,0.0,0.0,0.0,0.0,0.0,0.0,0.0,0.0,0.0,0.0,0.0,0.0,0.0,0.0,0.0,0.0,0.0,0.0,0.0,0.0,0.0,1.0,0.0,0.0,0.0,0.0,1.0,0.0,0.0,0.0,0.0,1.0,0.0,0.0,0.0,0.0,245000.0,0.7948422402996148
0.6358587812250798,0.01915822259621968,-0.322733595264082,-0.04139054020703128,-0.7325950286630605,-1.021987401155326,1.4096672285210494,0.29818073040869925,0.0,1.0,0.0,0.0,0.0,0.0,0.0,0.0,0.0,0.0,0.0,0.0,0.0,0.0,0.0,0.0,0.0,0.0,0.0,0.0,0.0,0.0,0.0,0.0,0.0,0.0,0.0,0.0,1.0,0.0,0.0,0.0,0.0,1.0,0.0,0.0,0.0,0.0,0.0,1.0,0.0,0.0,0.0,184000.0,0.03222104567889295
-0.7656956092022585,-1.3700064330295214,-0.46055750106181254,-0.14513698671424696,-0.2017262796886999,-1.021987401155326,0.2059921720278468,-1.0371220601333149,0.0,0.0,0.0,0.0,0.0,0.0,0.0,0.0,0.0,0.0,0.0,1.0,0.0,0.0,0.0,0.0,0.0,0.0,0.0,0.0,0.0,0.0,0.0,0.0,0.0,0.0,0.0,1.0,0.0,0.0,0.0,0.0,0.0,0.0,1.0,0.0,0.0,0.0,0.0,1.0,0.0,0.0,0.0,131750.0,-0.621007764467545
-0.06491841398858939,-0.5761980583862408,0.10662366971293884,-0.24496847297590732,0.6815864520072278,-1.021987401155326,-0.9976828844653559,0.29818073040869925,0.0,1.0,0.0,0.0,0.0,0.0,0.0,0.0,0.0,0.0,0.0,0.0,0.0,0.0,0.0,0.0,0.0,0.0,0.0,0.0,0.0,0.0,0.0,0.0,0.0,0.0,0.0,0.0,1.0,0.0,0.0,0.0,0.0,0.0,1.0,0.0,0.0,0.0,0.0,1.0,0.0,0.0,0.0,140000.0,-0.5178663733917916
0.6358587812250798,1.1767954356176706,-0.7464973575707404,0.10737794912407045,0.6948031013592866,0.7772367703207032,-0.9976828844653559,1.6334835209507133,0.0,0.0,0.0,0.0,0.0,0.0,0.0,0.0,0.0,0.0,0.0,0.0,0.0,0.0,0.0,0.0,0.0,0.0,0.0,0.0,0.0,0.0,0.0,0.0,1.0,0.0,0.0,0.0,1.0,0.0,0.0,0.0,0.0,1.0,0.0,0.0,0.0,0.0,1.0,0.0,0.0,0.0,0.0,174000.0,-0.0927988222917172
-0.06491841398858939,1.0775693887872606,-0.6621473373016749,-1.2765604976797311,-0.4616537169458557,-1.021987401155326,-2.2013579409585584,0.29818073040869925,0.0,0.0,0.0,0.0,0.0,0.0,0.0,1.0,0.0,0.0,0.0,0.0,0.0,0.0,0.0,0.0,0.0,0.0,0.0,0.0,0.0,0.0,0.0,0.0,0.0,0.0,0.0,0.0,1.0,0.0,0.0,0.0,0.0,1.0,0.0,0.0,0.0,0.0,1.0,0.0,0.0,0.0,0.0,149000.0,-0.40534849221824254
-0.7656956092022585,0.01915822259621968,-0.32183863483682407,-1.2217510542419567,-0.39997601996958143,-1.021987401155326,0.2059921720278468,0.29818073040869925,0.0,0.0,0.0,0.0,0.0,0.0,0.0,1.0,0.0,0.0,0.0,0.0,0.0,0.0,0.0,0.0,0.0,0.0,0.0,0.0,0.0,0.0,0.0,0.0,0.0,0.0,0.0,1.0,0.0,0.0,0.0,0.0,0.0,0.0,1.0,0.0,0.0,0.0,0.0,1.0,0.0,0.0,0.0,127000.0,-0.6803922017535848
2.037413171652418,1.1767954356176706,0.45431579570266806,0.8805825976212439,1.9658042140489382,0.7772367703207032,-0.9976828844653559,1.6334835209507133,0.0,0.0,0.0,1.0,0.0,0.0,0.0,0.0,0.0,0.0,0.0,0.0,0.0,0.0,0.0,0.0,0.0,0.0,0.0,0.0,0.0,0.0,0.0,0.0,0.0,0.0,0.0,0.0,1.0,0.0,0.0,0.0,0.0,0.0,0.0,1.0,0.0,0.0,0.0,0.0,1.0,0.0,0.0,383000.0,2.5201164182940348
-0.7656956092022585,-0.37774596472542066,-0.3044987765587005,-0.6364644975314382,0.2586536727413472,-1.021987401155326,0.2059921720278468,0.29818073040869925,0.0,1.0,0.0,0.0,0.0,0.0,0.0,0.0,0.0,0.0,0.0,0.0,0.0,0.0,0.0,0.0,0.0,0.0,0.0,0.0,0.0,0.0,0.0,0.0,0.0,0.0,0.0,1.0,0.0,0.0,0.0,0.0,0.0,0.0,1.0,0.0,0.0,0.0,0.0,1.0,0.0,0.0,0.0,148000.0,-0.4178504790153036
1.336635976438749,1.1437200866742006,-0.7131600816553804,0.1308677105974023,1.0186110104847264,0.7772367703207032,-2.2013579409585584,1.6334835209507133,0.0,0.0,0.0,0.0,0.0,0.0,0.0,0.0,0.0,0.0,0.0,0.0,0.0,0.0,0.0,0.0,0.0,0.0,0.0,0.0,0.0,0.0,0.0,0.0,1.0,0.0,0.0,0.0,1.0,0.0,0.0,0.0,0.0,0.0,0.0,1.0,0.0,0.0,1.0,0.0,0.0,0.0,0.0,264561.0,1.0393936040369254
0.6358587812250798,0.21761031625703986,0.019365028055284776,0.6985369462029221,-0.2479845524209056,0.7772367703207032,1.4096672285210494,0.29818073040869925,0.0,0.0,0.0,0.0,0.0,0.0,0.0,0.0,0.0,0.0,0.0,0.0,0.0,0.0,1.0,0.0,0.0,0.0,0.0,0.0,0.0,0.0,0.0,0.0,0.0,0.0,0.0,0.0,1.0,0.0,0.0,0.0,0.0,0.0,1.0,0.0,0.0,0.0,0.0,1.0,0.0,0.0,0.0,188900.0,0.09348078098449193
1.336635976438749,1.1767954356176706,0.12217360713654642,0.44602201036460465,1.8204210711762918,0.7772367703207032,0.2059921720278468,0.29818073040869925,0.0,0.0,0.0,0.0,0.0,0.0,0.0,0.0,0.0,0.0,0.0,0.0,0.0,0.0,0.0,1.0,0.0,0.0,0.0,0.0,0.0,0.0,0.0,0.0,0.0,0.0,0.0,0.0,1.0,0.0,0.0,0.0,0.0,1.0,0.0,0.0,0.0,0.0,1.0,0.0,0.0,0.0,0.0,298751.0,1.4668365326284414
-0.06491841398858939,-0.37774596472542066,0.3516190866748137,-0.4857385280775588,1.1992385516295296,-1.021987401155326,-2.2013579409585584,0.29818073040869925,0.0,0.0,0.0,0.0,0.0,0.0,1.0,0.0,0.0,0.0,0.0,0.0,0.0,0.0,0.0,0.0,0.0,0.0,0.0,0.0,0.0,0.0,0.0,0.0,0.0,0.0,0.0,0.0,1.0,0.0,0.0,0.0,0.0,0.0,1.0,0.0,0.0,0.0,1.0,0.0,0.0,0.0,0.0,235000.0,0.6698223723290047
-0.06491841398858939,1.0775693887872606,-0.6634897779425618,-1.2765604976797311,-0.4616537169458557,-1.021987401155326,-2.2013579409585584,0.29818073040869925,0.0,0.0,0.0,0.0,0.0,0.0,0.0,1.0,0.0,0.0,0.0,0.0,0.0,0.0,0.0,0.0,0.0,0.0,0.0,0.0,0.0,0.0,0.0,0.0,0.0,0.0,0.0,0.0,1.0,0.0,0.0,0.0,0.0,1.0,0.0,0.0,0.0,0.0,1.0,0.0,0.0,0.0,0.0,149300.0,-0.4015978961791242
1.336635976438749,0.8791172951264404,-0.21746387500786094,1.6870644082056374,0.357778542881788,0.7772367703207032,0.2059921720278468,0.29818073040869925,0.0,0.0,0.0,0.0,1.0,0.0,0.0,0.0,0.0,0.0,0.0,0.0,0.0,0.0,0.0,0.0,0.0,0.0,0.0,0.0,0.0,0.0,0.0,0.0,0.0,0.0,0.0,0.0,1.0,0.0,0.0,0.0,0.0,1.0,0.0,0.0,0.0,0.0,0.0,0.0,1.0,0.0,0.0,312500.0,1.6387263491012334
-0.06491841398858939,-1.0392529435948212,-0.3755362604723035,-0.558165292620332,-0.7436089031231095,-1.021987401155326,0.2059921720278468,0.29818073040869925,0.0,0.0,0.0,0.0,0.0,0.0,0.0,0.0,0.0,0.0,0.0,0.0,0.0,0.0,0.0,0.0,0.0,0.0,0.0,1.0,0.0,0.0,0.0,0.0,0.0,0.0,0.0,1.0,0.0,0.0,0.0,0.0,0.0,1.0,0.0,0.0,0.0,0.0,0.0,1.0,0.0,0.0,0.0,141000.0,-0.5053643865947307
-1.4664728044159276,-0.34467061578195063,1.9398382348975247,0.21112439563128613,0.7454669238755119,-1.021987401155326,0.2059921720278468,-1.0371220601333149,0.0,0.0,1.0,0.0,0.0,0.0,0.0,0.0,0.0,0.0,0.0,0.0,0.0,0.0,0.0,0.0,0.0,0.0,0.0,0.0,0.0,0.0,0.0,0.0,0.0,0.0,0.0,0.0,1.0,0.0,0.0,0.0,0.0,0.0,1.0,0.0,0.0,0.0,0.0,1.0,0.0,0.0,0.0,80000.0,-1.2679855812154526
-0.7656956092022585,-0.0800678242341904,0.14387639749755268,2.2194990016011595,0.41945623985806224,0.7772367703207032,3.817017341507455,2.9687863114927273,0.0,1.0,0.0,0.0,0.0,0.0,0.0,0.0,0.0,0.0,0.0,0.0,0.0,0.0,0.0,0.0,0.0,0.0,0.0,0.0,0.0,0.0,0.0,0.0,0.0,0.0,0.0,1.0,0.0,0.0,0.0,0.0,0.0,0.0,1.0,0.0,0.0,0.0,0.0,1.0,0.0,0.0,0.0,200000.0,0.2322528344318692
-0.7656956092022585,-0.27851991789501057,-0.4471330946529427,-1.2452408157152886,-0.426409318673699,-1.021987401155326,0.2059921720278468,-1.0371220601333149,0.0,0.0,0.0,0.0,0.0,1.0,0.0,0.0,0.0,0.0,0.0,0.0,0.0,0.0,0.0,0.0,0.0,0.0,0.0,0.0,0.0,0.0,0.0,0.0,0.0,0.0,0.0,0.0,1.0,0.0,0.0,0.0,0.0,0.0,1.0,0.0,0.0,0.0,1.0,0.0,0.0,0.0,0.0,119916.0,-0.7689562762239651
-0.7656956092022585,-0.3115952668384806,0.14085590605555695,-0.7989353477219835,0.07582335670453424,-1.021987401155326,0.2059921720278468,-1.0371220601333149,0.0,0.0,0.0,0.0,0.0,1.0,0.0,0.0,0.0,0.0,0.0,0.0,0.0,0.0,0.0,0.0,0.0,0.0,0.0,0.0,0.0,0.0,0.0,0.0,0.0,0.0,0.0,0.0,1.0,0.0,0.0,0.0,0.0,0.0,1.0,0.0,0.0,0.0,0.0,1.0,0.0,0.0,0.0,139000.0,-0.5303683601888527
1.336635976438749,1.1437200866742006,0.027531541954013937,0.5771731785907075,-0.34710942256134636,0.7772367703207032,0.2059921720278468,1.6334835209507133,0.0,0.0,0.0,0.0,1.0,0.0,0.0,0.0,0.0,0.0,0.0,0.0,0.0,0.0,0.0,0.0,0.0,0.0,0.0,0.0,0.0,0.0,0.0,0.0,0.0,0.0,0.0,0.0,1.0,0.0,0.0,0.0,0.0,1.0,0.0,0.0,0.0,0.0,0.0,0.0,1.0,0.0,0.0,270000.0,1.1073919102261403
-0.06491841398858939,0.8460419461829704,-0.02583047352124374,0.6613448238701466,1.7190934261438413,0.7772367703207032,-0.9976828844653559,1.6334835209507133,0.0,0.0,0.0,0.0,0.0,0.0,0.0,1.0,0.0,0.0,0.0,0.0,0.0,0.0,0.0,0.0,0.0,0.0,0.0,0.0,0.0,0.0,0.0,0.0,0.0,0.0,0.0,0.0,1.0,0.0,0.0,0.0,0.0,0.0,1.0,0.0,0.0,0.0,1.0,0.0,0.0,0.0,0.0,185000.0,0.04472303247595397
-0.06491841398858939,-0.37774596472542066,0.2701776877943366,-1.061237684174189,-0.2193484788247783,-1.021987401155326,-0.9976828844653559,-1.0371220601333149,0.0,1.0,0.0,0.0,0.0,0.0,0.0,0.0,0.0,0.0,0.0,0.0,0.0,0.0,0.0,0.0,0.0,0.0,0.0,0.0,0.0,0.0,0.0,0.0,0.0,0.0,0.0,0.0,1.0,0.0,0.0,0.0,0.0,0.0,1.0,0.0,0.0,0.0,0.0,1.0,0.0,0.0,0.0,151500.0,-0.37409352522559003
-0.7656956092022585,-0.4438966626123607,0.36135178132124435,-1.0025132804908596,-0.15326523206448442,-1.021987401155326,-0.9976828844653559,-1.0371220601333149,0.0,1.0,0.0,0.0,0.0,0.0,0.0,0.0,0.0,0.0,0.0,0.0,0.0,0.0,0.0,0.0,0.0,0.0,0.0,0.0,0.0,0.0,0.0,0.0,0.0,0.0,0.0,0.0,1.0,0.0,0.0,0.0,0.0,0.0,1.0,0.0,0.0,0.0,0.0,1.0,0.0,0.0,0.0,119000.0,-0.780408096130073
0.6358587812250798,0.6145145035786802,0.48407322990899626,1.3621227078245468,2.4239813915869757,0.7772367703207032,0.2059921720278468,1.6334835209507133,1.0,0.0,0.0,0.0,0.0,0.0,0.0,0.0,0.0,0.0,0.0,0.0,0.0,0.0,0.0,0.0,0.0,0.0,0.0,0.0,0.0,0.0,0.0,0.0,0.0,0.0,0.0,0.0,1.0,0.0,0.0,0.0,0.0,1.0,0.0,0.0,0.0,0.0,1.0,0.0,0.0,0.0,0.0,271900.0,1.1311456851405561
1.336635976438749,1.0444940398437905,0.0035913505248626946,0.9353920410590182,2.0274819110252125,0.7772367703207032,0.2059921720278468,1.6334835209507133,0.0,0.0,0.0,0.0,0.0,0.0,0.0,1.0,0.0,0.0,0.0,0.0,0.0,0.0,0.0,0.0,0.0,0.0,0.0,0.0,0.0,0.0,0.0,0.0,0.0,0.0,0.0,0.0,1.0,0.0,0.0,0.0,0.0,1.0,0.0,0.0,0.0,0.0,1.0,0.0,0.0,0.0,0.0,318000.0,1.7074872764850688
-0.7656956092022585,-1.0061775946513511,-0.599276367286801,-1.3646471032047256,-0.7436089031231095,-1.021987401155326,-0.9976828844653559,0.29818073040869925,0.0,0.0,0.0,0.0,0.0,0.0,0.0,0.0,0.0,0.0,0.0,0.0,0.0,0.0,0.0,0.0,0.0,0.0,0.0,1.0,0.0,0.0,0.0,0.0,0.0,0.0,0.0,1.0,0.0,0.0,0.0,0.0,0.0,0.0,1.0,0.0,0.0,0.0,0.0,1.0,0.0,0.0,0.0,87000.0,-1.1804716736360255
0.6358587812250798,1.1437200866742006,-0.19866970603544312,0.4636393314696035,-0.4550453922698263,0.7772367703207032,0.2059921720278468,0.29818073040869925,0.0,0.0,0.0,0.0,0.0,0.0,0.0,1.0,0.0,0.0,0.0,0.0,0.0,0.0,0.0,0.0,0.0,0.0,0.0,0.0,0.0,0.0,0.0,0.0,0.0,0.0,0.0,0.0,1.0,0.0,0.0,0.0,0.0,1.0,0.0,0.0,0.0,0.0,1.0,0.0,0.0,0.0,0.0,203160.0,0.271759112710582
-0.06491841398858939,0.8791172951264404,-0.21869444559534065,-0.06879526192591844,-0.5916174355744336,0.7772367703207032,0.2059921720278468,0.29818073040869925,0.0,0.0,0.0,0.0,0.0,0.0,0.0,0.0,0.0,0.0,0.0,0.0,0.0,1.0,0.0,0.0,0.0,0.0,0.0,0.0,0.0,0.0,0.0,0.0,0.0,0.0,0.0,0.0,1.0,0.0,0.0,0.0,0.0,0.0,1.0,0.0,0.0,0.0,1.0,0.0,0.0,0.0,0.0,180400.0,-0.012786106790526696
-0.06491841398858939,-0.47697201155583074,-0.1786449664755456,-1.1043022468752977,-0.26780952644899375,-1.021987401155326,-0.9976828844653559,-1.0371220601333149,0.0,1.0,0.0,0.0,0.0,0.0,0.0,0.0,0.0,0.0,0.0,0.0,0.0,0.0,0.0,0.0,0.0,0.0,0.0,0.0,0.0,0.0,0.0,0.0,0.0,0.0,0.0,0.0,1.0,0.0,0.0,0.0,0.0,1.0,0.0,0.0,0.0,0.0,0.0,1.0,0.0,0.0,0.0,141000.0,-0.5053643865947307
1.336635976438749,1.1767954356176706,0.12541783868535664,0.39904248741794096,1.4239215906145286,0.7772367703207032,0.2059921720278468,1.6334835209507133,0.0,0.0,0.0,1.0,0.0,0.0,0.0,0.0,0.0,0.0,0.0,0.0,0.0,0.0,0.0,0.0,0.0,0.0,0.0,0.0,0.0,0.0,0.0,0.0,0.0,0.0,0.0,0.0,1.0,0.0,0.0,0.0,0.0,1.0,0.0,0.0,0.0,0.0,0.0,0.0,1.0,0.0,0.0,306000.0,1.5574634349203367
1.336635976438749,0.5814391546352101,-0.721550335660924,-0.9124691948430874,-0.1664818814165432,-1.021987401155326,-2.2013579409585584,0.29818073040869925,0.0,0.0,0.0,0.0,0.0,0.0,0.0,0.0,0.0,0.0,0.0,0.0,0.0,0.0,0.0,0.0,0.0,0.0,0.0,0.0,0.0,0.0,1.0,0.0,0.0,0.0,0.0,0.0,1.0,0.0,0.0,0.0,0.0,1.0,0.0,0.0,0.0,0.0,1.0,0.0,0.0,0.0,0.0,185000.0,0.04472303247595397
-0.7656956092022585,-0.34467061578195063,-0.20627686966713604,0.5869605792045958,1.6353879802474691,0.7772367703207032,3.817017341507455,-2.372424850675329,0.0,1.0,0.0,0.0,0.0,0.0,0.0,0.0,0.0,0.0,0.0,0.0,0.0,0.0,0.0,0.0,0.0,0.0,0.0,0.0,0.0,0.0,0.0,0.0,0.0,0.0,0.0,0.0,1.0,0.0,0.0,0.0,0.0,0.0,1.0,0.0,0.0,0.0,0.0,1.0,0.0,0.0,0.0,130000.0,-0.6428862413624018
-0.7656956092022585,-0.013917126347250347,-0.970684944598867,-0.3878645219386761,-0.9418586434039911,0.7772367703207032,0.2059921720278468,-1.0371220601333149,0.0,0.0,0.0,0.0,0.0,0.0,0.0,0.0,0.0,0.0,0.0,0.0,0.0,0.0,0.0,0.0,0.0,0.0,0.0,0.0,0.0,1.0,0.0,0.0,0.0,0.0,0.0,1.0,0.0,0.0,0.0,0.0,0.0,0.0,1.0,0.0,0.0,0.0,0.0,1.0,0.0,0.0,0.0,112000.0,-0.8679220037095001
0.6358587812250798,-1.0392529435948212,1.5363229522575783,1.7673210932395214,-0.056343136816053456,0.7772367703207032,1.4096672285210494,-1.0371220601333149,0.0,0.0,0.0,0.0,0.0,0.0,1.0,0.0,0.0,0.0,0.0,0.0,0.0,0.0,0.0,0.0,0.0,0.0,0.0,0.0,0.0,0.0,0.0,0.0,0.0,0.0,0.0,0.0,1.0,0.0,0.0,0.0,0.0,0.0,1.0,0.0,0.0,0.0,0.0,1.0,0.0,0.0,0.0,244400.0,0.7873410482213782
0.6358587812250798,1.1106447377307307,-0.24968245038914857,0.10346298887851514,-0.6643090070107568,0.7772367703207032,0.2059921720278468,0.29818073040869925,0.0,0.0,0.0,0.0,1.0,0.0,0.0,0.0,0.0,0.0,0.0,0.0,0.0,0.0,0.0,0.0,0.0,0.0,0.0,0.0,0.0,0.0,0.0,0.0,0.0,0.0,0.0,0.0,1.0,0.0,0.0,0.0,0.0,1.0,0.0,0.0,0.0,0.0,1.0,0.0,0.0,0.0,0.0,186500.0,0.0634760126715455
0.6358587812250798,-1.3038557351425815,0.21961242365426012,0.2130818757540638,-0.9264392191599224,-1.021987401155326,0.2059921720278468,1.6334835209507133,0.0,0.0,0.0,0.0,0.0,0.0,0.0,0.0,0.0,0.0,0.0,0.0,0.0,0.0,0.0,0.0,1.0,0.0,0.0,0.0,0.0,0.0,0.0,0.0,0.0,0.0,0.0,0.0,0.0,0.0,0.0,1.0,0.0,1.0,0.0,0.0,0.0,0.0,0.0,1.0,0.0,0.0,0.0,199500.0,0.22600184103333867
-0.06491841398858939,1.0775693887872606,0.02999268312897341,1.8456202981506276,0.2212064995771807,0.7772367703207032,1.4096672285210494,1.6334835209507133,0.0,0.0,0.0,0.0,1.0,0.0,0.0,0.0,0.0,0.0,0.0,0.0,0.0,0.0,0.0,0.0,0.0,0.0,0.0,0.0,0.0,0.0,0.0,0.0,0.0,0.0,0.0,0.0,0.0,1.0,0.0,0.0,0.0,1.0,0.0,0.0,0.0,0.0,1.0,0.0,0.0,0.0,0.0,265000.0,1.0448819762408352
-0.06491841398858939,-0.873876198877471,-0.18077049749028332,-0.02573069922481004,-0.7105672797429625,-1.021987401155326,0.2059921720278468,-1.0371220601333149,0.0,0.0,0.0,0.0,0.0,0.0,0.0,0.0,0.0,0.0,0.0,0.0,1.0,0.0,0.0,0.0,0.0,0.0,0.0,0.0,0.0,0.0,0.0,0.0,0.0,0.0,0.0,1.0,0.0,0.0,0.0,0.0,0.0,0.0,1.0,0.0,0.0,0.0,0.0,1.0,0.0,0.0,0.0,113000.0,-0.8554200169124391
-0.06491841398858939,0.9452679930133805,0.20887289852716423,1.0841605303901198,-0.14445413249644526,0.7772367703207032,0.2059921720278468,0.29818073040869925,0.0,0.0,0.0,0.0,0.0,0.0,0.0,0.0,0.0,0.0,0.0,0.0,0.0,1.0,0.0,0.0,0.0,0.0,0.0,0.0,0.0,0.0,0.0,0.0,0.0,0.0,0.0,0.0,0.0,1.0,0.0,0.0,0.0,1.0,0.0,0.0,0.0,0.0,1.0,0.0,0.0,0.0,0.0,244000.0,0.7823402535025539
-0.7656956092022585,-0.47697201155583074,-0.06565621253422431,-1.1317069685941847,-0.29864837493713087,-1.021987401155326,-0.9976828844653559,-1.0371220601333149,0.0,1.0,0.0,0.0,0.0,0.0,0.0,0.0,0.0,0.0,0.0,0.0,0.0,0.0,0.0,0.0,0.0,0.0,0.0,0.0,0.0,0.0,0.0,0.0,0.0,0.0,0.0,0.0,1.0,0.0,0.0,0.0,0.0,0.0,1.0,0.0,0.0,0.0,0.0,1.0,0.0,0.0,0.0,116000.0,-0.817914056521256
1.336635976438749,0.2837610141439799,0.595048322888987,1.0058613254790139,2.106781807137565,0.7772367703207032,-0.9976828844653559,1.6334835209507133,0.0,0.0,0.0,0.0,0.0,0.0,0.0,0.0,0.0,0.0,0.0,0.0,0.0,0.0,0.0,0.0,0.0,0.0,0.0,0.0,1.0,0.0,0.0,0.0,0.0,0.0,0.0,0.0,1.0,0.0,0.0,0.0,0.0,1.0,0.0,0.0,0.0,0.0,1.0,0.0,0.0,0.0,0.0,275000.0,1.1699018442114453
-0.06491841398858939,0.9452679930133805,-0.9217977312598993,0.14261259133406823,-0.6643090070107568,0.7772367703207032,0.2059921720278468,0.29818073040869925,0.0,0.0,0.0,0.0,1.0,0.0,0.0,0.0,0.0,0.0,0.0,0.0,0.0,0.0,0.0,0.0,0.0,0.0,0.0,0.0,0.0,0.0,0.0,0.0,0.0,0.0,0.0,1.0,0.0,0.0,0.0,0.0,0.0,1.0,0.0,0.0,0.0,0.0,1.0,0.0,0.0,0.0,0.0,177500.0,-0.04904186850200364
0.6358587812250798,1.1437200866742006,0.08346656865763834,-0.08641258303091733,-0.7259867039870311,0.7772367703207032,0.2059921720278468,0.29818073040869925,0.0,0.0,0.0,0.0,0.0,0.0,0.0,1.0,0.0,0.0,0.0,0.0,0.0,0.0,0.0,0.0,0.0,0.0,0.0,0.0,0.0,0.0,0.0,0.0,0.0,0.0,0.0,0.0,1.0,0.0,0.0,0.0,0.0,1.0,0.0,0.0,0.0,0.0,1.0,0.0,0.0,0.0,0.0,155835.0,-0.31989741246033054
0.6358587812250798,1.0775693887872606,-0.7178586238984848,0.14848503170240118,0.7388585991994825,0.7772367703207032,-0.9976828844653559,1.6334835209507133,0.0,0.0,0.0,0.0,0.0,0.0,0.0,0.0,0.0,0.0,0.0,0.0,0.0,0.0,0.0,0.0,0.0,0.0,0.0,0.0,0.0,0.0,0.0,0.0,1.0,0.0,0.0,0.0,1.0,0.0,0.0,0.0,0.0,1.0,0.0,0.0,0.0,0.0,1.0,0.0,0.0,0.0,0.0,219990.0,0.4821675505051189
1.336635976438749,1.0444940398437905,0.18370213651053324,1.7105541696789692,0.271870322093406,0.7772367703207032,1.4096672285210494,1.6334835209507133,0.0,0.0,0.0,1.0,0.0,0.0,0.0,0.0,0.0,0.0,0.0,0.0,0.0,0.0,0.0,0.0,0.0,0.0,0.0,0.0,0.0,0.0,0.0,0.0,0.0,0.0,0.0,0.0,0.0,1.0,0.0,0.0,0.0,0.0,0.0,1.0,0.0,0.0,1.0,0.0,0.0,0.0,0.0,285000.0,1.2949217121820553
1.336635976438749,0.9783433419568505,0.4949246250894994,0.5615133376084862,1.5318575603230087,0.7772367703207032,0.2059921720278468,1.6334835209507133,0.0,0.0,0.0,0.0,0.0,0.0,0.0,1.0,0.0,0.0,0.0,0.0,0.0,0.0,0.0,0.0,0.0,0.0,0.0,0.0,0.0,0.0,0.0,0.0,0.0,0.0,0.0,0.0,1.0,0.0,0.0,0.0,0.0,1.0,0.0,0.0,0.0,0.0,1.0,0.0,0.0,0.0,0.0,275000.0,1.1699018442114453
1.336635976438749,0.8460419461829704,-0.07796191840902168,1.3679951481928798,0.2542481229573276,0.7772367703207032,0.2059921720278468,0.29818073040869925,0.0,0.0,0.0,0.0,0.0,0.0,0.0,0.0,1.0,0.0,0.0,0.0,0.0,0.0,0.0,0.0,0.0,0.0,0.0,0.0,0.0,0.0,0.0,0.0,0.0,0.0,0.0,0.0,1.0,0.0,0.0,0.0,0.0,1.0,0.0,0.0,0.0,0.0,1.0,0.0,0.0,0.0,0.0,284500.0,1.288670718783525
-0.06491841398858939,-1.3038557351425815,0.10270821784368513,0.9608392826551277,-0.4484370675937969,-1.021987401155326,0.2059921720278468,0.29818073040869925,0.0,0.0,0.0,0.0,0.0,0.0,0.0,0.0,0.0,0.0,0.0,0.0,0.0,0.0,0.0,0.0,1.0,0.0,0.0,0.0,0.0,0.0,0.0,0.0,0.0,0.0,0.0,1.0,0.0,0.0,0.0,0.0,0.0,0.0,1.0,0.0,0.0,0.0,0.0,1.0,0.0,0.0,0.0,220000.0,0.4822925703730895
-0.7656956092022585,-1.5684585266903417,0.8023435318526191,-1.2295809747330675,-0.40878711953762065,-1.021987401155326,-0.9976828844653559,-1.0371220601333149,0.0,0.0,0.0,0.0,0.0,1.0,0.0,0.0,0.0,0.0,0.0,0.0,0.0,0.0,0.0,0.0,0.0,0.0,0.0,0.0,0.0,0.0,0.0,0.0,0.0,0.0,0.0,1.0,0.0,0.0,0.0,0.0,0.0,0.0,0.0,0.0,1.0,0.0,0.0,1.0,0.0,0.0,0.0,105000.0,-0.9554359112889272
-0.06491841398858939,-2.031513411898922,-0.13591060607397656,0.8375180349201355,-0.082776435520171,0.7772367703207032,1.4096672285210494,-1.0371220601333149,0.0,0.0,0.0,0.0,0.0,0.0,0.0,0.0,0.0,1.0,0.0,0.0,0.0,0.0,0.0,0.0,0.0,0.0,0.0,0.0,0.0,0.0,0.0,0.0,0.0,0.0,0.0,1.0,0.0,0.0,0.0,0.0,0.0,0.0,0.0,0.0,1.0,0.0,0.0,0.0,0.0,1.0,0.0,137000.0,-0.5553723337829747
0.6358587812250798,1.1767954356176706,-0.04384155211981079,2.340862769213374,0.45470063813021894,0.7772367703207032,1.4096672285210494,1.6334835209507133,0.0,0.0,0.0,0.0,0.0,0.0,0.0,1.0,0.0,0.0,0.0,0.0,0.0,0.0,0.0,0.0,0.0,0.0,0.0,0.0,0.0,0.0,0.0,0.0,0.0,0.0,0.0,0.0,0.0,1.0,0.0,0.0,0.0,0.0,0.0,1.0,0.0,0.0,0.0,0.0,1.0,0.0,0.0,383970.0,2.532243345487184
0.6358587812250798,1.2429461335046108,0.005045661219156929,-0.5366330112697778,0.37099519223384675,0.7772367703207032,0.2059921720278468,1.6334835209507133,0.0,0.0,0.0,0.0,0.0,0.0,0.0,1.0,0.0,0.0,0.0,0.0,0.0,0.0,0.0,0.0,0.0,0.0,0.0,0.0,0.0,0.0,0.0,0.0,0.0,0.0,0.0,0.0,1.0,0.0,0.0,0.0,0.0,1.0,0.0,0.0,0.0,0.0,1.0,0.0,0.0,0.0,0.0,198900.0,0.21850064895510207
-0.7656956092022585,0.05223357153968971,-0.12427612051962268,0.30508344152461353,1.3181883957980585,0.7772367703207032,1.4096672285210494,0.29818073040869925,0.0,0.0,0.0,0.0,0.0,0.0,0.0,0.0,0.0,0.0,0.0,0.0,0.0,0.0,1.0,0.0,0.0,0.0,0.0,0.0,0.0,0.0,0.0,0.0,0.0,0.0,0.0,1.0,0.0,0.0,0.0,0.0,0.0,0.0,1.0,0.0,0.0,0.0,0.0,1.0,0.0,0.0,0.0,135000.0,-0.5803763073770968
-0.7656956092022585,-0.708499454160121,-0.3531622497908537,-0.513143249796446,-0.426409318673699,-1.021987401155326,0.2059921720278468,-1.0371220601333149,0.0,1.0,0.0,0.0,0.0,0.0,0.0,0.0,0.0,0.0,0.0,0.0,0.0,0.0,0.0,0.0,0.0,0.0,0.0,0.0,0.0,0.0,0.0,0.0,0.0,0.0,0.0,0.0,1.0,0.0,0.0,0.0,0.0,0.0,1.0,0.0,0.0,0.0,0.0,1.0,0.0,0.0,0.0,102000.0,-0.9929418716801103
0.6358587812250798,1.0775693887872606,-0.26545612791957063,0.2541889583323945,-0.4175982191056598,0.7772367703207032,0.2059921720278468,0.29818073040869925,0.0,0.0,0.0,0.0,0.0,0.0,0.0,0.0,0.0,0.0,0.0,0.0,0.0,1.0,0.0,0.0,0.0,0.0,0.0,0.0,0.0,0.0,0.0,0.0,0.0,0.0,0.0,0.0,0.0,1.0,0.0,0.0,0.0,1.0,0.0,0.0,0.0,0.0,1.0,0.0,0.0,0.0,0.0,189500.0,0.10098197306272853
-0.7656956092022585,-0.5761980583862408,0.20059451457502783,0.5771731785907075,-0.016693188759877145,0.7772367703207032,1.4096672285210494,-1.0371220601333149,0.0,0.0,0.0,0.0,0.0,0.0,0.0,0.0,0.0,1.0,0.0,0.0,0.0,0.0,0.0,0.0,0.0,0.0,0.0,0.0,0.0,0.0,0.0,0.0,0.0,0.0,0.0,0.0,1.0,0.0,0.0,0.0,0.0,0.0,1.0,0.0,0.0,0.0,0.0,1.0,0.0,0.0,0.0,131500.0,-0.6241332611668103
2.037413171652418,1.2098707845611407,0.4593499481059943,0.2757212396829487,1.2851467724179115,0.7772367703207032,0.2059921720278468,1.6334835209507133,0.0,0.0,0.0,0.0,0.0,0.0,0.0,0.0,0.0,0.0,0.0,0.0,0.0,0.0,0.0,1.0,0.0,0.0,0.0,0.0,0.0,0.0,0.0,0.0,0.0,0.0,0.0,0.0,1.0,0.0,0.0,0.0,0.0,0.0,0.0,1.0,0.0,0.0,0.0,0.0,1.0,0.0,0.0,316500.0,1.6887342962894774
0.6358587812250798,1.1767954356176706,-0.163095029051938,-0.3134802772731252,0.6221115299229634,0.7772367703207032,0.2059921720278468,0.29818073040869925,0.0,0.0,0.0,0.0,0.0,0.0,0.0,0.0,0.0,0.0,0.0,0.0,0.0,1.0,0.0,0.0,0.0,0.0,0.0,0.0,0.0,0.0,0.0,0.0,0.0,0.0,0.0,0.0,1.0,0.0,0.0,0.0,0.0,1.0,0.0,0.0,0.0,0.0,1.0,0.0,0.0,0.0,0.0,181134.0,-0.0036096484814839122
-0.7656956092022585,0.05223357153968971,-0.03992610025055709,-0.6305920571631052,0.260856447633357,-1.021987401155326,0.2059921720278468,0.29818073040869925,0.0,0.0,0.0,0.0,0.0,0.0,0.0,0.0,0.0,0.0,0.0,0.0,0.0,0.0,1.0,0.0,0.0,0.0,0.0,0.0,0.0,0.0,0.0,0.0,0.0,0.0,0.0,0.0,1.0,0.0,0.0,0.0,0.0,1.0,0.0,0.0,0.0,0.0,1.0,0.0,0.0,0.0,0.0,157000.0,-0.3053325978417544
-0.7656956092022585,-0.5761980583862408,-0.04887570452313699,-0.8557022712825355,-0.0034765394078183766,-1.021987401155326,0.2059921720278468,-1.0371220601333149,0.0,1.0,0.0,0.0,0.0,0.0,0.0,0.0,0.0,0.0,0.0,0.0,0.0,0.0,0.0,0.0,0.0,0.0,0.0,0.0,0.0,0.0,0.0,0.0,0.0,0.0,0.0,0.0,1.0,0.0,0.0,0.0,0.0,0.0,1.0,0.0,0.0,0.0,0.0,1.0,0.0,0.0,0.0,128000.0,-0.6678902149565239
-0.06491841398858939,0.08530892048315974,1.0237343675455643,-0.13730706622313635,0.8203612702038449,0.7772367703207032,0.2059921720278468,0.29818073040869925,0.0,0.0,0.0,0.0,0.0,0.0,0.0,0.0,0.0,0.0,0.0,0.0,0.0,0.0,0.0,0.0,0.0,0.0,0.0,0.0,1.0,0.0,0.0,0.0,0.0,0.0,0.0,0.0,1.0,0.0,0.0,0.0,0.0,0.0,1.0,0.0,0.0,0.0,0.0,1.0,0.0,0.0,0.0,192000.0,0.13223694005538106
1.336635976438749,1.0444940398437905,0.6817476142796048,2.329117888476708,1.5582908590271263,0.7772367703207032,1.4096672285210494,1.6334835209507133,0.0,0.0,0.0,1.0,0.0,0.0,0.0,0.0,0.0,0.0,0.0,0.0,0.0,0.0,0.0,0.0,0.0,0.0,0.0,0.0,0.0,0.0,0.0,0.0,0.0,0.0,0.0,0.0,0.0,1.0,0.0,0.0,0.0,1.0,0.0,0.0,0.0,0.0,0.0,0.0,1.0,0.0,0.0,370000.0,2.357590589932242
-0.06491841398858939,-1.7007599224642218,-0.8154093104696057,-0.3447999592375677,-0.8713698468596776,-1.021987401155326,0.2059921720278468,-1.0371220601333149,0.0,0.0,0.0,0.0,0.0,0.0,0.0,0.0,0.0,1.0,0.0,0.0,0.0,0.0,0.0,0.0,0.0,0.0,0.0,0.0,0.0,0.0,0.0,0.0,0.0,0.0,0.0,1.0,0.0,0.0,0.0,0.0,0.0,0.0,1.0,0.0,0.0,0.0,0.0,1.0,0.0,0.0,0.0,122000.0,-0.74290213573889
-0.7656956092022585,0.18453496731356983,-0.2373767445143512,0.8786251174984663,1.9636014391569285,0.7772367703207032,3.817017341507455,0.29818073040869925,0.0,0.0,0.0,0.0,0.0,1.0,0.0,0.0,0.0,0.0,0.0,0.0,0.0,0.0,0.0,0.0,0.0,0.0,0.0,0.0,0.0,0.0,0.0,0.0,0.0,0.0,0.0,0.0,1.0,0.0,0.0,0.0,0.0,0.0,1.0,0.0,0.0,0.0,0.0,1.0,0.0,0.0,0.0,157000.0,-0.3053325978417544
-0.06491841398858939,-0.17929387106460049,0.4825070491612948,0.9549668422867947,0.10225665540865178,0.7772367703207032,1.4096672285210494,0.29818073040869925,0.0,1.0,0.0,0.0,0.0,0.0,0.0,0.0,0.0,0.0,0.0,0.0,0.0,0.0,0.0,0.0,0.0,0.0,0.0,0.0,0.0,0.0,0.0,0.0,0.0,0.0,0.0,0.0,1.0,0.0,0.0,0.0,0.0,1.0,0.0,0.0,0.0,0.0,0.0,1.0,0.0,0.0,0.0,227000.0,0.5698064779525166
-0.7656956092022585,-1.5023078288034015,-0.3779974016472629,-1.0573227239286338,-0.45724816716183614,-1.021987401155326,-0.9976828844653559,0.29818073040869925,0.0,0.0,0.0,0.0,0.0,0.0,0.0,0.0,0.0,1.0,0.0,0.0,0.0,0.0,0.0,0.0,0.0,0.0,0.0,0.0,0.0,0.0,0.0,0.0,0.0,0.0,0.0,1.0,0.0,0.0,0.0,0.0,0.0,0.0,1.0,0.0,0.0,0.0,0.0,1.0,0.0,0.0,0.0,103000.0,-0.9804398848830492
-0.06491841398858939,-1.5684585266903417,-0.2926405508975321,-0.9163841550886428,-0.056343136816053456,-1.021987401155326,-0.9976828844653559,-1.0371220601333149,0.0,0.0,0.0,0.0,0.0,0.0,0.0,0.0,0.0,1.0,0.0,0.0,0.0,0.0,0.0,0.0,0.0,0.0,0.0,0.0,0.0,0.0,0.0,0.0,0.0,0.0,0.0,1.0,0.0,0.0,0.0,0.0,0.0,0.0,1.0,0.0,0.0,0.0,0.0,1.0,0.0,0.0,0.0,108000.0,-0.9179299508977441
2.037413171652418,1.1106447377307307,0.42511771176337615,0.8257731541834695,1.904126517072664,0.7772367703207032,0.2059921720278468,1.6334835209507133,0.0,0.0,0.0,0.0,0.0,0.0,0.0,0.0,0.0,0.0,0.0,0.0,0.0,0.0,0.0,0.0,0.0,0.0,0.0,0.0,0.0,0.0,0.0,1.0,0.0,0.0,0.0,0.0,1.0,0.0,0.0,0.0,0.0,1.0,0.0,0.0,0.0,0.0,0.0,0.0,1.0,0.0,0.0,377426.0,2.450430343887217
-3.5688043900569353,-0.6423487562731809,0.4728862245682714,-1.5016707117991615,-2.3296068253701616,-1.021987401155326,-0.9976828844653559,0.29818073040869925,0.0,0.0,0.0,0.0,0.0,0.0,0.0,0.0,0.0,0.0,0.0,0.0,0.0,0.0,0.0,0.0,0.0,0.0,0.0,1.0,0.0,0.0,0.0,0.0,0.0,0.0,0.0,0.0,1.0,0.0,0.0,0.0,0.0,0.0,0.0,0.0,1.0,0.0,0.0,1.0,0.0,0.0,0.0,13100.0,-2.1043684979388346
2.037413171652418,1.1106447377307307,0.4948127550360921,0.7200692275534762,1.7851766729041352,0.7772367703207032,-0.9976828844653559,1.6334835209507133,0.0,0.0,0.0,1.0,0.0,0.0,0.0,0.0,0.0,0.0,0.0,0.0,0.0,0.0,0.0,0.0,0.0,0.0,0.0,0.0,0.0,0.0,0.0,0.0,0.0,0.0,0.0,0.0,1.0,0.0,0.0,0.0,0.0,0.0,0.0,1.0,0.0,0.0,0.0,0.0,1.0,0.0,0.0,415000.0,2.9201799957999874
-0.06491841398858939,-0.14621852212113046,0.004821921112342431,2.2312438823378256,-0.27662062601703297,0.7772367703207032,2.613342285014252,0.29818073040869925,0.0,0.0,0.0,0.0,0.0,0.0,0.0,0.0,0.0,0.0,0.0,0.0,0.0,0.0,1.0,0.0,0.0,0.0,0.0,0.0,0.0,0.0,0.0,0.0,0.0,0.0,0.0,0.0,1.0,0.0,0.0,0.0,0.0,1.0,0.0,0.0,0.0,0.0,0.0,1.0,0.0,0.0,0.0,256900.0,0.943615883184641
-0.7656956092022585,-0.6423487562731809,-0.3531622497908537,-1.503628191921939,-0.717175604418992,-1.021987401155326,-0.9976828844653559,-1.0371220601333149,0.0,1.0,0.0,0.0,0.0,0.0,0.0,0.0,0.0,0.0,0.0,0.0,0.0,0.0,0.0,0.0,0.0,0.0,0.0,0.0,0.0,0.0,0.0,0.0,0.0,0.0,0.0,1.0,0.0,0.0,0.0,0.0,0.0,0.0,1.0,0.0,0.0,0.0,0.0,1.0,0.0,0.0,0.0,118900.0,-0.7816582948097791
0.6358587812250798,-0.04699247529072038,0.004821921112342431,0.35597792471683254,0.5428116338106107,0.7772367703207032,0.2059921720278468,0.29818073040869925,0.0,0.0,0.0,0.0,0.0,0.0,0.0,0.0,0.0,0.0,0.0,0.0,0.0,0.0,1.0,0.0,0.0,0.0,0.0,0.0,0.0,0.0,0.0,0.0,0.0,0.0,0.0,0.0,1.0,0.0,0.0,0.0,0.0,0.0,1.0,0.0,0.0,0.0,0.0,1.0,0.0,0.0,0.0,174000.0,-0.0927988222917172
-0.7656956092022585,-1.0392529435948212,-0.13568686596716206,0.009503942985187737,-0.3845565957255129,-1.021987401155326,0.2059921720278468,-1.0371220601333149,0.0,0.0,0.0,0.0,0.0,0.0,0.0,0.0,0.0,0.0,0.0,1.0,0.0,0.0,0.0,0.0,0.0,0.0,0.0,0.0,0.0,0.0,0.0,0.0,0.0,0.0,0.0,1.0,0.0,0.0,0.0,0.0,0.0,0.0,1.0,0.0,0.0,0.0,0.0,1.0,0.0,0.0,0.0,145000.0,-0.4553564394064866
-1.4664728044159276,-0.013917126347250347,0.01600892645306731,-1.2452408157152886,-0.426409318673699,-1.021987401155326,0.2059921720278468,-2.372424850675329,0.0,1.0,0.0,0.0,0.0,0.0,0.0,0.0,0.0,0.0,0.0,0.0,0.0,0.0,0.0,0.0,0.0,0.0,0.0,0.0,0.0,0.0,0.0,0.0,0.0,0.0,0.0,0.0,1.0,0.0,0.0,0.0,0.0,0.0,1.0,0.0,0.0,0.0,0.0,1.0,0.0,0.0,0.0,115000.0,-0.8304160433183171
-0.7656956092022585,-0.27851991789501057,-0.30953292896202667,-0.7499983446525421,0.1308927290047791,-1.021987401155326,0.2059921720278468,-1.0371220601333149,0.0,1.0,0.0,0.0,0.0,0.0,0.0,0.0,0.0,0.0,0.0,0.0,0.0,0.0,0.0,0.0,0.0,0.0,0.0,0.0,0.0,0.0,0.0,0.0,0.0,0.0,0.0,0.0,1.0,0.0,0.0,0.0,0.0,0.0,1.0,0.0,0.0,0.0,0.0,1.0,0.0,0.0,0.0,136870.0,-0.5569975920665926
0.6358587812250798,1.1767954356176706,-0.2957729123929351,-0.08641258303091733,-0.7259867039870311,0.7772367703207032,0.2059921720278468,0.29818073040869925,0.0,0.0,0.0,0.0,0.0,0.0,0.0,0.0,0.0,0.0,0.0,0.0,0.0,1.0,0.0,0.0,0.0,0.0,0.0,0.0,0.0,0.0,0.0,0.0,0.0,0.0,0.0,0.0,1.0,0.0,0.0,0.0,0.0,1.0,0.0,0.0,0.0,0.0,1.0,0.0,0.0,0.0,0.0,177594.0,-0.047866681743079904
-0.7656956092022585,0.21761031625703986,0.6488578185778737,-0.13339210597758103,0.6661670277631593,-1.021987401155326,-0.9976828844653559,0.29818073040869925,0.0,0.0,0.0,0.0,0.0,0.0,0.0,0.0,0.0,0.0,0.0,0.0,0.0,0.0,0.0,0.0,0.0,0.0,0.0,0.0,1.0,0.0,0.0,0.0,0.0,0.0,0.0,0.0,1.0,0.0,0.0,0.0,0.0,1.0,0.0,0.0,0.0,0.0,1.0,0.0,0.0,0.0,0.0,194000.0,0.1572409136495031
-0.06491841398858939,0.18453496731356983,-0.08042305958398115,-0.7499983446525421,-0.06295146149208283,-1.021987401155326,0.2059921720278468,0.29818073040869925,0.0,0.0,0.0,0.0,0.0,0.0,0.0,0.0,0.0,0.0,0.0,0.0,1.0,0.0,0.0,0.0,0.0,0.0,0.0,0.0,0.0,0.0,0.0,0.0,0.0,0.0,0.0,0.0,1.0,0.0,0.0,0.0,0.0,0.0,1.0,0.0,0.0,0.0,0.0,1.0,0.0,0.0,0.0,147000.0,-0.4303524658123646
0.6358587812250798,1.0775693887872606,-0.2077311803614303,-0.15296690720535758,0.8027390710677665,0.7772367703207032,0.2059921720278468,0.29818073040869925,0.0,0.0,0.0,0.0,0.0,0.0,0.0,1.0,0.0,0.0,0.0,0.0,0.0,0.0,0.0,0.0,0.0,0.0,0.0,0.0,0.0,0.0,0.0,0.0,0.0,0.0,0.0,0.0,1.0,0.0,0.0,0.0,0.0,1.0,0.0,0.0,0.0,0.0,1.0,0.0,0.0,0.0,0.0,179600.0,-0.02278769622817551
-0.06491841398858939,0.8791172951264404,-0.6552113939904255,-0.5796975739708862,0.32253414460963126,0.7772367703207032,-0.9976828844653559,0.29818073040869925,0.0,0.0,1.0,0.0,0.0,0.0,0.0,0.0,0.0,0.0,0.0,0.0,0.0,0.0,0.0,0.0,0.0,0.0,0.0,0.0,0.0,0.0,0.0,0.0,0.0,0.0,0.0,0.0,1.0,0.0,0.0,0.0,0.0,0.0,1.0,0.0,0.0,0.0,0.0,0.0,1.0,0.0,0.0,162000.0,-0.24282266385644938
1.336635976438749,1.0775693887872606,-0.03052901576434819,0.3794676861901644,1.3842716425583523,0.7772367703207032,0.2059921720278468,0.29818073040869925,0.0,0.0,0.0,0.0,1.0,0.0,0.0,0.0,0.0,0.0,0.0,0.0,0.0,0.0,0.0,0.0,0.0,0.0,0.0,0.0,0.0,0.0,0.0,0.0,0.0,0.0,0.0,0.0,1.0,0.0,0.0,0.0,0.0,1.0,0.0,0.0,0.0,0.0,0.0,0.0,1.0,0.0,0.0,307000.0,1.5699654217173977
-1.4664728044159276,-0.47697201155583074,-0.19732726539455614,-1.1610691704358496,-0.3316899983172778,-1.021987401155326,0.2059921720278468,-1.0371220601333149,0.0,1.0,0.0,0.0,0.0,0.0,0.0,0.0,0.0,0.0,0.0,0.0,0.0,0.0,0.0,0.0,0.0,0.0,0.0,0.0,0.0,0.0,0.0,0.0,0.0,0.0,0.0,1.0,0.0,0.0,0.0,0.0,0.0,0.0,1.0,0.0,0.0,0.0,0.0,1.0,0.0,0.0,0.0,109008.0,-0.9053279482063067
-0.7656956092022585,-0.34467061578195063,0.14152712637600046,-1.1826014517864036,-0.3867593706175227,-1.021987401155326,-0.9976828844653559,-1.0371220601333149,0.0,1.0,0.0,0.0,0.0,0.0,0.0,0.0,0.0,0.0,0.0,0.0,0.0,0.0,0.0,0.0,0.0,0.0,0.0,0.0,0.0,0.0,0.0,0.0,0.0,0.0,0.0,0.0,1.0,0.0,0.0,0.0,0.0,0.0,1.0,0.0,0.0,0.0,0.0,1.0,0.0,0.0,0.0,105000.0,-0.9554359112889272
-1.4664728044159276,-0.04699247529072038,-0.9879129328235834,-0.7989353477219835,-1.1268917343328138,-1.021987401155326,0.2059921720278468,-2.372424850675329,0.0,0.0,0.0,0.0,0.0,0.0,0.0,0.0,0.0,0.0,0.0,0.0,0.0,0.0,0.0,0.0,0.0,0.0,0.0,0.0,0.0,0.0,0.0,0.0,0.0,1.0,0.0,0.0,1.0,0.0,0.0,0.0,0.0,0.0,1.0,0.0,0.0,0.0,0.0,1.0,0.0,0.0,0.0,79500.0,-1.274236574613983
0.6358587812250798,1.0775693887872606,-0.6795990656332057,-0.21364879101146486,0.734453049415463,0.7772367703207032,-0.9976828844653559,0.29818073040869925,0.0,0.0,0.0,0.0,1.0,0.0,0.0,0.0,0.0,0.0,0.0,0.0,0.0,0.0,0.0,0.0,0.0,0.0,0.0,0.0,0.0,0.0,0.0,0.0,0.0,0.0,0.0,0.0,1.0,0.0,0.0,0.0,0.0,1.0,0.0,0.0,0.0,0.0,1.0,0.0,0.0,0.0,0.0,196000.0,0.18224488724362514
-0.06491841398858939,0.05223357153968971,-0.9401444200186881,-1.0044707606136372,-1.2656665525294308,-1.021987401155326,-0.9976828844653559,-1.0371220601333149,0.0,0.0,0.0,0.0,0.0,0.0,0.0,0.0,0.0,0.0,0.0,0.0,0.0,0.0,0.0,0.0,0.0,0.0,0.0,0.0,0.0,1.0,0.0,0.0,0.0,0.0,0.0,1.0,0.0,0.0,0.0,0.0,0.0,0.0,1.0,0.0,0.0,0.0,0.0,1.0,0.0,0.0,0.0,83000.0,-1.2304796208242694
2.738190366866087,1.1767954356176706,0.49738576626445885,1.1428849340734495,2.247759400226192,0.7772367703207032,-0.9976828844653559,1.6334835209507133,0.0,0.0,0.0,1.0,0.0,0.0,0.0,0.0,0.0,0.0,0.0,0.0,0.0,0.0,0.0,0.0,0.0,0.0,0.0,0.0,0.0,0.0,0.0,0.0,0.0,0.0,0.0,0.0,1.0,0.0,0.0,0.0,0.0,0.0,0.0,1.0,0.0,0.0,0.0,0.0,1.0,0.0,0.0,385000.0,2.545120391888157
-1.4664728044159276,-0.873876198877471,-0.15179615365780588,-0.982938479263083,-2.3296068253701616,-1.021987401155326,0.2059921720278468,0.29818073040869925,0.0,0.0,0.0,0.0,0.0,1.0,0.0,0.0,0.0,0.0,0.0,0.0,0.0,0.0,0.0,0.0,0.0,0.0,0.0,0.0,0.0,0.0,0.0,0.0,0.0,0.0,0.0,0.0,0.0,0.0,0.0,1.0,0.0,0.0,1.0,0.0,0.0,0.0,0.0,1.0,0.0,0.0,0.0,89500.0,-1.149216706643373
2.037413171652418,1.1767954356176706,0.25160725892873326,0.058440946054629093,1.0406387594048243,0.7772367703207032,0.2059921720278468,1.6334835209507133,0.0,0.0,0.0,0.0,1.0,0.0,0.0,0.0,0.0,0.0,0.0,0.0,0.0,0.0,0.0,0.0,0.0,0.0,0.0,0.0,0.0,0.0,0.0,0.0,0.0,0.0,0.0,0.0,1.0,0.0,0.0,0.0,0.0,1.0,0.0,0.0,0.0,0.0,1.0,0.0,0.0,0.0,0.0,250000.0,0.8573521742849199
-0.7656956092022585,-1.3369310840860515,-0.057937178849124145,0.3246582427523901,-0.36032607191340515,-1.021987401155326,0.2059921720278468,-2.372424850675329,0.0,0.0,0.0,0.0,0.0,0.0,0.0,0.0,0.0,0.0,1.0,0.0,0.0,0.0,0.0,0.0,0.0,0.0,0.0,0.0,0.0,0.0,0.0,0.0,0.0,0.0,0.0,0.0,1.0,0.0,0.0,0.0,0.0,0.0,1.0,0.0,0.0,0.0,0.0,1.0,0.0,0.0,0.0,100000.0,-1.0179458452742323
0.6358587812250798,1.0444940398437905,-0.2412921963836049,0.8375180349201355,-0.46385649183786554,0.7772367703207032,1.4096672285210494,0.29818073040869925,0.0,0.0,0.0,0.0,0.0,0.0,0.0,1.0,0.0,0.0,0.0,0.0,0.0,0.0,0.0,0.0,0.0,0.0,0.0,0.0,0.0,0.0,0.0,0.0,0.0,0.0,0.0,0.0,0.0,1.0,0.0,0.0,0.0,1.0,0.0,0.0,0.0,0.0,1.0,0.0,0.0,0.0,0.0,219500.0,0.47604157697455896
-0.06491841398858939,0.8460419461829704,-0.22965771082925104,0.659387343747369,-0.2567956519889448,0.7772367703207032,0.2059921720278468,0.29818073040869925,1.0,0.0,0.0,0.0,0.0,0.0,0.0,0.0,0.0,0.0,0.0,0.0,0.0,0.0,0.0,0.0,0.0,0.0,0.0,0.0,0.0,0.0,0.0,0.0,0.0,0.0,0.0,0.0,1.0,0.0,0.0,0.0,0.0,0.0,1.0,0.0,0.0,0.0,1.0,0.0,0.0,0.0,0.0,187000.0,0.069727006070076
-0.06491841398858939,1.1767954356176706,0.6100389100455584,-0.008113378119811152,-0.6378757083066393,2.5764609417967326,0.2059921720278468,0.29818073040869925,0.0,0.0,0.0,0.0,0.0,0.0,0.0,0.0,0.0,0.0,0.0,0.0,0.0,1.0,0.0,0.0,0.0,0.0,0.0,0.0,0.0,0.0,0.0,0.0,0.0,0.0,0.0,0.0,1.0,0.0,0.0,0.0,0.0,1.0,0.0,0.0,0.0,0.0,1.0,0.0,0.0,0.0,0.0,181755.0,0.004154085319490978
1.336635976438749,0.9121926440699104,-0.8627303430608719,0.16805983293017773,-0.21494292904075868,0.7772367703207032,0.2059921720278468,0.29818073040869925,0.0,0.0,0.0,0.0,1.0,0.0,0.0,0.0,0.0,0.0,0.0,0.0,0.0,0.0,0.0,0.0,0.0,0.0,0.0,0.0,0.0,0.0,0.0,0.0,0.0,0.0,0.0,1.0,0.0,0.0,0.0,0.0,0.0,1.0,0.0,0.0,0.0,0.0,1.0,0.0,0.0,0.0,0.0,170000.0,-0.14280676947996124
-0.7656956092022585,-0.675424105216651,0.30776602573917217,-0.5366330112697778,-2.3296068253701616,-1.021987401155326,-0.9976828844653559,0.29818073040869925,0.0,0.0,0.0,0.0,0.0,0.0,0.0,0.0,0.0,0.0,0.0,0.0,0.0,0.0,0.0,0.0,1.0,0.0,0.0,0.0,0.0,0.0,0.0,0.0,0.0,0.0,0.0,0.0,1.0,0.0,0.0,0.0,0.0,0.0,1.0,0.0,0.0,0.0,0.0,1.0,0.0,0.0,0.0,153500.0,-0.349089551631468
-1.4664728044159276,-0.24544456895154054,0.44100325934720547,-0.9692361184036394,-0.11581805890031792,-1.021987401155326,0.2059921720278468,0.29818073040869925,0.0,0.0,0.0,0.0,0.0,1.0,0.0,0.0,0.0,0.0,0.0,0.0,0.0,0.0,0.0,0.0,0.0,0.0,0.0,0.0,0.0,0.0,0.0,0.0,0.0,0.0,0.0,1.0,0.0,0.0,0.0,0.0,0.0,0.0,1.0,0.0,0.0,0.0,0.0,1.0,0.0,0.0,0.0,115400.0,-0.8254152485994927
0.6358587812250798,1.1437200866742006,-0.7552232217365059,-0.28999051579979335,0.648544828627081,0.7772367703207032,-0.9976828844653559,0.29818073040869925,0.0,0.0,0.0,0.0,1.0,0.0,0.0,0.0,0.0,0.0,0.0,0.0,0.0,0.0,0.0,0.0,0.0,0.0,0.0,0.0,0.0,0.0,0.0,0.0,0.0,0.0,0.0,0.0,1.0,0.0,0.0,0.0,0.0,1.0,0.0,0.0,0.0,0.0,0.0,0.0,1.0,0.0,0.0,194000.0,0.1572409136495031
-0.7656956092022585,-2.3622669013336224,5.173218388527237,0.6574298636245913,-0.8185032494514425,0.7772367703207032,1.4096672285210494,-1.0371220601333149,0.0,0.0,0.0,0.0,0.0,0.0,0.0,0.0,0.0,0.0,0.0,0.0,0.0,0.0,0.0,0.0,0.0,0.0,0.0,1.0,0.0,0.0,0.0,0.0,0.0,0.0,0.0,1.0,0.0,0.0,0.0,0.0,0.0,0.0,1.0,0.0,0.0,0.0,0.0,1.0,0.0,0.0,0.0,103000.0,-0.9804398848830492
2.037413171652418,1.2429461335046108,0.28662258564520215,1.6909793684511927,2.8028586730126603,0.7772367703207032,-0.9976828844653559,1.6334835209507133,0.0,0.0,0.0,1.0,0.0,0.0,0.0,0.0,0.0,0.0,0.0,0.0,0.0,0.0,0.0,0.0,0.0,0.0,0.0,0.0,0.0,0.0,0.0,0.0,0.0,0.0,0.0,0.0,1.0,0.0,0.0,0.0,0.0,0.0,0.0,1.0,0.0,0.0,0.0,0.0,1.0,0.0,0.0,611657.0,5.378783213349616
0.6358587812250798,1.1437200866742006,-0.013412897593039121,-0.01594329861092177,-0.7039589550669332,0.7772367703207032,0.2059921720278468,0.29818073040869925,0.0,0.0,0.0,0.0,0.0,0.0,0.0,0.0,0.0,0.0,0.0,0.0,0.0,1.0,0.0,0.0,0.0,0.0,0.0,0.0,0.0,0.0,0.0,0.0,0.0,0.0,0.0,0.0,1.0,0.0,0.0,0.0,0.0,1.0,0.0,0.0,0.0,0.0,1.0,0.0,0.0,0.0,0.0,169985.0,-0.14299429928191718
-0.06491841398858939,0.7798912482960303,-0.21298907287157098,0.2130818757540638,-0.6687145567947764,0.7772367703207032,0.2059921720278468,0.29818073040869925,1.0,0.0,0.0,0.0,0.0,0.0,0.0,0.0,0.0,0.0,0.0,0.0,0.0,0.0,0.0,0.0,0.0,0.0,0.0,0.0,0.0,0.0,0.0,0.0,0.0,0.0,0.0,0.0,1.0,0.0,0.0,0.0,0.0,1.0,0.0,0.0,0.0,0.0,1.0,0.0,0.0,0.0,0.0,182000.0,0.007217072084770926
-0.06491841398858939,-0.37774596472542066,0.8102863056445337,-0.04334802032980893,0.9260944650203151,0.7772367703207032,0.2059921720278468,0.29818073040869925,0.0,1.0,0.0,0.0,0.0,0.0,0.0,0.0,0.0,0.0,0.0,0.0,0.0,0.0,0.0,0.0,0.0,0.0,0.0,0.0,0.0,0.0,0.0,0.0,0.0,0.0,0.0,0.0,1.0,0.0,0.0,0.0,0.0,0.0,1.0,0.0,0.0,0.0,0.0,1.0,0.0,0.0,0.0,157500.0,-0.2990816044432239
-0.7656956092022585,-0.3115952668384806,-0.3755362604723035,-1.2452408157152886,-0.426409318673699,-1.021987401155326,0.2059921720278468,-1.0371220601333149,0.0,1.0,0.0,0.0,0.0,0.0,0.0,0.0,0.0,0.0,0.0,0.0,0.0,0.0,0.0,0.0,0.0,0.0,0.0,0.0,0.0,0.0,0.0,0.0,0.0,0.0,0.0,0.0,1.0,0.0,0.0,0.0,0.0,0.0,1.0,0.0,0.0,0.0,0.0,1.0,0.0,0.0,0.0,105000.0,-0.9554359112889272
-0.06491841398858939,-0.04699247529072038,-0.26366620706505467,1.7829809342217424,-0.10920973422428853,0.7772367703207032,1.4096672285210494,0.29818073040869925,0.0,0.0,0.0,0.0,0.0,0.0,0.0,0.0,0.0,0.0,0.0,0.0,0.0,0.0,1.0,0.0,0.0,0.0,0.0,0.0,0.0,0.0,0.0,0.0,0.0,0.0,0.0,0.0,1.0,0.0,0.0,0.0,0.0,0.0,1.0,0.0,0.0,0.0,0.0,1.0,0.0,0.0,0.0,240050.0,0.7329574056541628
-0.06491841398858939,-0.6092734073297109,0.010639163889519368,-0.7950203874764282,0.08022890648855383,-1.021987401155326,0.2059921720278468,0.29818073040869925,0.0,0.0,0.0,0.0,0.0,0.0,0.0,0.0,0.0,0.0,0.0,0.0,1.0,0.0,0.0,0.0,0.0,0.0,0.0,0.0,0.0,0.0,0.0,0.0,0.0,0.0,0.0,0.0,1.0,0.0,0.0,0.0,0.0,0.0,1.0,0.0,0.0,0.0,0.0,1.0,0.0,0.0,0.0,155000.0,-0.33033657143587647
-0.06491841398858939,0.2837610141439799,-1.0131955648936215,-0.5307605709014448,-1.0938501109526668,-1.021987401155326,-0.9976828844653559,0.29818073040869925,0.0,0.0,0.0,0.0,0.0,0.0,0.0,0.0,0.0,0.0,0.0,0.0,0.0,0.0,0.0,0.0,0.0,0.0,0.0,0.0,0.0,0.0,1.0,0.0,0.0,0.0,0.0,0.0,1.0,0.0,0.0,0.0,0.0,0.0,1.0,0.0,0.0,0.0,1.0,0.0,0.0,0.0,0.0,124000.0,-0.7178981621447679
-0.7656956092022585,0.01915822259621968,-0.3531622497908537,-1.4331589075019435,-0.6378757083066393,-1.021987401155326,-0.9976828844653559,-1.0371220601333149,0.0,0.0,0.0,0.0,0.0,0.0,0.0,1.0,0.0,0.0,0.0,0.0,0.0,0.0,0.0,0.0,0.0,0.0,0.0,0.0,0.0,0.0,0.0,0.0,0.0,0.0,0.0,1.0,0.0,0.0,0.0,0.0,0.0,0.0,1.0,0.0,0.0,0.0,1.0,0.0,0.0,0.0,0.0,133900.0,-0.5941284928538638
-1.4664728044159276,-0.6092734073297109,-0.09228128524514952,0.28746612041961467,0.10445943030066157,-1.021987401155326,0.2059921720278468,-1.0371220601333149,0.0,1.0,0.0,0.0,0.0,0.0,0.0,0.0,0.0,0.0,0.0,0.0,0.0,0.0,0.0,0.0,0.0,0.0,0.0,0.0,0.0,0.0,0.0,0.0,0.0,0.0,0.0,0.0,1.0,0.0,0.0,0.0,0.0,0.0,1.0,0.0,0.0,0.0,0.0,1.0,0.0,0.0,0.0,153000.0,-0.3553405450299985
-0.7656956092022585,-1.0392529435948212,-0.24576699851989486,-0.716721182565322,-0.6643090070107568,-1.021987401155326,0.2059921720278468,-1.0371220601333149,0.0,0.0,0.0,0.0,0.0,0.0,0.0,0.0,0.0,0.0,0.0,0.0,1.0,0.0,0.0,0.0,0.0,0.0,0.0,0.0,0.0,0.0,0.0,0.0,0.0,0.0,0.0,1.0,0.0,0.0,0.0,0.0,0.0,0.0,1.0,0.0,0.0,0.0,0.0,1.0,0.0,0.0,0.0,126000.0,-0.6928941885506459
-0.7656956092022585,1.0775693887872606,-0.027172914162130725,-0.13730706622313635,0.8203612702038449,0.7772367703207032,0.2059921720278468,0.29818073040869925,0.0,0.0,1.0,0.0,0.0,0.0,0.0,0.0,0.0,0.0,0.0,0.0,0.0,0.0,0.0,0.0,0.0,0.0,0.0,0.0,0.0,0.0,0.0,0.0,0.0,0.0,0.0,0.0,1.0,0.0,0.0,0.0,0.0,1.0,0.0,0.0,0.0,0.0,0.0,0.0,1.0,0.0,0.0,173500.0,-0.09904981569024769
-0.06491841398858939,-0.17929387106460049,0.6863342864693021,0.7592188300090293,1.012002685808697,0.7772367703207032,-0.9976828844653559,0.29818073040869925,0.0,1.0,0.0,0.0,0.0,0.0,0.0,0.0,0.0,0.0,0.0,0.0,0.0,0.0,0.0,0.0,0.0,0.0,0.0,0.0,0.0,0.0,0.0,0.0,0.0,0.0,0.0,0.0,1.0,0.0,0.0,0.0,0.0,1.0,0.0,0.0,0.0,0.0,0.0,1.0,0.0,0.0,0.0,190000.0,0.10723296646125904
-0.06491841398858939,-1.0392529435948212,-0.48740631387955224,0.336403123489056,-0.168684656308553,-1.021987401155326,0.2059921720278468,-1.0371220601333149,0.0,0.0,0.0,0.0,0.0,0.0,0.0,0.0,0.0,0.0,0.0,1.0,0.0,0.0,0.0,0.0,0.0,0.0,0.0,0.0,0.0,0.0,0.0,0.0,0.0,0.0,0.0,1.0,0.0,0.0,0.0,0.0,0.0,1.0,0.0,0.0,0.0,0.0,0.0,1.0,0.0,0.0,0.0,164900.0,-0.20656690214497242
0.6358587812250798,1.0444940398437905,-0.3832552941574036,0.30508344152461353,-0.6863367559308547,0.7772367703207032,0.2059921720278468,0.29818073040869925,0.0,0.0,0.0,0.0,0.0,0.0,0.0,0.0,0.0,0.0,0.0,0.0,1.0,0.0,0.0,0.0,0.0,0.0,0.0,0.0,0.0,0.0,0.0,0.0,0.0,0.0,0.0,0.0,0.0,1.0,0.0,0.0,0.0,1.0,0.0,0.0,0.0,0.0,1.0,0.0,0.0,0.0,0.0,165400.0,-0.20031590874644192
1.336635976438749,0.7798912482960303,-0.5557589165113813,0.22678423661350736,1.183819127385461,0.7772367703207032,-0.9976828844653559,0.29818073040869925,0.0,0.0,0.0,0.0,0.0,0.0,0.0,0.0,0.0,0.0,0.0,0.0,0.0,0.0,0.0,0.0,0.0,0.0,0.0,0.0,0.0,0.0,0.0,1.0,0.0,0.0,0.0,0.0,1.0,0.0,0.0,0.0,0.0,1.0,0.0,0.0,0.0,0.0,1.0,0.0,0.0,0.0,0.0,236500.0,0.6885753525245962
0.6358587812250798,-1.0392529435948212,-0.3800110626085934,-0.3878645219386761,-0.8317198988035013,-1.021987401155326,-0.9976828844653559,-1.0371220601333149,0.0,0.0,0.0,0.0,0.0,1.0,0.0,0.0,0.0,0.0,0.0,0.0,0.0,0.0,0.0,0.0,0.0,0.0,0.0,0.0,0.0,0.0,0.0,0.0,0.0,0.0,0.0,0.0,1.0,0.0,0.0,0.0,0.0,1.0,0.0,0.0,0.0,0.0,0.0,1.0,0.0,0.0,0.0,165250.0,-0.20219120676600108
-0.06491841398858939,0.2837610141439799,-0.057937178849124145,1.4423793928584308,-0.7612311022591878,0.7772367703207032,0.2059921720278468,0.29818073040869925,0.0,0.0,0.0,0.0,0.0,0.0,0.0,0.0,0.0,0.0,0.0,0.0,0.0,0.0,0.0,1.0,0.0,0.0,0.0,0.0,0.0,0.0,0.0,0.0,0.0,0.0,0.0,0.0,0.0,1.0,0.0,0.0,0.0,0.0,1.0,0.0,0.0,0.0,1.0,0.0,0.0,0.0,0.0,204000.0,0.28226078162011325
0.6358587812250798,1.2429461335046108,-0.19206937288441545,0.09171810814184922,-0.6643090070107568,0.7772367703207032,0.2059921720278468,0.29818073040869925,0.0,0.0,0.0,0.0,1.0,0.0,0.0,0.0,0.0,0.0,0.0,0.0,0.0,0.0,0.0,0.0,0.0,0.0,0.0,0.0,0.0,0.0,0.0,0.0,0.0,0.0,0.0,0.0,1.0,0.0,0.0,0.0,0.0,1.0,0.0,0.0,0.0,0.0,1.0,0.0,0.0,0.0,0.0,215200.0,0.4222830337471966
0.6358587812250798,0.8129665972395004,-0.17976366700961807,0.4225322488912728,-0.39116492040154227,0.7772367703207032,-0.9976828844653559,0.29818073040869925,0.0,0.0,0.0,0.0,0.0,0.0,0.0,1.0,0.0,0.0,0.0,0.0,0.0,0.0,0.0,0.0,0.0,0.0,0.0,0.0,0.0,0.0,0.0,0.0,0.0,0.0,0.0,0.0,1.0,0.0,0.0,0.0,0.0,1.0,0.0,0.0,0.0,0.0,1.0,0.0,0.0,0.0,0.0,191000.0,0.11973495325832005
-0.06491841398858939,-2.3622669013336224,-0.5019494208224946,-0.4113542834120079,-1.1092695351967354,-1.021987401155326,0.2059921720278468,-1.0371220601333149,0.0,0.0,0.0,0.0,0.0,0.0,0.0,0.0,0.0,0.0,0.0,1.0,0.0,0.0,0.0,0.0,0.0,0.0,0.0,0.0,0.0,0.0,0.0,0.0,0.0,0.0,0.0,1.0,0.0,0.0,0.0,0.0,0.0,0.0,1.0,0.0,0.0,0.0,0.0,1.0,0.0,0.0,0.0,106900.0,-0.9316821363745112
-1.4664728044159276,-0.013917126347250347,-0.15179615365780588,-1.2452408157152886,-0.426409318673699,-1.021987401155326,0.2059921720278468,0.29818073040869925,0.0,1.0,0.0,0.0,0.0,0.0,0.0,0.0,0.0,0.0,0.0,0.0,0.0,0.0,0.0,0.0,0.0,0.0,0.0,0.0,0.0,0.0,0.0,0.0,0.0,0.0,0.0,1.0,0.0,0.0,0.0,0.0,0.0,0.0,1.0,0.0,0.0,0.0,0.0,1.0,0.0,0.0,0.0,120500.0,-0.7616551159344814
-0.06491841398858939,-1.5023078288034015,-0.3581964021941799,-0.07662518241702905,-0.8185032494514425,-1.021987401155326,0.2059921720278468,-1.0371220601333149,0.0,0.0,0.0,0.0,0.0,0.0,0.0,0.0,0.0,0.0,0.0,0.0,0.0,0.0,0.0,0.0,1.0,0.0,0.0,0.0,0.0,0.0,0.0,0.0,0.0,0.0,0.0,1.0,0.0,0.0,0.0,0.0,0.0,0.0,1.0,0.0,0.0,0.0,0.0,1.0,0.0,0.0,0.0,135000.0,-0.5803763073770968
0.6358587812250798,1.0444940398437905,-0.29163372041686686,-0.3526298797286783,-0.8757753966436972,0.7772367703207032,0.2059921720278468,0.29818073040869925,0.0,0.0,0.0,0.0,0.0,0.0,0.0,0.0,0.0,0.0,0.0,0.0,0.0,1.0,0.0,0.0,0.0,0.0,0.0,0.0,0.0,0.0,0.0,0.0,0.0,0.0,0.0,0.0,1.0,0.0,0.0,0.0,0.0,1.0,0.0,0.0,0.0,0.0,1.0,0.0,0.0,0.0,0.0,162000.0,-0.24282266385644938
0.6358587812250798,1.0775693887872606,-0.21332468303179272,-0.1255621854864704,0.8335779195559037,0.7772367703207032,0.2059921720278468,0.29818073040869925,0.0,0.0,0.0,0.0,0.0,0.0,0.0,1.0,0.0,0.0,0.0,0.0,0.0,0.0,0.0,0.0,0.0,0.0,0.0,0.0,0.0,0.0,0.0,0.0,0.0,0.0,0.0,0.0,1.0,0.0,0.0,0.0,0.0,1.0,0.0,0.0,0.0,0.0,1.0,0.0,0.0,0.0,0.0,210000.0,0.3572727024024793
0.6358587812250798,0.5483638056917401,0.38931929467305654,1.3366754662284372,0.32253414460963126,0.7772367703207032,1.4096672285210494,1.6334835209507133,0.0,0.0,0.0,0.0,0.0,0.0,0.0,0.0,0.0,0.0,0.0,0.0,0.0,0.0,1.0,0.0,0.0,0.0,0.0,0.0,0.0,0.0,0.0,0.0,0.0,0.0,0.0,0.0,1.0,0.0,0.0,0.0,0.0,1.0,0.0,0.0,0.0,0.0,1.0,0.0,0.0,0.0,0.0,229000.0,0.5948104515466386
-0.06491841398858939,-0.34467061578195063,-0.4014901128627852,-1.1512817698219613,-0.3206761238572288,-1.021987401155326,0.2059921720278468,-1.0371220601333149,0.0,0.0,0.0,0.0,0.0,1.0,0.0,0.0,0.0,0.0,0.0,0.0,0.0,0.0,0.0,0.0,0.0,0.0,0.0,0.0,0.0,0.0,0.0,0.0,0.0,0.0,0.0,1.0,0.0,0.0,0.0,0.0,0.0,1.0,0.0,0.0,0.0,0.0,0.0,1.0,0.0,0.0,0.0,142000.0,-0.49286239979766966
-0.7656956092022585,-1.1384789904252313,-0.3531622497908537,0.5243212152757109,-0.7193783793110017,-1.021987401155326,0.2059921720278468,-1.0371220601333149,0.0,0.0,0.0,0.0,0.0,0.0,0.0,0.0,0.0,0.0,1.0,0.0,0.0,0.0,0.0,0.0,0.0,0.0,0.0,0.0,0.0,0.0,0.0,0.0,0.0,0.0,0.0,1.0,0.0,0.0,0.0,0.0,0.0,1.0,0.0,0.0,0.0,0.0,1.0,0.0,0.0,0.0,0.0,175000.0,-0.08029683549465617
-0.06491841398858939,-0.11314317317766043,1.2554172481519768,-0.023773219102032388,0.9481222139404131,0.7772367703207032,0.2059921720278468,0.29818073040869925,0.0,0.0,0.0,0.0,0.0,0.0,0.0,0.0,0.0,0.0,0.0,0.0,0.0,0.0,0.0,0.0,1.0,0.0,0.0,0.0,0.0,0.0,0.0,0.0,0.0,0.0,0.0,0.0,1.0,0.0,0.0,0.0,0.0,0.0,1.0,0.0,0.0,0.0,1.0,0.0,0.0,0.0,0.0,215000.0,0.4197826363877844
1.336635976438749,1.1437200866742006,-0.019565750530437805,0.3129133620157242,1.3269994953660977,0.7772367703207032,0.2059921720278468,0.29818073040869925,0.0,0.0,0.0,0.0,1.0,0.0,0.0,0.0,0.0,0.0,0.0,0.0,0.0,0.0,0.0,0.0,0.0,0.0,0.0,0.0,0.0,0.0,0.0,0.0,0.0,0.0,0.0,0.0,1.0,0.0,0.0,0.0,0.0,1.0,0.0,0.0,0.0,0.0,0.0,0.0,1.0,0.0,0.0,290000.0,1.3574316461673606
0.6358587812250798,-1.866136667181572,-0.09026762428381904,0.42448972901405047,-0.6643090070107568,-1.021987401155326,0.2059921720278468,1.6334835209507133,0.0,0.0,0.0,0.0,0.0,0.0,0.0,0.0,0.0,0.0,0.0,0.0,0.0,0.0,0.0,0.0,1.0,0.0,0.0,0.0,0.0,0.0,0.0,0.0,0.0,0.0,0.0,1.0,0.0,0.0,0.0,0.0,0.0,1.0,0.0,0.0,0.0,0.0,0.0,1.0,0.0,0.0,0.0,140000.0,-0.5178663733917916
-0.7656956092022585,-0.34467061578195063,0.03379626494481987,-0.881149512878645,-0.016693188759877145,-1.021987401155326,0.2059921720278468,-1.0371220601333149,0.0,1.0,0.0,0.0,0.0,0.0,0.0,0.0,0.0,0.0,0.0,0.0,0.0,0.0,0.0,0.0,0.0,0.0,0.0,0.0,0.0,0.0,0.0,0.0,0.0,0.0,0.0,0.0,1.0,0.0,0.0,0.0,0.0,0.0,1.0,0.0,0.0,0.0,0.0,1.0,0.0,0.0,0.0,136500.0,-0.5616233271815052
1.336635976438749,0.5483638056917401,0.19880459372051185,0.49300153331126834,-1.0982556607366865,0.7772367703207032,1.4096672285210494,0.29818073040869925,0.0,0.0,0.0,0.0,0.0,0.0,0.0,0.0,0.0,0.0,0.0,0.0,0.0,1.0,0.0,0.0,0.0,0.0,0.0,0.0,0.0,0.0,0.0,0.0,0.0,0.0,0.0,0.0,0.0,0.0,1.0,0.0,0.0,0.0,1.0,0.0,0.0,0.0,1.0,0.0,0.0,0.0,0.0,164000.0,-0.21781869026232734
-0.7656956092022585,-1.7007599224642218,-0.6568894447915342,-1.1043022468752977,-0.26780952644899375,-1.021987401155326,-0.9976828844653559,-2.372424850675329,0.0,0.0,0.0,0.0,0.0,0.0,0.0,0.0,0.0,1.0,0.0,0.0,0.0,0.0,0.0,0.0,0.0,0.0,0.0,0.0,0.0,0.0,0.0,0.0,0.0,0.0,0.0,0.0,1.0,0.0,0.0,0.0,0.0,0.0,1.0,0.0,0.0,0.0,0.0,1.0,0.0,0.0,0.0,109500.0,-0.8991769707021526
-0.7656956092022585,-0.3115952668384806,0.14790371942021363,0.11716534973795872,1.582521382839234,0.7772367703207032,0.2059921720278468,0.29818073040869925,0.0,0.0,0.0,0.0,0.0,0.0,0.0,0.0,0.0,0.0,0.0,0.0,1.0,0.0,0.0,0.0,0.0,0.0,0.0,0.0,0.0,0.0,0.0,0.0,0.0,0.0,0.0,0.0,1.0,0.0,0.0,0.0,0.0,0.0,1.0,0.0,0.0,0.0,0.0,1.0,0.0,0.0,0.0,182000.0,0.007217072084770926
-1.4664728044159276,-0.04699247529072038,-0.054133597033277685,-1.0573227239286338,-0.21494292904075868,-1.021987401155326,0.2059921720278468,0.29818073040869925,0.0,0.0,0.0,0.0,0.0,0.0,0.0,0.0,0.0,0.0,0.0,1.0,0.0,0.0,0.0,0.0,0.0,0.0,0.0,0.0,0.0,0.0,0.0,0.0,0.0,0.0,0.0,1.0,0.0,0.0,0.0,0.0,0.0,0.0,1.0,0.0,0.0,0.0,0.0,1.0,0.0,0.0,0.0,129000.0,-0.6553882281594628
0.6358587812250798,0.1514596183700998,0.004821921112342431,-0.25475587358979557,0.07141780692051465,0.7772367703207032,0.2059921720278468,0.29818073040869925,0.0,0.0,0.0,0.0,0.0,0.0,0.0,0.0,0.0,0.0,0.0,0.0,0.0,0.0,1.0,0.0,0.0,0.0,0.0,0.0,0.0,0.0,0.0,0.0,0.0,0.0,0.0,0.0,1.0,0.0,0.0,0.0,0.0,0.0,1.0,0.0,0.0,0.0,1.0,0.0,0.0,0.0,0.0,152000.0,-0.3678425318270595
0.6358587812250798,0.9121926440699104,0.04531888044576649,0.9451794416729065,-0.17529298098458237,0.7772367703207032,0.2059921720278468,0.29818073040869925,0.0,0.0,0.0,0.0,0.0,0.0,0.0,0.0,0.0,0.0,0.0,0.0,0.0,1.0,0.0,0.0,0.0,0.0,0.0,0.0,0.0,0.0,0.0,0.0,0.0,0.0,0.0,0.0,1.0,0.0,0.0,0.0,0.0,1.0,0.0,0.0,0.0,0.0,1.0,0.0,0.0,0.0,0.0,225000.0,0.5448025043583945
1.336635976438749,-2.031513411898922,-0.0022258922523142426,0.5321511357668214,-0.7325950286630605,0.7772367703207032,0.2059921720278468,0.29818073040869925,0.0,0.0,0.0,0.0,0.0,0.0,0.0,0.0,0.0,1.0,0.0,0.0,0.0,0.0,0.0,0.0,0.0,0.0,0.0,0.0,0.0,0.0,0.0,0.0,0.0,0.0,0.0,1.0,0.0,0.0,0.0,0.0,0.0,1.0,0.0,0.0,0.0,0.0,0.0,1.0,0.0,0.0,0.0,184900.0,0.04347283379624787
-0.06491841398858939,1.1437200866742006,-0.11633334672770801,-0.3643747604653442,0.5648393827307087,0.7772367703207032,0.2059921720278468,0.29818073040869925,0.0,0.0,0.0,0.0,0.0,0.0,0.0,1.0,0.0,0.0,0.0,0.0,0.0,0.0,0.0,0.0,0.0,0.0,0.0,0.0,0.0,0.0,0.0,0.0,0.0,0.0,0.0,0.0,1.0,0.0,0.0,0.0,0.0,1.0,0.0,0.0,0.0,0.0,1.0,0.0,0.0,0.0,0.0,176432.0,-0.0623939904012648
-0.06491841398858939,0.18453496731356983,-0.24162780654382665,-0.4211416840258962,-0.8757753966436972,-1.021987401155326,0.2059921720278468,0.29818073040869925,0.0,0.0,0.0,0.0,0.0,1.0,0.0,0.0,0.0,0.0,0.0,0.0,0.0,0.0,0.0,0.0,0.0,0.0,0.0,0.0,0.0,0.0,0.0,0.0,0.0,0.0,0.0,0.0,1.0,0.0,0.0,0.0,0.0,0.0,1.0,0.0,0.0,0.0,0.0,1.0,0.0,0.0,0.0,143500.0,-0.47410941960207814
-0.7656956092022585,-0.9731022457078812,-0.4471330946529427,-0.09228502339925028,-0.4902897905419831,-1.021987401155326,0.2059921720278468,-1.0371220601333149,0.0,0.0,0.0,0.0,0.0,0.0,0.0,0.0,0.0,0.0,0.0,1.0,0.0,0.0,0.0,0.0,0.0,0.0,0.0,0.0,0.0,0.0,0.0,0.0,0.0,0.0,0.0,1.0,0.0,0.0,0.0,0.0,0.0,1.0,0.0,0.0,0.0,0.0,0.0,1.0,0.0,0.0,0.0,132000.0,-0.6178822677682798
1.336635976438749,1.1767954356176706,0.0313351237698604,0.4264472091368281,1.4261243655065385,0.7772367703207032,0.2059921720278468,1.6334835209507133,0.0,0.0,0.0,0.0,0.0,0.0,0.0,1.0,0.0,0.0,0.0,0.0,0.0,0.0,0.0,0.0,0.0,0.0,0.0,0.0,0.0,0.0,0.0,0.0,0.0,0.0,0.0,0.0,1.0,0.0,0.0,0.0,0.0,1.0,0.0,0.0,0.0,0.0,0.0,0.0,1.0,0.0,0.0,297000.0,1.4449455537467877
0.6358587812250798,1.1106447377307307,-0.21891818570215515,0.21699683599961908,-0.6026313100344826,0.7772367703207032,0.2059921720278468,0.29818073040869925,0.0,0.0,0.0,0.0,0.0,0.0,0.0,1.0,0.0,0.0,0.0,0.0,0.0,0.0,0.0,0.0,0.0,0.0,0.0,0.0,0.0,0.0,0.0,0.0,0.0,0.0,0.0,0.0,1.0,0.0,0.0,0.0,0.0,1.0,0.0,0.0,0.0,0.0,1.0,0.0,0.0,0.0,0.0,195800.0,0.17974448988421293
1.336635976438749,1.1767954356176706,0.7050165853883126,1.27599358242233,1.1551830537893337,0.7772367703207032,0.2059921720278468,0.29818073040869925,0.0,0.0,0.0,1.0,0.0,0.0,0.0,0.0,0.0,0.0,0.0,0.0,0.0,0.0,0.0,0.0,0.0,0.0,0.0,0.0,0.0,0.0,0.0,0.0,0.0,0.0,0.0,1.0,0.0,0.0,0.0,0.0,0.0,1.0,0.0,0.0,0.0,0.0,1.0,0.0,0.0,0.0,0.0,260116.0,0.9838222727239891
-0.7656956092022585,-2.031513411898922,-0.1467620012544797,1.479571515191206,-0.4792759160819341,0.7772367703207032,1.4096672285210494,-2.372424850675329,0.0,0.0,0.0,0.0,0.0,0.0,0.0,0.0,0.0,1.0,0.0,0.0,0.0,0.0,0.0,0.0,0.0,0.0,0.0,0.0,0.0,0.0,0.0,0.0,0.0,0.0,0.0,0.0,1.0,0.0,0.0,0.0,0.0,0.0,0.0,0.0,1.0,0.0,0.0,1.0,0.0,0.0,0.0,76500.0,-1.3117425350051661
-0.06491841398858939,0.9121926440699104,-0.7972863618176315,-0.05705038118925251,-0.7237839290950213,0.7772367703207032,0.2059921720278468,0.29818073040869925,0.0,0.0,0.0,0.0,1.0,0.0,0.0,0.0,0.0,0.0,0.0,0.0,0.0,0.0,0.0,0.0,0.0,0.0,0.0,0.0,0.0,0.0,0.0,0.0,0.0,0.0,0.0,1.0,0.0,0.0,0.0,0.0,0.0,0.0,1.0,0.0,0.0,0.0,1.0,0.0,0.0,0.0,0.0,172500.0,-0.11155180248730871
0.6358587812250798,1.1106447377307307,0.20417435628405978,0.0799732274051833,1.0648692832169322,0.7772367703207032,0.2059921720278468,0.29818073040869925,0.0,0.0,0.0,1.0,0.0,0.0,0.0,0.0,0.0,0.0,0.0,0.0,0.0,0.0,0.0,0.0,0.0,0.0,0.0,0.0,0.0,0.0,0.0,0.0,0.0,0.0,0.0,0.0,1.0,0.0,0.0,0.0,0.0,1.0,0.0,0.0,0.0,0.0,1.0,0.0,0.0,0.0,0.0,220000.0,0.4822925703730895
0.6358587812250798,1.1437200866742006,-0.40216133318322866,-0.5718676534797756,0.28508697144546474,0.7772367703207032,-0.9976828844653559,0.29818073040869925,0.0,0.0,0.0,0.0,0.0,0.0,0.0,1.0,0.0,0.0,0.0,0.0,0.0,0.0,0.0,0.0,0.0,0.0,0.0,0.0,0.0,0.0,0.0,0.0,0.0,0.0,0.0,0.0,1.0,0.0,0.0,0.0,0.0,1.0,0.0,0.0,0.0,0.0,1.0,0.0,0.0,0.0,0.0,206000.0,0.3072647552142353
-1.4664728044159276,-1.3700064330295214,-0.2849215172124319,0.4988739736796013,-0.28102617580105255,0.7772367703207032,1.4096672285210494,-1.0371220601333149,0.0,0.0,0.0,0.0,0.0,0.0,0.0,0.0,0.0,0.0,0.0,0.0,0.0,0.0,0.0,0.0,1.0,0.0,0.0,0.0,0.0,0.0,0.0,0.0,0.0,0.0,0.0,1.0,0.0,0.0,0.0,0.0,0.0,1.0,0.0,0.0,0.0,0.0,0.0,1.0,0.0,0.0,0.0,188000.0,0.08222899286713702
-0.7656956092022585,1.0444940398437905,0.23415553059720245,-0.7950203874764282,0.08022890648855383,-1.021987401155326,0.2059921720278468,0.29818073040869925,1.0,0.0,0.0,0.0,0.0,0.0,0.0,0.0,0.0,0.0,0.0,0.0,0.0,0.0,0.0,0.0,0.0,0.0,0.0,0.0,0.0,0.0,0.0,0.0,0.0,0.0,0.0,1.0,0.0,0.0,0.0,0.0,0.0,1.0,0.0,0.0,0.0,0.0,1.0,0.0,0.0,0.0,0.0,149000.0,-0.40534849221824254
-2.868027194843266,-1.7007599224642218,0.1099797713151563,-0.8106802284586494,-0.7370005784470801,-1.021987401155326,-0.9976828844653559,0.29818073040869925,0.0,0.0,0.0,0.0,0.0,0.0,0.0,0.0,0.0,1.0,0.0,0.0,0.0,0.0,0.0,0.0,0.0,0.0,0.0,0.0,0.0,0.0,0.0,0.0,0.0,0.0,0.0,1.0,0.0,0.0,0.0,0.0,0.0,0.0,1.0,0.0,0.0,0.0,0.0,0.0,0.0,1.0,0.0,55000.0,-1.580535251141978
0.6358587812250798,1.0444940398437905,-0.3755362604723035,0.7513889095179187,-0.2898372753690917,0.7772367703207032,0.2059921720278468,0.29818073040869925,0.0,0.0,0.0,0.0,1.0,0.0,0.0,0.0,0.0,0.0,0.0,0.0,0.0,0.0,0.0,0.0,0.0,0.0,0.0,0.0,0.0,0.0,0.0,0.0,0.0,0.0,0.0,0.0,1.0,0.0,0.0,0.0,0.0,0.0,0.0,1.0,0.0,0.0,1.0,0.0,0.0,0.0,0.0,240900.0,0.7435840944316647
-0.7656956092022585,-0.4108213136688907,-0.44265829251665273,-1.0573227239286338,-0.21494292904075868,-1.021987401155326,-0.9976828844653559,-1.0371220601333149,0.0,0.0,0.0,0.0,0.0,0.0,0.0,0.0,0.0,0.0,0.0,0.0,1.0,0.0,0.0,0.0,0.0,0.0,0.0,0.0,0.0,0.0,0.0,0.0,0.0,0.0,0.0,1.0,0.0,0.0,0.0,0.0,0.0,0.0,0.0,0.0,1.0,0.0,0.0,1.0,0.0,0.0,0.0,131750.0,-0.621007764467545
-0.7656956092022585,-0.0800678242341904,0.33853029042616556,-0.18820154941535536,0.28728974633747456,0.7772367703207032,0.2059921720278468,0.29818073040869925,0.0,0.0,1.0,0.0,0.0,0.0,0.0,0.0,0.0,0.0,0.0,0.0,0.0,0.0,0.0,0.0,0.0,0.0,0.0,0.0,0.0,0.0,0.0,0.0,0.0,0.0,0.0,0.0,1.0,0.0,0.0,0.0,0.0,0.0,1.0,0.0,0.0,0.0,0.0,1.0,0.0,0.0,0.0,160000.0,-0.2678266374505714
-0.7656956092022585,-1.0392529435948212,0.39715019841156396,-0.9868534395086382,-0.13564303292840607,-1.021987401155326,0.2059921720278468,-2.372424850675329,0.0,0.0,0.0,0.0,0.0,0.0,0.0,0.0,0.0,0.0,0.0,0.0,1.0,0.0,0.0,0.0,0.0,0.0,0.0,0.0,0.0,0.0,0.0,0.0,0.0,0.0,0.0,0.0,1.0,0.0,0.0,0.0,0.0,0.0,1.0,0.0,0.0,0.0,0.0,1.0,0.0,0.0,0.0,108000.0,-0.9179299508977441
-0.06491841398858939,-1.7007599224642218,-0.4700664556014287,-0.27041571457201685,-0.9837113663521772,0.7772367703207032,0.2059921720278468,0.29818073040869925,0.0,0.0,0.0,0.0,0.0,0.0,0.0,0.0,0.0,0.0,0.0,1.0,0.0,0.0,0.0,0.0,0.0,0.0,0.0,0.0,0.0,0.0,0.0,0.0,0.0,0.0,0.0,1.0,0.0,0.0,0.0,0.0,0.0,0.0,1.0,0.0,0.0,0.0,0.0,0.0,0.0,1.0,0.0,128000.0,-0.6678902149565239
-0.7656956092022585,-0.47697201155583074,-0.1699191023097802,0.5164912947846002,-2.3296068253701616,0.7772367703207032,1.4096672285210494,-1.0371220601333149,0.0,1.0,0.0,0.0,0.0,0.0,0.0,0.0,0.0,0.0,0.0,0.0,0.0,0.0,0.0,0.0,0.0,0.0,0.0,0.0,0.0,0.0,0.0,0.0,0.0,0.0,0.0,0.0,1.0,0.0,0.0,0.0,0.0,0.0,1.0,0.0,0.0,0.0,0.0,1.0,0.0,0.0,0.0,100000.0,-1.0179458452742323
-0.06491841398858939,0.8791172951264404,-0.17976366700961807,0.35597792471683254,-0.5585758121942866,0.7772367703207032,0.2059921720278468,0.29818073040869925,0.0,0.0,0.0,0.0,0.0,0.0,0.0,1.0,0.0,0.0,0.0,0.0,0.0,0.0,0.0,0.0,0.0,0.0,0.0,0.0,0.0,0.0,0.0,0.0,0.0,0.0,0.0,0.0,1.0,0.0,0.0,0.0,0.0,1.0,0.0,0.0,0.0,0.0,1.0,0.0,0.0,0.0,0.0,200500.0,0.2385038278303997
-1.4664728044159276,-0.04699247529072038,-0.9941776558143893,-1.7032911644452597,-0.9418586434039911,-1.021987401155326,-2.2013579409585584,-2.372424850675329,0.0,0.0,0.0,0.0,0.0,0.0,0.0,0.0,0.0,0.0,0.0,0.0,0.0,0.0,0.0,0.0,0.0,0.0,0.0,0.0,0.0,0.0,0.0,0.0,0.0,1.0,0.0,0.0,1.0,0.0,0.0,0.0,0.0,0.0,1.0,0.0,0.0,0.0,1.0,0.0,0.0,0.0,0.0,73000.0,-1.3554994887948797
-0.7656956092022585,-0.37774596472542066,-0.26366620706505467,-0.241053512730352,0.7036142009273257,-1.021987401155326,0.2059921720278468,-1.0371220601333149,0.0,1.0,0.0,0.0,0.0,0.0,0.0,0.0,0.0,0.0,0.0,0.0,0.0,0.0,0.0,0.0,0.0,0.0,0.0,0.0,0.0,0.0,0.0,0.0,0.0,0.0,0.0,0.0,1.0,0.0,0.0,0.0,0.0,0.0,1.0,0.0,0.0,0.0,0.0,1.0,0.0,0.0,0.0,156500.0,-0.31158359124028495
-1.4664728044159276,-2.031513411898922,-0.17674317556762237,-0.1255621854864704,-0.8405309983715404,0.7772367703207032,0.2059921720278468,0.29818073040869925,0.0,0.0,0.0,0.0,0.0,0.0,0.0,0.0,0.0,0.0,0.0,0.0,1.0,0.0,0.0,0.0,0.0,0.0,0.0,0.0,0.0,0.0,0.0,0.0,0.0,0.0,0.0,0.0,1.0,0.0,0.0,0.0,0.0,0.0,1.0,0.0,0.0,0.0,1.0,0.0,0.0,0.0,0.0,98000.0,-1.0429498188683544
2.037413171652418,1.1437200866742006,0.507342201017704,0.48125665257460243,1.51643813607894,0.7772367703207032,0.2059921720278468,1.6334835209507133,0.0,0.0,0.0,0.0,0.0,0.0,0.0,0.0,0.0,0.0,0.0,0.0,0.0,1.0,0.0,0.0,0.0,0.0,0.0,0.0,0.0,0.0,0.0,0.0,0.0,0.0,0.0,0.0,1.0,0.0,0.0,0.0,0.0,0.0,0.0,1.0,0.0,0.0,0.0,0.0,1.0,0.0,0.0,377500.0,2.451355490910199
0.6358587812250798,0.8460419461829704,-0.1858046498936095,-0.1607968276964682,0.7939279714997274,0.7772367703207032,0.2059921720278468,0.29818073040869925,0.0,0.0,0.0,0.0,0.0,0.0,0.0,1.0,0.0,0.0,0.0,0.0,0.0,0.0,0.0,0.0,0.0,0.0,0.0,0.0,0.0,0.0,0.0,0.0,0.0,0.0,0.0,0.0,1.0,0.0,0.0,0.0,0.0,1.0,0.0,0.0,0.0,0.0,1.0,0.0,0.0,0.0,0.0,226001.0,0.5573169931422526
0.6358587812250798,1.1106447377307307,-0.8740292184550041,-0.5425054516381108,-1.007941890164285,0.7772367703207032,-0.9976828844653559,0.29818073040869925,0.0,0.0,0.0,0.0,1.0,0.0,0.0,0.0,0.0,0.0,0.0,0.0,0.0,0.0,0.0,0.0,0.0,0.0,0.0,0.0,0.0,0.0,0.0,0.0,0.0,0.0,0.0,1.0,0.0,0.0,0.0,0.0,0.0,1.0,0.0,0.0,0.0,0.0,1.0,0.0,0.0,0.0,0.0,147400.0,-0.42535167109354016
-0.06491841398858939,0.21761031625703986,-0.3151264316323891,-1.1512817698219613,-0.3735427212654639,-1.021987401155326,-0.9976828844653559,0.29818073040869925,0.0,0.0,1.0,0.0,0.0,0.0,0.0,0.0,0.0,0.0,0.0,0.0,0.0,0.0,0.0,0.0,0.0,0.0,0.0,0.0,0.0,0.0,0.0,0.0,0.0,0.0,0.0,0.0,1.0,0.0,0.0,0.0,0.0,0.0,1.0,0.0,0.0,0.0,1.0,0.0,0.0,0.0,0.0,156000.0,-0.3178345846388155
-1.4664728044159276,-0.5761980583862408,4.795880698384587,0.3187858023840571,0.6749781273311984,-1.021987401155326,-0.9976828844653559,0.29818073040869925,0.0,0.0,0.0,0.0,0.0,0.0,1.0,0.0,0.0,0.0,0.0,0.0,0.0,0.0,0.0,0.0,0.0,0.0,0.0,0.0,0.0,0.0,0.0,0.0,0.0,0.0,0.0,0.0,1.0,0.0,0.0,0.0,0.0,1.0,0.0,0.0,0.0,0.0,1.0,0.0,0.0,0.0,0.0,256000.0,0.932364095067286
-0.06491841398858939,-1.5353831777468716,-0.21891818570215515,0.3794676861901644,0.271870322093406,0.7772367703207032,1.4096672285210494,0.29818073040869925,0.0,0.0,0.0,0.0,0.0,0.0,0.0,0.0,0.0,0.0,1.0,0.0,0.0,0.0,0.0,0.0,0.0,0.0,0.0,0.0,0.0,0.0,0.0,0.0,0.0,0.0,0.0,1.0,0.0,0.0,0.0,0.0,0.0,0.0,1.0,0.0,0.0,0.0,0.0,1.0,0.0,0.0,0.0,136500.0,-0.5616233271815052
1.336635976438749,0.6806652014656203,0.07474070449187292,2.595335185174469,0.6088948805709046,0.7772367703207032,0.2059921720278468,1.6334835209507133,0.0,0.0,0.0,0.0,0.0,0.0,0.0,0.0,1.0,0.0,0.0,0.0,0.0,0.0,0.0,0.0,0.0,0.0,0.0,0.0,0.0,0.0,0.0,0.0,0.0,0.0,0.0,0.0,1.0,0.0,0.0,0.0,0.0,1.0,0.0,0.0,0.0,0.0,0.0,0.0,1.0,0.0,0.0,334000.0,1.9075190652380452
0.6358587812250798,0.21761031625703986,0.3236515733230015,1.0763306098990093,-0.4968981152180124,0.7772367703207032,1.4096672285210494,0.29818073040869925,0.0,0.0,0.0,0.0,0.0,0.0,0.0,0.0,0.0,0.0,0.0,0.0,0.0,0.0,1.0,0.0,0.0,0.0,0.0,0.0,0.0,0.0,0.0,0.0,0.0,0.0,0.0,0.0,1.0,0.0,0.0,0.0,0.0,1.0,0.0,0.0,0.0,0.0,1.0,0.0,0.0,0.0,0.0,154000.0,-0.34283855823293746
0.6358587812250798,-0.04699247529072038,0.030328293289195157,-0.4368015250081174,0.4833367117263463,-1.021987401155326,-0.9976828844653559,0.29818073040869925,0.0,1.0,0.0,0.0,0.0,0.0,0.0,0.0,0.0,0.0,0.0,0.0,0.0,0.0,0.0,0.0,0.0,0.0,0.0,0.0,0.0,0.0,0.0,0.0,0.0,0.0,0.0,0.0,1.0,0.0,0.0,0.0,0.0,0.0,1.0,0.0,0.0,0.0,0.0,1.0,0.0,0.0,0.0,167000.0,-0.1803127298711443
-0.7656956092022585,-1.5353831777468716,-0.014195987966889864,-0.8263400694408707,-0.007882089191837966,-1.021987401155326,0.2059921720278468,-1.0371220601333149,0.0,0.0,0.0,0.0,0.0,0.0,0.0,0.0,0.0,1.0,0.0,0.0,0.0,0.0,0.0,0.0,0.0,0.0,0.0,0.0,0.0,0.0,0.0,0.0,0.0,0.0,0.0,1.0,0.0,0.0,0.0,0.0,0.0,0.0,0.0,1.0,0.0,0.0,0.0,1.0,0.0,0.0,0.0,125000.0,-0.7053961753477069
1.336635976438749,0.7468158993525603,0.17564749266521135,0.17980471366684367,1.0979109065970791,0.7772367703207032,0.2059921720278468,0.29818073040869925,0.0,0.0,0.0,0.0,0.0,0.0,0.0,1.0,0.0,0.0,0.0,0.0,0.0,0.0,0.0,0.0,0.0,0.0,0.0,0.0,0.0,0.0,0.0,0.0,0.0,0.0,0.0,0.0,1.0,0.0,0.0,0.0,0.0,1.0,0.0,0.0,0.0,0.0,1.0,0.0,0.0,0.0,0.0,228000.0,0.5823084647495776
2.037413171652418,1.1437200866742006,0.45789563741170003,1.2153116986162227,2.342478720582613,0.7772367703207032,0.2059921720278468,1.6334835209507133,0.0,0.0,0.0,1.0,0.0,0.0,0.0,0.0,0.0,0.0,0.0,0.0,0.0,0.0,0.0,0.0,0.0,0.0,0.0,0.0,0.0,0.0,0.0,0.0,0.0,0.0,0.0,0.0,1.0,0.0,0.0,0.0,0.0,0.0,0.0,1.0,0.0,0.0,0.0,0.0,1.0,0.0,0.0,415298.0,2.9239055878655114
-1.4664728044159276,-0.5761980583862408,-0.2424108969176774,-1.0808124854019656,-0.24137622774487622,-1.021987401155326,0.2059921720278468,-1.0371220601333149,0.0,0.0,0.0,0.0,0.0,0.0,0.0,0.0,0.0,0.0,0.0,0.0,1.0,0.0,0.0,0.0,0.0,0.0,0.0,0.0,0.0,0.0,0.0,0.0,0.0,0.0,0.0,1.0,0.0,0.0,0.0,0.0,0.0,0.0,1.0,0.0,0.0,0.0,0.0,1.0,0.0,0.0,0.0,119000.0,-0.780408096130073
-0.7656956092022585,-0.21236922000807051,-0.21332468303179272,-1.1865164120319591,-0.36032607191340515,-1.021987401155326,0.2059921720278468,-1.0371220601333149,0.0,0.0,0.0,0.0,0.0,1.0,0.0,0.0,0.0,0.0,0.0,0.0,0.0,0.0,0.0,0.0,0.0,0.0,0.0,0.0,0.0,0.0,0.0,0.0,0.0,0.0,0.0,1.0,0.0,0.0,0.0,0.0,0.0,0.0,1.0,0.0,0.0,0.0,0.0,1.0,0.0,0.0,0.0,138500.0,-0.5366193535873832
1.336635976438749,0.7798912482960303,-0.03992610025055709,1.1546298148101155,0.357778542881788,0.7772367703207032,0.2059921720278468,0.29818073040869925,0.0,0.0,0.0,0.0,0.0,0.0,0.0,1.0,0.0,0.0,0.0,0.0,0.0,0.0,0.0,0.0,0.0,0.0,0.0,0.0,0.0,0.0,0.0,0.0,0.0,0.0,0.0,0.0,1.0,0.0,0.0,0.0,0.0,1.0,0.0,0.0,0.0,0.0,1.0,0.0,0.0,0.0,0.0,240000.0,0.7323323063143098
0.6358587812250798,1.2429461335046108,-0.09127445476448429,0.003631502616854774,0.9789610624285502,0.7772367703207032,0.2059921720278468,0.29818073040869925,0.0,0.0,0.0,1.0,0.0,0.0,0.0,0.0,0.0,0.0,0.0,0.0,0.0,0.0,0.0,0.0,0.0,0.0,0.0,0.0,0.0,0.0,0.0,0.0,0.0,0.0,0.0,0.0,1.0,0.0,0.0,0.0,0.0,1.0,0.0,0.0,0.0,0.0,1.0,0.0,0.0,0.0,0.0,233170.0,0.6469437364903831
-0.06491841398858939,0.5483638056917401,-0.017552089569107327,0.017333863476298353,0.8886472918561485,0.7772367703207032,0.2059921720278468,0.29818073040869925,0.0,0.0,0.0,0.0,0.0,0.0,0.0,0.0,0.0,0.0,0.0,0.0,0.0,0.0,0.0,1.0,0.0,0.0,0.0,0.0,0.0,0.0,0.0,0.0,0.0,0.0,0.0,0.0,1.0,0.0,0.0,0.0,0.0,1.0,0.0,0.0,0.0,0.0,1.0,0.0,0.0,0.0,0.0,175000.0,-0.08029683549465617
-1.4664728044159276,-1.1054036414817612,-0.16555617022689748,-1.339199861608616,-0.5321425134901692,-1.021987401155326,-0.9976828844653559,-1.0371220601333149,0.0,0.0,0.0,0.0,0.0,0.0,0.0,0.0,0.0,0.0,0.0,0.0,1.0,0.0,0.0,0.0,0.0,0.0,0.0,0.0,0.0,0.0,0.0,0.0,0.0,0.0,0.0,1.0,0.0,0.0,0.0,0.0,0.0,0.0,1.0,0.0,0.0,0.0,0.0,1.0,0.0,0.0,0.0,100000.0,-1.0179458452742323
-0.7656956092022585,-1.7007599224642218,0.02999268312897341,-1.3020077392758407,-1.3207359248296757,-1.021987401155326,-0.9976828844653559,-1.0371220601333149,0.0,0.0,0.0,0.0,0.0,0.0,0.0,0.0,0.0,0.0,0.0,0.0,1.0,0.0,0.0,0.0,0.0,0.0,0.0,0.0,0.0,0.0,0.0,0.0,0.0,0.0,0.0,0.0,0.0,0.0,1.0,0.0,0.0,0.0,1.0,0.0,0.0,0.0,0.0,1.0,0.0,0.0,0.0,83000.0,-1.2304796208242694
0.6358587812250798,1.1106447377307307,0.09543666437221396,0.22286927636795206,1.2256718503336472,0.7772367703207032,0.2059921720278468,1.6334835209507133,0.0,0.0,0.0,0.0,0.0,0.0,0.0,1.0,0.0,0.0,0.0,0.0,0.0,0.0,0.0,0.0,0.0,0.0,0.0,0.0,0.0,0.0,0.0,0.0,0.0,0.0,0.0,0.0,1.0,0.0,0.0,0.0,0.0,0.0,1.0,0.0,0.0,0.0,1.0,0.0,0.0,0.0,0.0,221500.0,0.501045550568681
-0.06491841398858939,0.6806652014656203,-0.26590360813319963,-0.6129747360581064,0.24323424849727865,0.7772367703207032,0.2059921720278468,0.29818073040869925,0.0,0.0,0.0,0.0,0.0,0.0,0.0,0.0,0.0,0.0,0.0,0.0,0.0,1.0,0.0,0.0,0.0,0.0,0.0,0.0,0.0,0.0,0.0,0.0,0.0,0.0,0.0,0.0,1.0,0.0,0.0,0.0,0.0,0.0,1.0,0.0,0.0,0.0,1.0,0.0,0.0,0.0,0.0,185000.0,0.04472303247595397
-0.06491841398858939,-1.0723282925382913,-0.48740631387955224,-0.1725417084331341,-0.6114424096025217,-1.021987401155326,1.4096672285210494,-1.0371220601333149,0.0,0.0,0.0,0.0,0.0,0.0,0.0,0.0,0.0,0.0,0.0,1.0,0.0,0.0,0.0,0.0,0.0,0.0,0.0,0.0,0.0,0.0,0.0,0.0,0.0,0.0,0.0,1.0,0.0,0.0,0.0,0.0,0.0,0.0,1.0,0.0,0.0,0.0,0.0,1.0,0.0,0.0,0.0,132500.0,-0.6116312743697493
2.037413171652418,1.2098707845611407,0.4732218347284931,0.01146142310796539,0.9701499628605109,0.7772367703207032,-0.9976828844653559,0.29818073040869925,0.0,0.0,0.0,0.0,1.0,0.0,0.0,0.0,0.0,0.0,0.0,0.0,0.0,0.0,0.0,0.0,0.0,0.0,0.0,0.0,0.0,0.0,0.0,0.0,0.0,0.0,0.0,0.0,1.0,0.0,0.0,0.0,0.0,0.0,0.0,1.0,0.0,0.0,1.0,0.0,0.0,0.0,0.0,264132.0,1.0340302517009863
0.6358587812250798,1.1767954356176706,-0.5991644972333938,-0.3643747604653442,0.5648393827307087,0.7772367703207032,-0.9976828844653559,0.29818073040869925,0.0,0.0,0.0,1.0,0.0,0.0,0.0,0.0,0.0,0.0,0.0,0.0,0.0,0.0,0.0,0.0,0.0,0.0,0.0,0.0,0.0,0.0,0.0,0.0,0.0,0.0,0.0,0.0,1.0,0.0,0.0,0.0,0.0,1.0,0.0,0.0,0.0,0.0,1.0,0.0,0.0,0.0,0.0,230000.0,0.6073124383436996
-0.7656956092022585,-0.27851991789501057,-0.23569869371324248,-0.875277072510312,-0.010084864083847761,-1.021987401155326,0.2059921720278468,0.29818073040869925,0.0,1.0,0.0,0.0,0.0,0.0,0.0,0.0,0.0,0.0,0.0,0.0,0.0,0.0,0.0,0.0,0.0,0.0,0.0,0.0,0.0,0.0,0.0,0.0,0.0,0.0,0.0,0.0,0.0,0.0,0.0,1.0,0.0,1.0,0.0,0.0,0.0,0.0,0.0,1.0,0.0,0.0,0.0,142100.0,-0.49161220111796355
0.6358587812250798,1.1106447377307307,-0.8026561243811794,0.10737794912407045,0.6948031013592866,0.7772367703207032,-0.9976828844653559,0.29818073040869925,0.0,0.0,0.0,0.0,0.0,0.0,0.0,0.0,0.0,0.0,0.0,0.0,0.0,0.0,0.0,0.0,0.0,0.0,0.0,0.0,0.0,0.0,0.0,0.0,1.0,0.0,0.0,0.0,1.0,0.0,0.0,0.0,0.0,1.0,0.0,0.0,0.0,0.0,1.0,0.0,0.0,0.0,0.0,192500.0,0.13848793345391158
2.738190366866087,1.1106447377307307,0.2441119653504476,2.5248659007544734,1.238888499685706,0.7772367703207032,1.4096672285210494,2.9687863114927273,0.0,0.0,0.0,1.0,0.0,0.0,0.0,0.0,0.0,0.0,0.0,0.0,0.0,0.0,0.0,0.0,0.0,0.0,0.0,0.0,0.0,0.0,0.0,0.0,0.0,0.0,0.0,0.0,0.0,1.0,0.0,0.0,0.0,0.0,0.0,1.0,0.0,0.0,0.0,0.0,1.0,0.0,0.0,460000.0,3.482769401667733
0.6358587812250798,0.7798912482960303,-0.20437507875921282,-0.051177940820919546,-1.4837412668384005,0.7772367703207032,0.2059921720278468,0.29818073040869925,0.0,0.0,0.0,0.0,0.0,0.0,0.0,0.0,0.0,0.0,0.0,0.0,0.0,1.0,0.0,0.0,0.0,0.0,0.0,0.0,0.0,0.0,0.0,0.0,0.0,0.0,0.0,0.0,0.0,1.0,0.0,0.0,0.0,0.0,1.0,0.0,0.0,0.0,1.0,0.0,0.0,0.0,0.0,168500.0,-0.16155974967555278
-0.7656956092022585,-0.4108213136688907,0.2017132151091003,-0.6110172559353286,0.28728974633747456,-1.021987401155326,0.2059921720278468,0.29818073040869925,0.0,1.0,0.0,0.0,0.0,0.0,0.0,0.0,0.0,0.0,0.0,0.0,0.0,0.0,0.0,0.0,0.0,0.0,0.0,0.0,0.0,0.0,0.0,0.0,0.0,0.0,0.0,0.0,1.0,0.0,0.0,0.0,0.0,0.0,1.0,0.0,0.0,0.0,0.0,1.0,0.0,0.0,0.0,142000.0,-0.49286239979766966
-0.7656956092022585,-0.34467061578195063,0.5641721881485864,0.5360660960123768,-1.113675084980755,0.7772367703207032,1.4096672285210494,-1.0371220601333149,0.0,0.0,0.0,0.0,0.0,1.0,0.0,0.0,0.0,0.0,0.0,0.0,0.0,0.0,0.0,0.0,0.0,0.0,0.0,0.0,0.0,0.0,0.0,0.0,0.0,0.0,0.0,0.0,1.0,0.0,0.0,0.0,0.0,0.0,1.0,0.0,0.0,0.0,0.0,1.0,0.0,0.0,0.0,165000.0,-0.20531670346526631
0.6358587812250798,1.0114186909003204,-0.18244854829139204,0.8003259125873601,-0.40878711953762065,0.7772367703207032,1.4096672285210494,0.29818073040869925,0.0,0.0,0.0,0.0,0.0,0.0,0.0,1.0,0.0,0.0,0.0,0.0,0.0,0.0,0.0,0.0,0.0,0.0,0.0,0.0,0.0,0.0,0.0,0.0,0.0,0.0,0.0,0.0,0.0,1.0,0.0,0.0,0.0,1.0,0.0,0.0,0.0,0.0,1.0,0.0,0.0,0.0,0.0,197000.0,0.19474687404068614
-0.7656956092022585,-0.5100473604993008,-0.08791835316226682,-0.6971463813375455,0.19036765108904358,-1.021987401155326,0.2059921720278468,-1.0371220601333149,0.0,0.0,0.0,0.0,0.0,0.0,0.0,0.0,0.0,0.0,0.0,0.0,1.0,0.0,0.0,0.0,0.0,0.0,0.0,0.0,0.0,0.0,0.0,0.0,0.0,0.0,0.0,0.0,1.0,0.0,0.0,0.0,0.0,0.0,1.0,0.0,0.0,0.0,0.0,1.0,0.0,0.0,0.0,129000.0,-0.6553882281594628
-0.06491841398858939,-2.3622669013336224,-0.08467412161345661,-0.16471178794202349,-0.6114424096025217,-1.021987401155326,0.2059921720278468,0.29818073040869925,0.0,0.0,0.0,0.0,0.0,0.0,0.0,0.0,0.0,1.0,0.0,0.0,0.0,0.0,0.0,0.0,0.0,0.0,0.0,0.0,0.0,0.0,0.0,0.0,0.0,0.0,0.0,1.0,0.0,0.0,0.0,0.0,0.0,1.0,0.0,0.0,0.0,0.0,0.0,1.0,0.0,0.0,0.0,156500.0,-0.31158359124028495
-0.06491841398858939,1.0775693887872606,-0.6624829474618966,-1.2765604976797311,-0.4616537169458557,-1.021987401155326,-2.2013579409585584,0.29818073040869925,0.0,0.0,0.0,0.0,0.0,0.0,0.0,1.0,0.0,0.0,0.0,0.0,0.0,0.0,0.0,0.0,0.0,0.0,0.0,0.0,0.0,0.0,0.0,0.0,0.0,0.0,0.0,0.0,1.0,0.0,0.0,0.0,0.0,1.0,0.0,0.0,0.0,0.0,1.0,0.0,0.0,0.0,0.0,155900.0,-0.3190847833185215
0.6358587812250798,-0.013917126347250347,0.3353979289307626,0.33248816324350067,-0.512317539462081,-1.021987401155326,1.4096672285210494,0.29818073040869925,0.0,0.0,0.0,0.0,0.0,0.0,0.0,0.0,0.0,0.0,0.0,0.0,0.0,0.0,1.0,0.0,0.0,0.0,0.0,0.0,0.0,0.0,0.0,0.0,0.0,0.0,0.0,0.0,1.0,0.0,0.0,0.0,0.0,0.0,1.0,0.0,0.0,0.0,1.0,0.0,0.0,0.0,0.0,170000.0,-0.14280676947996124
0.6358587812250798,0.05223357153968971,0.002808260151011953,1.1546298148101155,0.10886498008468116,0.7772367703207032,0.2059921720278468,0.29818073040869925,0.0,0.0,0.0,0.0,0.0,0.0,0.0,0.0,0.0,0.0,0.0,0.0,0.0,0.0,1.0,0.0,0.0,0.0,0.0,0.0,0.0,0.0,0.0,0.0,0.0,0.0,0.0,0.0,1.0,0.0,0.0,0.0,0.0,0.0,1.0,0.0,0.0,0.0,1.0,0.0,0.0,0.0,0.0,200000.0,0.2322528344318692
-0.06491841398858939,0.9121926440699104,-0.07919248899650141,0.28159368005128166,-0.2567956519889448,0.7772367703207032,0.2059921720278468,0.29818073040869925,0.0,0.0,0.0,0.0,0.0,0.0,0.0,0.0,0.0,0.0,0.0,0.0,0.0,1.0,0.0,0.0,0.0,0.0,0.0,0.0,0.0,0.0,0.0,0.0,0.0,0.0,0.0,0.0,1.0,0.0,0.0,0.0,0.0,0.0,1.0,0.0,0.0,0.0,1.0,0.0,0.0,0.0,0.0,185000.0,0.04472303247595397
-0.7656956092022585,-0.013917126347250347,-0.06699865317511129,-1.0768975251564104,-0.23697067796085663,-1.021987401155326,0.2059921720278468,-1.0371220601333149,0.0,1.0,0.0,0.0,0.0,0.0,0.0,0.0,0.0,0.0,0.0,0.0,0.0,0.0,0.0,0.0,0.0,0.0,0.0,0.0,0.0,0.0,0.0,0.0,0.0,0.0,0.0,1.0,0.0,0.0,0.0,0.0,0.0,0.0,1.0,0.0,0.0,0.0,0.0,1.0,0.0,0.0,0.0,119500.0,-0.7741571027315425
0.6358587812250798,-1.1715543393687013,0.1278789798603161,1.0900329707584528,-0.08938476019620038,-1.021987401155326,0.2059921720278468,-1.0371220601333149,0.0,0.0,0.0,0.0,0.0,0.0,0.0,0.0,0.0,0.0,0.0,0.0,0.0,0.0,0.0,0.0,1.0,0.0,0.0,0.0,0.0,0.0,0.0,0.0,0.0,0.0,0.0,0.0,1.0,0.0,0.0,0.0,0.0,1.0,0.0,0.0,0.0,0.0,1.0,0.0,0.0,0.0,0.0,250000.0,0.8573521742849199
-0.7656956092022585,-0.5761980583862408,0.11948872585477245,-0.9633636780353064,-0.10920973422428853,-1.021987401155326,-0.9976828844653559,-1.0371220601333149,0.0,1.0,0.0,0.0,0.0,0.0,0.0,0.0,0.0,0.0,0.0,0.0,0.0,0.0,0.0,0.0,0.0,0.0,0.0,0.0,0.0,0.0,0.0,0.0,0.0,0.0,0.0,0.0,1.0,0.0,0.0,0.0,0.0,0.0,1.0,0.0,0.0,0.0,0.0,1.0,0.0,0.0,0.0,137000.0,-0.5553723337829747
-0.06491841398858939,-0.3115952668384806,-0.06386629167970832,0.45776689110127056,-0.3206761238572288,-1.021987401155326,0.2059921720278468,0.29818073040869925,0.0,1.0,0.0,0.0,0.0,0.0,0.0,0.0,0.0,0.0,0.0,0.0,0.0,0.0,0.0,0.0,0.0,0.0,0.0,0.0,0.0,0.0,0.0,0.0,0.0,0.0,0.0,0.0,1.0,0.0,0.0,0.0,0.0,1.0,0.0,0.0,0.0,0.0,0.0,1.0,0.0,0.0,0.0,159000.0,-0.2803286242476324
0.6358587812250798,1.0775693887872606,0.24556627604474185,0.8747101572529109,-0.14665690738845505,0.7772367703207032,0.2059921720278468,0.29818073040869925,0.0,0.0,0.0,0.0,1.0,0.0,0.0,0.0,0.0,0.0,0.0,0.0,0.0,0.0,0.0,0.0,0.0,0.0,0.0,0.0,0.0,0.0,0.0,0.0,0.0,0.0,0.0,0.0,1.0,0.0,0.0,0.0,0.0,1.0,0.0,0.0,0.0,0.0,1.0,0.0,0.0,0.0,0.0,254900.0,0.9186119095905189
-0.06491841398858939,1.1106447377307307,-0.7475041880514057,-0.8380849501775366,-1.124688959440804,-1.021987401155326,-0.9976828844653559,0.29818073040869925,0.0,0.0,0.0,0.0,0.0,0.0,0.0,0.0,0.0,0.0,0.0,0.0,1.0,0.0,0.0,0.0,0.0,0.0,0.0,0.0,0.0,0.0,0.0,0.0,0.0,0.0,0.0,0.0,0.0,0.0,1.0,0.0,0.0,0.0,1.0,0.0,0.0,0.0,1.0,0.0,0.0,0.0,0.0,142500.0,-0.48661140639913913
-0.06491841398858939,-0.4438966626123607,-0.15179615365780588,-0.7010613415831007,-1.9771628426485945,-1.021987401155326,-0.9976828844653559,-1.0371220601333149,0.0,1.0,0.0,0.0,0.0,0.0,0.0,0.0,0.0,0.0,0.0,0.0,0.0,0.0,0.0,0.0,0.0,0.0,0.0,0.0,0.0,0.0,0.0,0.0,0.0,0.0,0.0,0.0,0.0,0.0,1.0,0.0,0.0,0.0,1.0,0.0,0.0,0.0,1.0,0.0,0.0,0.0,0.0,113500.0,-0.8491690235139085
0.6358587812250798,1.0444940398437905,0.02999268312897341,1.0685006894078988,-0.1312374831443865,0.7772367703207032,0.2059921720278468,1.6334835209507133,0.0,0.0,0.0,1.0,0.0,0.0,0.0,0.0,0.0,0.0,0.0,0.0,0.0,0.0,0.0,0.0,0.0,0.0,0.0,0.0,0.0,0.0,0.0,0.0,0.0,0.0,0.0,0.0,0.0,1.0,0.0,0.0,0.0,1.0,0.0,0.0,0.0,0.0,1.0,0.0,0.0,0.0,0.0,284000.0,1.2824197253849945
-0.06491841398858939,0.2837610141439799,-0.3778855315938557,-0.869404632141979,-0.0034765394078183766,-2.821211572631355,-3.4050329974517615,0.29818073040869925,0.0,0.0,0.0,0.0,0.0,0.0,0.0,0.0,0.0,1.0,0.0,0.0,0.0,0.0,0.0,0.0,0.0,0.0,0.0,0.0,0.0,0.0,0.0,0.0,0.0,0.0,0.0,1.0,0.0,0.0,0.0,0.0,0.0,0.0,1.0,0.0,0.0,0.0,0.0,1.0,0.0,0.0,0.0,144000.0,-0.4678584262035476
-0.7656956092022585,-0.708499454160121,-0.48740631387955224,-0.3369700387464571,-0.6378757083066393,-1.021987401155326,0.2059921720278468,-1.0371220601333149,0.0,0.0,0.0,0.0,0.0,0.0,0.0,0.0,0.0,1.0,0.0,0.0,0.0,0.0,0.0,0.0,0.0,0.0,0.0,0.0,0.0,0.0,0.0,0.0,0.0,0.0,0.0,1.0,0.0,0.0,0.0,0.0,0.0,0.0,1.0,0.0,0.0,0.0,0.0,1.0,0.0,0.0,0.0,129500.0,-0.6491372347609323
0.6358587812250798,0.6145145035786802,0.34871046528622524,1.4541242735950966,-0.7876644009633054,0.7772367703207032,1.4096672285210494,1.6334835209507133,1.0,0.0,0.0,0.0,0.0,0.0,0.0,0.0,0.0,0.0,0.0,0.0,0.0,0.0,0.0,0.0,0.0,0.0,0.0,0.0,0.0,0.0,0.0,0.0,0.0,0.0,0.0,0.0,1.0,0.0,0.0,0.0,0.0,1.0,0.0,0.0,0.0,0.0,1.0,0.0,0.0,0.0,0.0,225000.0,0.5448025043583945
-1.4664728044159276,-0.675424105216651,0.9823424477848824,-1.2452408157152886,-0.426409318673699,-1.021987401155326,-0.9976828844653559,0.29818073040869925,0.0,0.0,0.0,0.0,0.0,0.0,0.0,0.0,0.0,0.0,0.0,0.0,0.0,1.0,0.0,0.0,0.0,0.0,0.0,0.0,0.0,0.0,0.0,0.0,0.0,0.0,0.0,1.0,0.0,0.0,0.0,0.0,0.0,0.0,1.0,0.0,0.0,0.0,0.0,1.0,0.0,0.0,0.0,141000.0,-0.5053643865947307
-0.7656956092022585,-1.6346092245772816,-0.7044342174896149,-1.2452408157152886,-0.426409318673699,-1.021987401155326,-0.9976828844653559,-2.372424850675329,0.0,0.0,0.0,0.0,0.0,0.0,0.0,0.0,0.0,0.0,0.0,0.0,1.0,0.0,0.0,0.0,0.0,0.0,0.0,0.0,0.0,0.0,0.0,0.0,0.0,0.0,0.0,0.0,1.0,0.0,0.0,0.0,0.0,0.0,1.0,0.0,0.0,0.0,0.0,0.0,0.0,1.0,0.0,99900.0,-1.0191960439539383
-2.167249999629597,-0.873876198877471,-0.7670814473976743,-1.6249919595341535,-1.5145801153265377,-1.021987401155326,-0.9976828844653559,-2.372424850675329,0.0,0.0,0.0,0.0,0.0,0.0,0.0,0.0,0.0,0.0,0.0,1.0,0.0,0.0,0.0,0.0,0.0,0.0,0.0,0.0,0.0,0.0,0.0,0.0,0.0,0.0,0.0,0.0,1.0,0.0,0.0,0.0,0.0,0.0,0.0,0.0,1.0,0.0,0.0,1.0,0.0,0.0,0.0,64000.0,-1.4680173699684287
0.6358587812250798,-2.031513411898922,-0.45384529785737765,1.1820345365290026,0.37099519223384675,0.7772367703207032,2.613342285014252,0.29818073040869925,0.0,0.0,0.0,0.0,0.0,0.0,0.0,0.0,0.0,1.0,0.0,0.0,0.0,0.0,0.0,0.0,0.0,0.0,0.0,0.0,0.0,0.0,0.0,0.0,0.0,0.0,0.0,1.0,0.0,0.0,0.0,0.0,0.0,0.0,1.0,0.0,0.0,0.0,0.0,1.0,0.0,0.0,0.0,155000.0,-0.33033657143587647
-0.7656956092022585,-0.21236922000807051,-0.23223072205761777,-1.2452408157152886,-0.426409318673699,-1.021987401155326,0.2059921720278468,-1.0371220601333149,0.0,0.0,0.0,0.0,0.0,1.0,0.0,0.0,0.0,0.0,0.0,0.0,0.0,0.0,0.0,0.0,0.0,0.0,0.0,0.0,0.0,0.0,0.0,0.0,0.0,0.0,0.0,1.0,0.0,0.0,0.0,0.0,0.0,0.0,1.0,0.0,0.0,0.0,0.0,1.0,0.0,0.0,0.0,62383.0,-1.4882330826192764
0.6358587812250798,1.2429461335046108,-0.44590252406546294,-0.27824563506312744,0.6617614779791396,0.7772367703207032,-0.9976828844653559,0.29818073040869925,0.0,0.0,0.0,1.0,0.0,0.0,0.0,0.0,0.0,0.0,0.0,0.0,0.0,0.0,0.0,0.0,0.0,0.0,0.0,0.0,0.0,0.0,0.0,0.0,0.0,0.0,0.0,0.0,1.0,0.0,0.0,0.0,0.0,1.0,0.0,0.0,0.0,0.0,1.0,0.0,0.0,0.0,0.0,224000.0,0.5323005175613336
-1.4664728044159276,0.01915822259621968,-0.9903740739985428,-0.7989353477219835,-1.1268917343328138,-1.021987401155326,0.2059921720278468,-1.0371220601333149,0.0,0.0,0.0,0.0,0.0,0.0,0.0,0.0,0.0,0.0,0.0,0.0,0.0,0.0,0.0,0.0,0.0,0.0,0.0,0.0,0.0,0.0,0.0,0.0,0.0,1.0,0.0,0.0,1.0,0.0,0.0,0.0,0.0,0.0,1.0,0.0,0.0,0.0,0.0,1.0,0.0,0.0,0.0,85500.0,-1.199224653831617
-0.7656956092022585,-0.5100473604993008,0.35105973640777743,0.44602201036460465,-0.021098738543896736,0.7772367703207032,0.2059921720278468,0.29818073040869925,0.0,1.0,0.0,0.0,0.0,0.0,0.0,0.0,0.0,0.0,0.0,0.0,0.0,0.0,0.0,0.0,0.0,0.0,0.0,0.0,0.0,0.0,0.0,0.0,0.0,0.0,0.0,1.0,0.0,0.0,0.0,0.0,0.0,0.0,1.0,0.0,0.0,0.0,0.0,1.0,0.0,0.0,0.0,177625.0,-0.04747912015237101
0.6358587812250798,0.7798912482960303,-0.2776499637409608,-0.48378104795478116,0.3952257160459545,0.7772367703207032,0.2059921720278468,0.29818073040869925,0.0,0.0,0.0,0.0,0.0,0.0,0.0,0.0,0.0,0.0,0.0,0.0,0.0,1.0,0.0,0.0,0.0,0.0,0.0,0.0,0.0,0.0,0.0,0.0,0.0,0.0,0.0,0.0,1.0,0.0,0.0,0.0,0.0,0.0,1.0,0.0,0.0,0.0,1.0,0.0,0.0,0.0,0.0,176000.0,-0.06779484869759517
-0.7656956092022585,-1.7669106203511618,1.6760486489632322,-0.16471178794202349,-0.5321425134901692,0.7772367703207032,0.2059921720278468,0.29818073040869925,0.0,0.0,0.0,0.0,0.0,1.0,0.0,0.0,0.0,0.0,0.0,0.0,0.0,0.0,0.0,0.0,0.0,0.0,0.0,0.0,0.0,0.0,0.0,0.0,0.0,0.0,0.0,0.0,1.0,0.0,0.0,0.0,0.0,1.0,0.0,0.0,0.0,0.0,0.0,1.0,0.0,0.0,0.0,112000.0,-0.8679220037095001
0.6358587812250798,-1.7669106203511618,-0.30371568618484973,-0.14513698671424696,-0.3206761238572288,-1.021987401155326,0.2059921720278468,-1.0371220601333149,0.0,0.0,0.0,0.0,0.0,0.0,0.0,0.0,0.0,0.0,0.0,0.0,0.0,0.0,0.0,0.0,1.0,0.0,0.0,0.0,0.0,0.0,0.0,0.0,0.0,0.0,0.0,1.0,0.0,0.0,0.0,0.0,0.0,1.0,0.0,0.0,0.0,0.0,0.0,1.0,0.0,0.0,0.0,189950.0,0.10660786712140599
0.6358587812250798,1.1767954356176706,-0.40216133318322866,-0.5718676534797756,0.3313452441776705,0.7772367703207032,-0.9976828844653559,0.29818073040869925,0.0,0.0,0.0,0.0,0.0,0.0,0.0,1.0,0.0,0.0,0.0,0.0,0.0,0.0,0.0,0.0,0.0,0.0,0.0,0.0,0.0,0.0,0.0,0.0,0.0,0.0,0.0,0.0,1.0,0.0,0.0,0.0,0.0,1.0,0.0,0.0,0.0,0.0,1.0,0.0,0.0,0.0,0.0,195400.0,0.1747436951653885
-0.06491841398858939,-0.5431227094427709,-0.08467412161345661,0.03886614482685255,0.2168009497931611,-1.021987401155326,0.2059921720278468,-1.0371220601333149,0.0,1.0,0.0,0.0,0.0,0.0,0.0,0.0,0.0,0.0,0.0,0.0,0.0,0.0,0.0,0.0,0.0,0.0,0.0,0.0,0.0,0.0,0.0,0.0,0.0,0.0,0.0,0.0,0.0,0.0,1.0,0.0,0.0,0.0,1.0,0.0,0.0,0.0,0.0,1.0,0.0,0.0,0.0,153000.0,-0.3553405450299985
-0.06491841398858939,0.38298706097439,0.9954312440335304,-0.31739523751868054,-1.1841638815250684,-1.021987401155326,-0.9976828844653559,0.29818073040869925,1.0,0.0,0.0,0.0,0.0,0.0,0.0,0.0,0.0,0.0,0.0,0.0,0.0,0.0,0.0,0.0,0.0,0.0,0.0,0.0,0.0,0.0,0.0,0.0,0.0,0.0,0.0,0.0,1.0,0.0,0.0,0.0,0.0,1.0,0.0,0.0,0.0,0.0,1.0,0.0,0.0,0.0,0.0,156500.0,-0.31158359124028495
-0.7656956092022585,-3.0237738802030227,-0.15179615365780588,0.489086573065713,-0.9286419940519323,-1.021987401155326,0.2059921720278468,-1.0371220601333149,0.0,0.0,0.0,0.0,0.0,0.0,0.0,0.0,0.0,1.0,0.0,0.0,0.0,0.0,0.0,0.0,0.0,0.0,0.0,0.0,0.0,0.0,0.0,0.0,0.0,0.0,0.0,1.0,0.0,0.0,0.0,0.0,0.0,0.0,0.0,1.0,0.0,0.0,0.0,0.0,0.0,1.0,0.0,124000.0,-0.7178981621447679
-0.06491841398858939,0.21761031625703986,0.3152613193174578,1.1213526527228954,1.067072058108942,0.7772367703207032,0.2059921720278468,0.29818073040869925,0.0,0.0,0.0,0.0,0.0,0.0,0.0,0.0,0.0,0.0,0.0,0.0,0.0,0.0,1.0,0.0,0.0,0.0,0.0,0.0,0.0,0.0,0.0,0.0,0.0,0.0,0.0,0.0,1.0,0.0,0.0,0.0,0.0,0.0,1.0,0.0,0.0,0.0,1.0,0.0,0.0,0.0,0.0,210000.0,0.3572727024024793
-0.7656956092022585,-1.1384789904252313,0.15025299054176586,0.8570928361479121,-0.254592877096935,0.7772367703207032,1.4096672285210494,-1.0371220601333149,0.0,0.0,0.0,0.0,0.0,0.0,0.0,0.0,0.0,0.0,0.0,0.0,0.0,0.0,0.0,0.0,1.0,0.0,0.0,0.0,0.0,0.0,0.0,0.0,0.0,0.0,0.0,1.0,0.0,0.0,0.0,0.0,0.0,1.0,0.0,0.0,0.0,0.0,0.0,1.0,0.0,0.0,0.0,198000.0,0.20724886083774716
-0.06491841398858939,-0.708499454160121,4.130589490771678,-0.023773219102032388,0.9481222139404131,0.7772367703207032,0.2059921720278468,0.29818073040869925,0.0,0.0,0.0,0.0,0.0,0.0,0.0,0.0,0.0,0.0,0.0,0.0,0.0,1.0,0.0,0.0,0.0,0.0,0.0,0.0,0.0,0.0,0.0,0.0,0.0,0.0,0.0,0.0,1.0,0.0,0.0,0.0,0.0,0.0,1.0,0.0,0.0,0.0,0.0,1.0,0.0,0.0,0.0,133000.0,-0.6053802809712188
-0.06491841398858939,1.1106447377307307,0.3037387038165112,-0.7030188217058784,0.18375932641301418,-1.021987401155326,0.2059921720278468,0.29818073040869925,1.0,0.0,0.0,0.0,0.0,0.0,0.0,0.0,0.0,0.0,0.0,0.0,0.0,0.0,0.0,0.0,0.0,0.0,0.0,0.0,0.0,0.0,0.0,0.0,0.0,0.0,0.0,1.0,0.0,0.0,0.0,0.0,0.0,0.0,1.0,0.0,0.0,0.0,1.0,0.0,0.0,0.0,0.0,142500.0,-0.48661140639913913
-0.7656956092022585,-1.0061775946513511,0.0717202130498772,0.2032944751401755,-0.1620763316325236,0.7772367703207032,0.2059921720278468,0.29818073040869925,0.0,0.0,0.0,0.0,0.0,0.0,0.0,0.0,0.0,0.0,0.0,0.0,1.0,0.0,0.0,0.0,0.0,0.0,0.0,0.0,0.0,0.0,0.0,0.0,0.0,0.0,0.0,1.0,0.0,0.0,0.0,0.0,0.0,0.0,1.0,0.0,0.0,0.0,0.0,1.0,0.0,0.0,0.0,117000.0,-0.805412069724195
-1.4664728044159276,-2.693020390768323,0.42880942352581536,0.08584566777351625,-0.2920400502611015,0.7772367703207032,0.2059921720278468,-2.372424850675329,0.0,0.0,0.0,0.0,0.0,0.0,0.0,0.0,0.0,1.0,0.0,0.0,0.0,0.0,0.0,0.0,0.0,0.0,0.0,0.0,0.0,0.0,0.0,0.0,0.0,0.0,0.0,0.0,1.0,0.0,0.0,0.0,0.0,0.0,1.0,0.0,0.0,0.0,0.0,0.0,0.0,1.0,0.0,138000.0,-0.5428703469859137
-1.4664728044159276,-2.4945682971075023,-0.18401472903909352,-1.072982564910855,-0.6643090070107568,-1.021987401155326,0.2059921720278468,-1.0371220601333149,0.0,0.0,0.0,0.0,0.0,0.0,0.0,0.0,0.0,0.0,0.0,0.0,0.0,0.0,0.0,0.0,0.0,0.0,0.0,1.0,0.0,0.0,0.0,0.0,0.0,0.0,0.0,1.0,0.0,0.0,0.0,0.0,0.0,0.0,1.0,0.0,0.0,0.0,0.0,1.0,0.0,0.0,0.0,50138.0,-1.6413199109492886
-2.167249999629597,-0.5431227094427709,0.3717556962881185,0.4558094109784929,-2.3296068253701616,0.7772367703207032,1.4096672285210494,0.29818073040869925,0.0,0.0,0.0,0.0,0.0,0.0,0.0,0.0,0.0,0.0,0.0,0.0,1.0,0.0,0.0,0.0,0.0,0.0,0.0,0.0,0.0,0.0,0.0,0.0,0.0,0.0,0.0,0.0,1.0,0.0,0.0,0.0,0.0,0.0,1.0,0.0,0.0,0.0,0.0,1.0,0.0,0.0,0.0,139600.0,-0.5228671681106161
-0.06491841398858939,-0.17929387106460049,0.485303800496476,0.1308677105974023,1.1111275559491378,0.7772367703207032,-0.9976828844653559,0.29818073040869925,0.0,1.0,0.0,0.0,0.0,0.0,0.0,0.0,0.0,0.0,0.0,0.0,0.0,0.0,0.0,0.0,0.0,0.0,0.0,0.0,0.0,0.0,0.0,0.0,0.0,0.0,0.0,0.0,1.0,0.0,0.0,0.0,0.0,1.0,0.0,0.0,0.0,0.0,0.0,1.0,0.0,0.0,0.0,256000.0,0.932364095067286
-1.4664728044159276,-0.5100473604993008,-0.2105279316966115,-1.072982564910855,-0.23256512817683705,-1.021987401155326,-0.9976828844653559,-1.0371220601333149,0.0,1.0,0.0,0.0,0.0,0.0,0.0,0.0,0.0,0.0,0.0,0.0,0.0,0.0,0.0,0.0,0.0,0.0,0.0,0.0,0.0,0.0,0.0,0.0,0.0,0.0,0.0,1.0,0.0,0.0,0.0,0.0,0.0,0.0,1.0,0.0,0.0,0.0,0.0,1.0,0.0,0.0,0.0,135750.0,-0.570999817279301
0.6358587812250798,1.0444940398437905,-0.13423255527286782,1.0058613254790139,-0.3206761238572288,0.7772367703207032,0.2059921720278468,0.29818073040869925,0.0,0.0,0.0,0.0,0.0,0.0,0.0,0.0,0.0,0.0,0.0,0.0,0.0,0.0,0.0,1.0,0.0,0.0,0.0,0.0,0.0,0.0,0.0,0.0,0.0,0.0,0.0,0.0,1.0,0.0,0.0,0.0,0.0,1.0,0.0,0.0,0.0,0.0,1.0,0.0,0.0,0.0,0.0,170000.0,-0.14280676947996124
-0.7656956092022585,0.1514596183700998,-0.005917604014753453,0.7200692275534762,-0.6114424096025217,0.7772367703207032,1.4096672285210494,0.29818073040869925,0.0,0.0,0.0,0.0,0.0,0.0,0.0,0.0,0.0,0.0,0.0,0.0,0.0,0.0,1.0,0.0,0.0,0.0,0.0,0.0,0.0,0.0,0.0,0.0,0.0,0.0,0.0,0.0,1.0,0.0,0.0,0.0,0.0,1.0,0.0,0.0,0.0,0.0,0.0,1.0,0.0,0.0,0.0,197500.0,0.20099786743921666
0.6358587812250798,0.1514596183700998,-0.04809261414928625,-0.8165526688269824,-0.023301513435906532,-1.021987401155326,-0.9976828844653559,0.29818073040869925,0.0,0.0,0.0,0.0,0.0,0.0,0.0,0.0,0.0,0.0,0.0,0.0,0.0,0.0,1.0,0.0,0.0,0.0,0.0,0.0,0.0,0.0,0.0,0.0,0.0,0.0,0.0,0.0,1.0,0.0,0.0,0.0,0.0,0.0,1.0,0.0,0.0,0.0,0.0,0.0,1.0,0.0,0.0,172000.0,-0.11780279588583922
0.6358587812250798,0.6806652014656203,0.3343910984500974,1.5559132399795346,0.08243168138056363,0.7772367703207032,1.4096672285210494,0.29818073040869925,0.0,0.0,0.0,0.0,0.0,0.0,0.0,0.0,1.0,0.0,0.0,0.0,0.0,0.0,0.0,0.0,0.0,0.0,0.0,0.0,0.0,0.0,0.0,0.0,0.0,0.0,0.0,0.0,1.0,0.0,0.0,0.0,0.0,1.0,0.0,0.0,0.0,0.0,1.0,0.0,0.0,0.0,0.0,268000.0,1.0823879366320182
-0.06491841398858939,-0.04699247529072038,0.28729380596564563,1.2074817781251121,0.3247369195016411,0.7772367703207032,1.4096672285210494,0.29818073040869925,0.0,1.0,0.0,0.0,0.0,0.0,0.0,0.0,0.0,0.0,0.0,0.0,0.0,0.0,0.0,0.0,0.0,0.0,0.0,0.0,0.0,0.0,0.0,0.0,0.0,0.0,0.0,0.0,1.0,0.0,0.0,0.0,0.0,0.0,1.0,0.0,0.0,0.0,0.0,1.0,0.0,0.0,0.0,237500.0,0.7010773393216573
-0.06491841398858939,0.01915822259621968,-0.970684944598867,-1.0044707606136372,-1.2656665525294308,-1.021987401155326,-0.9976828844653559,-1.0371220601333149,0.0,0.0,0.0,0.0,0.0,0.0,0.0,0.0,0.0,0.0,0.0,0.0,0.0,0.0,0.0,0.0,0.0,0.0,0.0,0.0,0.0,1.0,0.0,0.0,0.0,0.0,0.0,0.0,1.0,0.0,0.0,0.0,0.0,0.0,1.0,0.0,0.0,0.0,0.0,1.0,0.0,0.0,0.0,94500.0,-1.086706772658068
0.6358587812250798,1.1767954356176706,-0.24744504932100359,-0.04726298057536424,-0.7039589550669332,0.7772367703207032,0.2059921720278468,0.29818073040869925,0.0,0.0,0.0,0.0,0.0,0.0,0.0,1.0,0.0,0.0,0.0,0.0,0.0,0.0,0.0,0.0,0.0,0.0,0.0,0.0,0.0,0.0,0.0,0.0,0.0,0.0,0.0,0.0,1.0,0.0,0.0,0.0,0.0,1.0,0.0,0.0,0.0,0.0,1.0,0.0,0.0,0.0,0.0,179400.0,-0.025288093587587712
-1.4664728044159276,-0.013917126347250347,-0.33750044231383886,-1.2569856964519546,-0.43962596802575776,-1.021987401155326,-0.9976828844653559,-1.0371220601333149,0.0,1.0,0.0,0.0,0.0,0.0,0.0,0.0,0.0,0.0,0.0,0.0,0.0,0.0,0.0,0.0,0.0,0.0,0.0,0.0,0.0,0.0,0.0,0.0,0.0,0.0,0.0,1.0,0.0,0.0,0.0,0.0,0.0,0.0,1.0,0.0,0.0,0.0,0.0,1.0,0.0,0.0,0.0,110000.0,-0.8929259773036221
-0.06491841398858939,-1.6015338756338118,-0.07908061894309416,0.20133699501739785,-0.6026313100344826,-1.021987401155326,1.4096672285210494,0.29818073040869925,0.0,0.0,0.0,0.0,0.0,0.0,0.0,0.0,0.0,0.0,0.0,0.0,0.0,0.0,0.0,0.0,1.0,0.0,0.0,0.0,0.0,0.0,0.0,0.0,0.0,0.0,0.0,0.0,1.0,0.0,0.0,0.0,0.0,0.0,1.0,0.0,0.0,0.0,0.0,1.0,0.0,0.0,0.0,138000.0,-0.5428703469859137
0.6358587812250798,0.9783433419568505,0.032341954250525634,0.5654282978540416,-0.43962596802575776,0.7772367703207032,0.2059921720278468,0.29818073040869925,0.0,0.0,0.0,0.0,1.0,0.0,0.0,0.0,0.0,0.0,0.0,0.0,0.0,0.0,0.0,0.0,0.0,0.0,0.0,0.0,0.0,0.0,0.0,0.0,0.0,0.0,0.0,0.0,1.0,0.0,0.0,0.0,0.0,0.0,1.0,0.0,0.0,0.0,0.0,1.0,0.0,0.0,0.0,223000.0,0.5197985307642725
-0.7656956092022585,-0.17929387106460049,0.0719439531566917,-0.6775715801097689,0.21239540000914153,-1.021987401155326,0.2059921720278468,0.29818073040869925,0.0,1.0,0.0,0.0,0.0,0.0,0.0,0.0,0.0,0.0,0.0,0.0,0.0,0.0,0.0,0.0,0.0,0.0,0.0,0.0,0.0,0.0,0.0,0.0,0.0,0.0,0.0,0.0,1.0,0.0,0.0,0.0,0.0,0.0,1.0,0.0,0.0,0.0,0.0,1.0,0.0,0.0,0.0,154000.0,-0.34283855823293746
-0.7656956092022585,-1.7999859692946318,0.030775773502824153,-0.5405479715153331,-0.8118949247754131,-1.021987401155326,0.2059921720278468,-1.0371220601333149,0.0,0.0,0.0,0.0,0.0,0.0,1.0,0.0,0.0,0.0,0.0,0.0,0.0,0.0,0.0,0.0,0.0,0.0,0.0,0.0,0.0,0.0,0.0,0.0,0.0,0.0,0.0,1.0,0.0,0.0,0.0,0.0,0.0,0.0,0.0,0.0,0.0,1.0,1.0,0.0,0.0,0.0,0.0,107500.0,-0.9241809442962746
-2.167249999629597,-1.0392529435948212,-0.560121848594264,-0.38003460144756546,-0.7259867039870311,-1.021987401155326,0.2059921720278468,-2.372424850675329,0.0,0.0,0.0,0.0,0.0,0.0,0.0,0.0,0.0,0.0,0.0,1.0,0.0,0.0,0.0,0.0,0.0,0.0,0.0,0.0,0.0,0.0,0.0,0.0,0.0,0.0,0.0,0.0,1.0,0.0,0.0,0.0,0.0,0.0,0.0,0.0,1.0,0.0,0.0,1.0,0.0,0.0,0.0,76500.0,-1.3117425350051661
0.6358587812250798,-1.733835271407692,-0.1071600023483136,0.26593383906906043,-0.5277369637061495,-1.021987401155326,1.4096672285210494,-1.0371220601333149,0.0,0.0,0.0,0.0,0.0,0.0,0.0,0.0,0.0,0.0,0.0,0.0,0.0,0.0,0.0,0.0,1.0,0.0,0.0,0.0,0.0,0.0,0.0,0.0,0.0,0.0,0.0,1.0,0.0,0.0,0.0,0.0,0.0,1.0,0.0,0.0,0.0,0.0,0.0,1.0,0.0,0.0,0.0,167000.0,-0.1803127298711443
-0.7656956092022585,-1.3700064330295214,-0.46055750106181254,0.14261259133406823,0.04498450821639711,0.7772367703207032,0.2059921720278468,0.29818073040869925,0.0,0.0,0.0,0.0,0.0,0.0,0.0,0.0,0.0,0.0,0.0,1.0,0.0,0.0,0.0,0.0,0.0,0.0,0.0,0.0,0.0,0.0,0.0,0.0,0.0,0.0,0.0,1.0,0.0,0.0,0.0,0.0,0.0,0.0,1.0,0.0,0.0,0.0,0.0,1.0,0.0,0.0,0.0,162900.0,-0.23157087573909446
0.6358587812250798,0.9452679930133805,-0.06789361360236928,0.2541889583323945,1.2609162486058039,0.7772367703207032,0.2059921720278468,0.29818073040869925,0.0,0.0,0.0,0.0,0.0,0.0,0.0,1.0,0.0,0.0,0.0,0.0,0.0,0.0,0.0,0.0,0.0,0.0,0.0,0.0,0.0,0.0,0.0,0.0,0.0,0.0,0.0,0.0,1.0,0.0,0.0,0.0,0.0,1.0,0.0,0.0,0.0,0.0,1.0,0.0,0.0,0.0,0.0,213000.0,0.39477866279366236
0.6358587812250798,0.7137405504090902,-0.10111901946432218,0.4773416923290471,-0.13564303292840607,0.7772367703207032,0.2059921720278468,0.29818073040869925,1.0,0.0,0.0,0.0,0.0,0.0,0.0,0.0,0.0,0.0,0.0,0.0,0.0,0.0,0.0,0.0,0.0,0.0,0.0,0.0,0.0,0.0,0.0,0.0,0.0,0.0,0.0,0.0,1.0,0.0,0.0,0.0,0.0,1.0,0.0,0.0,0.0,0.0,1.0,0.0,0.0,0.0,0.0,194500.0,0.1634919070480336
-0.7656956092022585,-0.14621852212113046,2.051820158358181,1.225099099230111,-0.09819585976423956,0.7772367703207032,0.2059921720278468,0.29818073040869925,0.0,0.0,0.0,0.0,0.0,0.0,1.0,0.0,0.0,0.0,0.0,0.0,0.0,0.0,0.0,0.0,0.0,0.0,0.0,0.0,0.0,0.0,0.0,0.0,0.0,0.0,0.0,0.0,1.0,0.0,0.0,0.0,0.0,0.0,1.0,0.0,0.0,0.0,0.0,1.0,0.0,0.0,0.0,185000.0,0.04472303247595397
1.336635976438749,1.0114186909003204,0.10606431944590258,0.8257731541834695,1.904126517072664,0.7772367703207032,-0.9976828844653559,1.6334835209507133,0.0,0.0,0.0,0.0,0.0,0.0,0.0,0.0,0.0,0.0,0.0,0.0,0.0,0.0,0.0,1.0,0.0,0.0,0.0,0.0,0.0,0.0,0.0,0.0,0.0,0.0,0.0,0.0,1.0,0.0,0.0,0.0,0.0,1.0,0.0,0.0,0.0,0.0,1.0,0.0,0.0,0.0,0.0,282000.0,1.2574157517908724
0.6358587812250798,0.6806652014656203,-0.1378123969818998,-0.03551809983869831,-1.4837412668384005,0.7772367703207032,0.2059921720278468,0.29818073040869925,0.0,0.0,0.0,0.0,0.0,0.0,0.0,0.0,0.0,0.0,0.0,0.0,0.0,1.0,0.0,0.0,0.0,0.0,0.0,0.0,0.0,0.0,0.0,0.0,0.0,0.0,0.0,0.0,1.0,0.0,0.0,0.0,0.0,1.0,0.0,0.0,0.0,0.0,1.0,0.0,0.0,0.0,0.0,163900.0,-0.21906888894203344
-0.06491841398858939,-1.3700064330295214,-0.4547402582846356,-1.3900943448008352,-0.6378757083066393,-1.021987401155326,-0.9976828844653559,-1.0371220601333149,0.0,0.0,0.0,0.0,0.0,0.0,0.0,0.0,0.0,0.0,1.0,0.0,0.0,0.0,0.0,0.0,0.0,0.0,0.0,0.0,0.0,0.0,0.0,0.0,0.0,0.0,0.0,1.0,0.0,0.0,0.0,0.0,0.0,0.0,1.0,0.0,0.0,0.0,1.0,0.0,0.0,0.0,0.0,91000.0,-1.1304637264477815
-1.4664728044159276,-1.4030817819729915,-0.46055750106181254,-0.7128062223197666,-0.7788533013952662,-1.021987401155326,-0.9976828844653559,-1.0371220601333149,0.0,0.0,0.0,0.0,0.0,0.0,0.0,0.0,0.0,0.0,0.0,1.0,0.0,0.0,0.0,0.0,0.0,0.0,0.0,0.0,0.0,0.0,0.0,0.0,0.0,0.0,0.0,1.0,0.0,0.0,0.0,0.0,0.0,0.0,1.0,0.0,0.0,0.0,0.0,1.0,0.0,0.0,0.0,123000.0,-0.7304001489418289
-2.167249999629597,-0.5431227094427709,-0.507542923492857,-0.65995425900477,0.23001759914521988,-1.021987401155326,0.2059921720278468,-1.0371220601333149,0.0,0.0,0.0,0.0,0.0,0.0,0.0,0.0,0.0,1.0,0.0,0.0,0.0,0.0,0.0,0.0,0.0,0.0,0.0,0.0,0.0,0.0,0.0,0.0,0.0,0.0,0.0,0.0,1.0,0.0,0.0,0.0,0.0,0.0,1.0,0.0,0.0,0.0,0.0,1.0,0.0,0.0,0.0,126175.0,-0.6907063408611602
-1.4664728044159276,-1.0061775946513511,-0.1137603354993413,-1.6210769992885983,-0.8493420979395796,-1.021987401155326,-0.9976828844653559,-1.0371220601333149,0.0,0.0,0.0,0.0,0.0,0.0,0.0,0.0,0.0,0.0,0.0,0.0,1.0,0.0,0.0,0.0,0.0,0.0,0.0,0.0,0.0,0.0,0.0,0.0,0.0,0.0,0.0,0.0,1.0,0.0,0.0,0.0,0.0,0.0,1.0,0.0,0.0,0.0,0.0,1.0,0.0,0.0,0.0,113000.0,-0.8554200169124391
-1.4664728044159276,-1.7007599224642218,0.07641875529298166,-0.32131019776423586,-0.9264392191599224,-1.021987401155326,0.2059921720278468,-1.0371220601333149,0.0,0.0,0.0,0.0,0.0,0.0,0.0,0.0,0.0,0.0,0.0,0.0,0.0,0.0,0.0,0.0,0.0,0.0,0.0,1.0,0.0,0.0,0.0,0.0,0.0,0.0,0.0,0.0,0.0,0.0,0.0,0.0,1.0,0.0,1.0,0.0,0.0,0.0,0.0,1.0,0.0,0.0,0.0,108000.0,-0.9179299508977441
1.336635976438749,1.0775693887872606,0.003255740364640948,0.9784566037601266,2.075942958649428,0.7772367703207032,0.2059921720278468,1.6334835209507133,0.0,0.0,0.0,0.0,0.0,0.0,0.0,1.0,0.0,0.0,0.0,0.0,0.0,0.0,0.0,0.0,0.0,0.0,0.0,0.0,0.0,0.0,0.0,0.0,0.0,0.0,0.0,0.0,1.0,0.0,0.0,0.0,0.0,1.0,0.0,0.0,0.0,0.0,1.0,0.0,0.0,0.0,0.0,305900.0,1.5562132362406307
-0.06491841398858939,-0.873876198877471,-0.34656191663982605,1.604850243048976,-0.06515423638409264,0.7772367703207032,0.2059921720278468,-1.0371220601333149,0.0,0.0,0.0,0.0,0.0,0.0,0.0,0.0,0.0,0.0,0.0,0.0,0.0,0.0,0.0,0.0,1.0,0.0,0.0,0.0,0.0,0.0,0.0,0.0,0.0,0.0,0.0,1.0,0.0,0.0,0.0,0.0,0.0,1.0,0.0,0.0,0.0,0.0,0.0,1.0,0.0,0.0,0.0,259500.0,0.9761210488569996
-0.06491841398858939,-1.0392529435948212,-0.05111310559128197,-0.02181573897925473,-0.6158479593865414,0.7772367703207032,0.2059921720278468,-1.0371220601333149,0.0,0.0,0.0,0.0,0.0,0.0,0.0,0.0,0.0,0.0,1.0,0.0,0.0,0.0,0.0,0.0,0.0,0.0,0.0,0.0,0.0,0.0,0.0,0.0,0.0,0.0,0.0,1.0,0.0,0.0,0.0,0.0,0.0,0.0,1.0,0.0,0.0,0.0,0.0,1.0,0.0,0.0,0.0,139500.0,-0.5241173667903222
-0.06491841398858939,-2.031513411898922,-0.5645966507305539,0.2639763589462828,-1.2612610027454112,-1.021987401155326,-0.9976828844653559,-1.0371220601333149,0.0,0.0,0.0,0.0,0.0,0.0,0.0,0.0,0.0,1.0,0.0,0.0,0.0,0.0,0.0,0.0,0.0,0.0,0.0,0.0,0.0,0.0,0.0,0.0,0.0,0.0,0.0,0.0,1.0,0.0,0.0,0.0,0.0,1.0,0.0,0.0,0.0,0.0,0.0,1.0,0.0,0.0,0.0,117000.0,-0.805412069724195
-0.06491841398858939,1.0444940398437905,-0.6624829474618966,-1.2765604976797311,-0.4616537169458557,-1.021987401155326,-2.2013579409585584,0.29818073040869925,0.0,0.0,0.0,0.0,0.0,0.0,0.0,1.0,0.0,0.0,0.0,0.0,0.0,0.0,0.0,0.0,0.0,0.0,0.0,0.0,0.0,0.0,0.0,0.0,0.0,0.0,0.0,0.0,1.0,0.0,0.0,0.0,0.0,1.0,0.0,0.0,0.0,0.0,1.0,0.0,0.0,0.0,0.0,143750.0,-0.4709839229028129
0.6358587812250798,-0.4438966626123607,0.11165782211626503,-0.36828972071089955,0.5604338329466891,-1.021987401155326,0.2059921720278468,0.29818073040869925,0.0,1.0,0.0,0.0,0.0,0.0,0.0,0.0,0.0,0.0,0.0,0.0,0.0,0.0,0.0,0.0,0.0,0.0,0.0,0.0,0.0,0.0,0.0,0.0,0.0,0.0,0.0,0.0,1.0,0.0,0.0,0.0,0.0,0.0,1.0,0.0,0.0,0.0,0.0,1.0,0.0,0.0,0.0,186000.0,0.05722501927301499
-0.7656956092022585,-0.6092734073297109,0.13414370285112204,-0.6775715801097689,-0.426409318673699,-1.021987401155326,0.2059921720278468,-1.0371220601333149,0.0,1.0,0.0,0.0,0.0,0.0,0.0,0.0,0.0,0.0,0.0,0.0,0.0,0.0,0.0,0.0,0.0,0.0,0.0,0.0,0.0,0.0,0.0,0.0,0.0,0.0,0.0,1.0,0.0,0.0,0.0,0.0,0.0,0.0,0.0,1.0,0.0,0.0,0.0,1.0,0.0,0.0,0.0,142000.0,-0.49286239979766966
-1.4664728044159276,-1.7007599224642218,-0.33034075889577497,-1.2511132560836216,-0.43301764334972837,-1.021987401155326,-0.9976828844653559,0.29818073040869925,0.0,0.0,0.0,0.0,0.0,0.0,0.0,0.0,0.0,1.0,0.0,0.0,0.0,0.0,0.0,0.0,0.0,0.0,0.0,0.0,0.0,0.0,0.0,0.0,0.0,0.0,0.0,1.0,0.0,0.0,0.0,0.0,0.0,0.0,1.0,0.0,0.0,0.0,0.0,0.0,0.0,1.0,0.0,80000.0,-1.2679855812154526
-0.06491841398858939,0.11838426942662977,0.08089355742927161,-0.5679526932342203,0.15512325281688685,0.7772367703207032,0.2059921720278468,0.29818073040869925,0.0,0.0,1.0,0.0,0.0,0.0,0.0,0.0,0.0,0.0,0.0,0.0,0.0,0.0,0.0,0.0,0.0,0.0,0.0,0.0,0.0,0.0,0.0,0.0,0.0,0.0,0.0,0.0,1.0,0.0,0.0,0.0,0.0,0.0,1.0,0.0,0.0,0.0,0.0,1.0,0.0,0.0,0.0,148000.0,-0.4178504790153036
1.336635976438749,0.9783433419568505,0.11926498574795795,0.19742203477184256,1.152980278897324,0.7772367703207032,0.2059921720278468,0.29818073040869925,0.0,0.0,0.0,0.0,0.0,0.0,0.0,1.0,0.0,0.0,0.0,0.0,0.0,0.0,0.0,0.0,0.0,0.0,0.0,0.0,0.0,0.0,0.0,0.0,0.0,0.0,0.0,0.0,1.0,0.0,0.0,0.0,0.0,1.0,0.0,0.0,0.0,0.0,1.0,0.0,0.0,0.0,0.0,272000.0,1.1323958838202621
-0.7656956092022585,-0.11314317317766043,-0.21891818570215515,-1.1786864915408484,-0.49469534032600265,-1.021987401155326,0.2059921720278468,-1.0371220601333149,0.0,1.0,0.0,0.0,0.0,0.0,0.0,0.0,0.0,0.0,0.0,0.0,0.0,0.0,0.0,0.0,0.0,0.0,0.0,0.0,0.0,0.0,0.0,0.0,0.0,0.0,0.0,0.0,1.0,0.0,0.0,0.0,0.0,0.0,1.0,0.0,0.0,0.0,1.0,0.0,0.0,0.0,0.0,140000.0,-0.5178663733917916
-1.4664728044159276,-0.5761980583862408,0.5904616506992899,-0.2293086319936861,-2.3296068253701616,-1.021987401155326,-0.9976828844653559,0.29818073040869925,0.0,0.0,0.0,0.0,0.0,0.0,0.0,0.0,0.0,0.0,0.0,0.0,1.0,0.0,0.0,0.0,0.0,0.0,0.0,0.0,0.0,0.0,0.0,0.0,0.0,0.0,0.0,0.0,1.0,0.0,0.0,0.0,0.0,0.0,1.0,0.0,0.0,0.0,0.0,1.0,0.0,0.0,0.0,122000.0,-0.74290213573889
-0.06491841398858939,-1.5023078288034015,-0.48740631387955224,-1.1669416108041826,-0.3823538208335031,-1.021987401155326,-0.9976828844653559,-1.0371220601333149,0.0,0.0,0.0,0.0,0.0,0.0,0.0,0.0,0.0,0.0,0.0,1.0,0.0,0.0,0.0,0.0,0.0,0.0,0.0,0.0,0.0,0.0,0.0,0.0,0.0,0.0,0.0,1.0,0.0,0.0,0.0,0.0,0.0,0.0,1.0,0.0,0.0,0.0,0.0,1.0,0.0,0.0,0.0,119000.0,-0.780408096130073
0.6358587812250798,1.1106447377307307,-0.09451868631329449,1.6009352828034207,-0.21494292904075868,0.7772367703207032,0.2059921720278468,0.29818073040869925,0.0,0.0,0.0,0.0,1.0,0.0,0.0,0.0,0.0,0.0,0.0,0.0,0.0,0.0,0.0,0.0,0.0,0.0,0.0,0.0,0.0,0.0,0.0,0.0,0.0,0.0,0.0,0.0,0.0,1.0,0.0,0.0,0.0,1.0,0.0,0.0,0.0,0.0,1.0,0.0,0.0,0.0,0.0,294323.0,1.4114777350910552
1.336635976438749,0.44913775886133006,-0.4244234738112712,0.4734267320834918,1.507627036510901,0.7772367703207032,-0.9976828844653559,0.29818073040869925,0.0,0.0,0.0,0.0,0.0,0.0,0.0,0.0,0.0,0.0,0.0,0.0,0.0,0.0,0.0,0.0,0.0,0.0,0.0,0.0,0.0,0.0,0.0,1.0,0.0,0.0,0.0,0.0,1.0,0.0,0.0,0.0,0.0,1.0,0.0,0.0,0.0,0.0,1.0,0.0,0.0,0.0,0.0,275000.0,1.1699018442114453
-1.4664728044159276,-2.031513411898922,-0.29275242095093934,-0.26845823444923916,-0.9594808425400694,-1.021987401155326,0.2059921720278468,0.29818073040869925,0.0,0.0,0.0,0.0,0.0,0.0,0.0,0.0,0.0,1.0,0.0,0.0,0.0,0.0,0.0,0.0,0.0,0.0,0.0,0.0,0.0,0.0,0.0,0.0,0.0,0.0,0.0,1.0,0.0,0.0,0.0,0.0,0.0,0.0,1.0,0.0,0.0,0.0,0.0,0.0,0.0,1.0,0.0,125500.0,-0.6991451819491764
-0.06491841398858939,0.21761031625703986,-0.2621000263173532,-0.9124691948430874,-1.3251414746136954,-1.021987401155326,0.2059921720278468,0.29818073040869925,0.0,0.0,0.0,0.0,0.0,1.0,0.0,0.0,0.0,0.0,0.0,0.0,0.0,0.0,0.0,0.0,0.0,0.0,0.0,0.0,0.0,0.0,0.0,0.0,0.0,0.0,0.0,0.0,0.0,0.0,1.0,0.0,0.0,0.0,1.0,0.0,0.0,0.0,1.0,0.0,0.0,0.0,0.0,149900.0,-0.39409670410088765
-0.7656956092022585,-0.6423487562731809,-0.44042089144850777,-0.6893164608464348,-0.1708874312005628,-1.021987401155326,-0.9976828844653559,-1.0371220601333149,0.0,0.0,0.0,0.0,0.0,0.0,0.0,0.0,0.0,0.0,0.0,0.0,1.0,0.0,0.0,0.0,0.0,0.0,0.0,0.0,0.0,0.0,0.0,0.0,0.0,0.0,0.0,1.0,0.0,0.0,0.0,0.0,0.0,0.0,1.0,0.0,0.0,0.0,0.0,0.0,1.0,0.0,0.0,123500.0,-0.7241491555432984
1.336635976438749,-2.957623182316083,0.8182290794364484,0.4734267320834918,-0.31186502428918966,-1.021987401155326,1.4096672285210494,0.29818073040869925,0.0,0.0,0.0,0.0,0.0,0.0,0.0,0.0,0.0,1.0,0.0,0.0,0.0,0.0,0.0,0.0,0.0,0.0,0.0,0.0,0.0,0.0,0.0,0.0,0.0,0.0,0.0,0.0,1.0,0.0,0.0,0.0,0.0,1.0,0.0,0.0,0.0,0.0,0.0,1.0,0.0,0.0,0.0,168000.0,-0.16781074307408328
1.336635976438749,-0.04699247529072038,0.6161917629829571,1.4032297904028777,2.5539451102155537,0.7772367703207032,1.4096672285210494,0.29818073040869925,0.0,1.0,0.0,0.0,0.0,0.0,0.0,0.0,0.0,0.0,0.0,0.0,0.0,0.0,0.0,0.0,0.0,0.0,0.0,0.0,0.0,0.0,0.0,0.0,0.0,0.0,0.0,0.0,1.0,0.0,0.0,0.0,0.0,1.0,0.0,0.0,0.0,0.0,0.0,1.0,0.0,0.0,0.0,268000.0,1.0823879366320182
-0.7656956092022585,0.7468158993525603,-0.17696691567443687,-0.9985983202453043,-0.14885968228046484,-1.021987401155326,0.2059921720278468,-1.0371220601333149,0.0,0.0,0.0,0.0,0.0,0.0,0.0,1.0,0.0,0.0,0.0,0.0,0.0,0.0,0.0,0.0,0.0,0.0,0.0,0.0,0.0,0.0,0.0,0.0,0.0,0.0,0.0,0.0,1.0,0.0,0.0,0.0,0.0,0.0,1.0,0.0,0.0,0.0,1.0,0.0,0.0,0.0,0.0,126000.0,-0.6928941885506459
-0.7656956092022585,-0.4108213136688907,-0.08467412161345661,-0.8987668339836439,-0.0365181627879653,-1.021987401155326,0.2059921720278468,-1.0371220601333149,0.0,1.0,0.0,0.0,0.0,0.0,0.0,0.0,0.0,0.0,0.0,0.0,0.0,0.0,0.0,0.0,0.0,0.0,0.0,0.0,0.0,0.0,0.0,0.0,0.0,0.0,0.0,0.0,1.0,0.0,0.0,0.0,0.0,0.0,1.0,0.0,0.0,0.0,0.0,1.0,0.0,0.0,0.0,124500.0,-0.7116471687462375
1.336635976438749,1.0114186909003204,-0.21108728196364773,0.60849286055515,-0.18850963033664114,0.7772367703207032,0.2059921720278468,0.29818073040869925,0.0,0.0,0.0,0.0,1.0,0.0,0.0,0.0,0.0,0.0,0.0,0.0,0.0,0.0,0.0,0.0,0.0,0.0,0.0,0.0,0.0,0.0,0.0,0.0,0.0,0.0,0.0,0.0,1.0,0.0,0.0,0.0,0.0,1.0,0.0,0.0,0.0,0.0,1.0,0.0,0.0,0.0,0.0,235000.0,0.6698223723290047
2.037413171652418,1.1437200866742006,0.23628106161194018,0.6182802611690382,1.6133602313273712,0.7772367703207032,0.2059921720278468,1.6334835209507133,0.0,0.0,0.0,1.0,0.0,0.0,0.0,0.0,0.0,0.0,0.0,0.0,0.0,0.0,0.0,0.0,0.0,0.0,0.0,0.0,0.0,0.0,0.0,0.0,0.0,0.0,0.0,0.0,1.0,0.0,0.0,0.0,0.0,0.0,0.0,1.0,0.0,0.0,0.0,0.0,1.0,0.0,0.0,356000.0,2.1825627747733876
-0.06491841398858939,0.7137405504090902,-0.3475687471204913,-0.6071022956897734,0.271870322093406,0.7772367703207032,0.2059921720278468,0.29818073040869925,0.0,0.0,0.0,0.0,0.0,0.0,0.0,0.0,0.0,0.0,0.0,0.0,0.0,1.0,0.0,0.0,0.0,0.0,0.0,0.0,0.0,0.0,0.0,0.0,0.0,0.0,0.0,0.0,1.0,0.0,0.0,0.0,0.0,0.0,1.0,0.0,0.0,0.0,1.0,0.0,0.0,0.0,0.0,166000.0,-0.1928147166682053
-0.7656956092022585,-0.3115952668384806,0.2921042182621573,-1.1512817698219613,-0.3206761238572288,-1.021987401155326,-0.9976828844653559,-1.0371220601333149,0.0,0.0,0.0,0.0,0.0,1.0,0.0,0.0,0.0,0.0,0.0,0.0,0.0,0.0,0.0,0.0,0.0,0.0,0.0,0.0,0.0,0.0,0.0,0.0,0.0,0.0,0.0,1.0,0.0,0.0,0.0,0.0,0.0,0.0,1.0,0.0,0.0,0.0,0.0,1.0,0.0,0.0,0.0,144000.0,-0.4678584262035476
-0.06491841398858939,-0.47697201155583074,-0.06945979435007077,0.43231964950516105,0.6022865558948752,-1.021987401155326,1.4096672285210494,0.29818073040869925,0.0,1.0,0.0,0.0,0.0,0.0,0.0,0.0,0.0,0.0,0.0,0.0,0.0,0.0,0.0,0.0,0.0,0.0,0.0,0.0,0.0,0.0,0.0,0.0,0.0,0.0,0.0,0.0,1.0,0.0,0.0,0.0,0.0,0.0,1.0,0.0,0.0,0.0,0.0,1.0,0.0,0.0,0.0,174850.0,-0.08217213351421533
1.336635976438749,1.1767954356176706,0.046101970819617234,0.5243212152757109,-0.4220037688896794,0.7772367703207032,0.2059921720278468,0.29818073040869925,0.0,0.0,0.0,0.0,0.0,0.0,0.0,1.0,0.0,0.0,0.0,0.0,0.0,0.0,0.0,0.0,0.0,0.0,0.0,0.0,0.0,0.0,0.0,0.0,0.0,0.0,0.0,0.0,1.0,0.0,0.0,0.0,0.0,1.0,0.0,0.0,0.0,0.0,1.0,0.0,0.0,0.0,0.0,212000.0,0.38227667599660137
-1.4664728044159276,-1.833061318238102,-0.6216503779682508,-0.5953574149531075,0.30491194547355294,-1.021987401155326,-0.9976828844653559,0.29818073040869925,0.0,0.0,0.0,0.0,0.0,0.0,0.0,0.0,0.0,0.0,0.0,0.0,0.0,0.0,0.0,0.0,0.0,0.0,0.0,1.0,0.0,0.0,0.0,0.0,0.0,0.0,0.0,1.0,0.0,0.0,0.0,0.0,0.0,0.0,1.0,0.0,0.0,0.0,0.0,1.0,0.0,0.0,0.0,109900.0,-0.8941761759833282
0.6358587812250798,0.2506856652005099,0.45789563741170003,0.5517259369945979,1.5957380321912926,0.7772367703207032,0.2059921720278468,0.29818073040869925,0.0,0.0,0.0,0.0,0.0,0.0,0.0,0.0,0.0,0.0,0.0,0.0,0.0,0.0,1.0,0.0,0.0,0.0,0.0,0.0,0.0,0.0,0.0,0.0,0.0,0.0,0.0,0.0,1.0,0.0,0.0,0.0,0.0,1.0,0.0,0.0,0.0,0.0,1.0,0.0,0.0,0.0,0.0,220000.0,0.4822925703730895
0.6358587812250798,-1.1384789904252313,0.2831546139895774,1.5011037965417604,-0.11581805890031792,-1.021987401155326,0.2059921720278468,0.29818073040869925,0.0,0.0,0.0,0.0,0.0,1.0,0.0,0.0,0.0,0.0,0.0,0.0,0.0,0.0,0.0,0.0,0.0,0.0,0.0,0.0,0.0,0.0,0.0,0.0,0.0,0.0,0.0,0.0,1.0,0.0,0.0,0.0,0.0,0.0,1.0,0.0,0.0,0.0,0.0,1.0,0.0,0.0,0.0,219000.0,0.4697905835760285
-0.06491841398858939,0.9121926440699104,-0.19240498304463718,0.41861728864571746,-0.2964456000451211,0.7772367703207032,0.2059921720278468,0.29818073040869925,0.0,0.0,0.0,0.0,0.0,0.0,0.0,0.0,0.0,0.0,0.0,0.0,0.0,1.0,0.0,0.0,0.0,0.0,0.0,0.0,0.0,0.0,0.0,0.0,0.0,0.0,0.0,0.0,1.0,0.0,0.0,0.0,0.0,0.0,1.0,0.0,0.0,0.0,1.0,0.0,0.0,0.0,0.0,180000.0,-0.017786901509351104
-1.4664728044159276,-1.0392529435948212,-0.5623592496624089,-1.5506077148686028,-1.404441370726048,-1.021987401155326,-0.9976828844653559,-2.372424850675329,0.0,0.0,0.0,0.0,0.0,0.0,0.0,0.0,0.0,0.0,0.0,1.0,0.0,0.0,0.0,0.0,0.0,0.0,0.0,0.0,0.0,0.0,0.0,0.0,0.0,0.0,0.0,0.0,1.0,0.0,0.0,0.0,0.0,0.0,0.0,0.0,1.0,0.0,0.0,1.0,0.0,0.0,0.0,82500.0,-1.2367306142228
0.6358587812250798,0.8460419461829704,-0.37329885940415847,-0.2586708338353509,0.5075672355384541,0.7772367703207032,-0.9976828844653559,2.9687863114927273,0.0,0.0,1.0,0.0,0.0,0.0,0.0,0.0,0.0,0.0,0.0,0.0,0.0,0.0,0.0,0.0,0.0,0.0,0.0,0.0,0.0,0.0,0.0,0.0,0.0,0.0,0.0,0.0,1.0,0.0,0.0,0.0,0.0,0.0,1.0,0.0,0.0,0.0,1.0,0.0,0.0,0.0,0.0,215000.0,0.4197826363877844
-0.06491841398858939,1.1767954356176706,0.4744524053159729,0.8473054355340238,-0.36032607191340515,0.7772367703207032,1.4096672285210494,1.6334835209507133,0.0,0.0,0.0,0.0,1.0,0.0,0.0,0.0,0.0,0.0,0.0,0.0,0.0,0.0,0.0,0.0,0.0,0.0,0.0,0.0,0.0,0.0,0.0,0.0,0.0,0.0,0.0,0.0,0.0,1.0,0.0,0.0,0.0,1.0,0.0,0.0,0.0,0.0,1.0,0.0,0.0,0.0,0.0,214000.0,0.4072806495907234
0.6358587812250798,1.0775693887872606,-0.140609148317081,0.6574298636245913,1.7675544737680566,0.7772367703207032,0.2059921720278468,0.29818073040869925,0.0,0.0,0.0,0.0,0.0,0.0,0.0,1.0,0.0,0.0,0.0,0.0,0.0,0.0,0.0,0.0,0.0,0.0,0.0,0.0,0.0,0.0,0.0,0.0,0.0,0.0,0.0,0.0,1.0,0.0,0.0,0.0,0.0,1.0,0.0,0.0,0.0,0.0,1.0,0.0,0.0,0.0,0.0,216837.0,0.4427487861339855
0.6358587812250798,0.5814391546352101,1.7699076237719138,1.9943887874817292,0.33575079396169005,0.7772367703207032,1.4096672285210494,0.29818073040869925,0.0,0.0,0.0,0.0,0.0,0.0,0.0,0.0,0.0,0.0,0.0,0.0,0.0,0.0,0.0,1.0,0.0,0.0,0.0,0.0,0.0,0.0,0.0,0.0,0.0,0.0,0.0,0.0,1.0,0.0,0.0,0.0,0.0,1.0,0.0,0.0,0.0,0.0,1.0,0.0,0.0,0.0,0.0,335000.0,1.9200210520351062
-0.06491841398858939,1.0114186909003204,-0.2560590434333618,1.5011037965417604,-0.10480418444026894,0.7772367703207032,1.4096672285210494,0.29818073040869925,0.0,0.0,0.0,0.0,0.0,0.0,0.0,0.0,0.0,0.0,0.0,0.0,0.0,1.0,0.0,0.0,0.0,0.0,0.0,0.0,0.0,0.0,0.0,0.0,0.0,0.0,0.0,0.0,0.0,1.0,0.0,0.0,0.0,1.0,0.0,0.0,0.0,0.0,1.0,0.0,0.0,0.0,0.0,200000.0,0.2322528344318692
-0.7656956092022585,0.7798912482960303,-0.09306437561900026,-0.78523298686254,0.0912427809486028,-1.021987401155326,0.2059921720278468,-1.0371220601333149,0.0,0.0,0.0,0.0,0.0,0.0,0.0,1.0,0.0,0.0,0.0,0.0,0.0,0.0,0.0,0.0,0.0,0.0,0.0,0.0,0.0,0.0,0.0,0.0,0.0,0.0,0.0,0.0,1.0,0.0,0.0,0.0,0.0,1.0,0.0,0.0,0.0,0.0,1.0,0.0,0.0,0.0,0.0,144000.0,-0.4678584262035476
1.336635976438749,0.7798912482960303,0.12273295740358266,0.021248823721853664,0.7564807983355608,0.7772367703207032,0.2059921720278468,1.6334835209507133,1.0,0.0,0.0,0.0,0.0,0.0,0.0,0.0,0.0,0.0,0.0,0.0,0.0,0.0,0.0,0.0,0.0,0.0,0.0,0.0,0.0,0.0,0.0,0.0,0.0,0.0,0.0,0.0,1.0,0.0,0.0,0.0,0.0,1.0,0.0,0.0,0.0,0.0,1.0,0.0,0.0,0.0,0.0,225000.0,0.5448025043583945
0.6358587812250798,0.6145145035786802,-0.04585521308114127,-0.5542503323747767,0.28728974633747456,0.7772367703207032,0.2059921720278468,0.29818073040869925,0.0,0.0,1.0,0.0,0.0,0.0,0.0,0.0,0.0,0.0,0.0,0.0,0.0,0.0,0.0,0.0,0.0,0.0,0.0,0.0,0.0,0.0,0.0,0.0,0.0,0.0,0.0,0.0,1.0,0.0,0.0,0.0,0.0,1.0,0.0,0.0,0.0,0.0,1.0,0.0,0.0,0.0,0.0,173000.0,-0.1053008090887782
0.6358587812250798,1.0775693887872606,-0.7527620805615464,-0.6991038614603231,0.1881648761970338,-1.021987401155326,-2.2013579409585584,0.29818073040869925,0.0,0.0,0.0,0.0,1.0,0.0,0.0,0.0,0.0,0.0,0.0,0.0,0.0,0.0,0.0,0.0,0.0,0.0,0.0,0.0,0.0,0.0,0.0,0.0,0.0,0.0,0.0,0.0,1.0,0.0,0.0,0.0,0.0,1.0,0.0,0.0,0.0,0.0,1.0,0.0,0.0,0.0,0.0,176400.0,-0.06279405397877076
0.6358587812250798,-0.6092734073297109,0.5857631084561854,1.5402533989973133,0.5428116338106107,0.7772367703207032,0.2059921720278468,0.29818073040869925,0.0,0.0,0.0,0.0,0.0,0.0,1.0,0.0,0.0,0.0,0.0,0.0,0.0,0.0,0.0,0.0,0.0,0.0,0.0,0.0,0.0,0.0,0.0,0.0,0.0,0.0,0.0,0.0,1.0,0.0,0.0,0.0,0.0,0.0,1.0,0.0,0.0,0.0,0.0,1.0,0.0,0.0,0.0,225000.0,0.5448025043583945
-0.7656956092022585,-0.774650152047061,-0.3100922792290629,-0.08641258303091733,-0.545359162842228,-1.021987401155326,1.4096672285210494,-1.0371220601333149,0.0,0.0,0.0,0.0,0.0,0.0,0.0,0.0,0.0,0.0,0.0,0.0,1.0,0.0,0.0,0.0,0.0,0.0,0.0,0.0,0.0,0.0,0.0,0.0,0.0,0.0,0.0,1.0,0.0,0.0,0.0,0.0,0.0,0.0,1.0,0.0,0.0,0.0,0.0,0.0,0.0,1.0,0.0,91500.0,-1.1242127330492508
-0.7656956092022585,-0.17929387106460049,0.15886698465412402,-0.3526298797286783,0.23442314892923946,-1.021987401155326,0.2059921720278468,0.29818073040869925,0.0,0.0,0.0,0.0,0.0,1.0,0.0,0.0,0.0,0.0,0.0,0.0,0.0,0.0,0.0,0.0,0.0,0.0,0.0,0.0,0.0,0.0,0.0,0.0,0.0,0.0,0.0,0.0,1.0,0.0,0.0,0.0,0.0,0.0,1.0,0.0,0.0,0.0,0.0,1.0,0.0,0.0,0.0,164500.0,-0.21156769686379684
0.6358587812250798,1.1767954356176706,-0.8028798644879939,-0.2116913108886872,-0.8118949247754131,0.7772367703207032,-0.9976828844653559,0.29818073040869925,0.0,0.0,0.0,0.0,1.0,0.0,0.0,0.0,0.0,0.0,0.0,0.0,0.0,0.0,0.0,0.0,0.0,0.0,0.0,0.0,0.0,0.0,0.0,0.0,0.0,0.0,0.0,1.0,0.0,0.0,0.0,0.0,0.0,1.0,0.0,0.0,0.0,0.0,1.0,0.0,0.0,0.0,0.0,146000.0,-0.4428544526094256
0.6358587812250798,-1.6346092245772816,-0.28682330812035517,1.1115652521090071,0.11106775497669095,-1.021987401155326,0.2059921720278468,-1.0371220601333149,0.0,0.0,0.0,0.0,0.0,0.0,0.0,0.0,0.0,0.0,0.0,1.0,0.0,0.0,0.0,0.0,0.0,0.0,0.0,0.0,0.0,0.0,0.0,0.0,0.0,0.0,0.0,1.0,0.0,0.0,0.0,0.0,0.0,1.0,0.0,0.0,0.0,0.0,1.0,0.0,0.0,0.0,0.0,209500.0,0.3510217090039488
-0.7656956092022585,-0.4108213136688907,-0.26366620706505467,-0.47790860758644815,0.4370784389941406,-1.021987401155326,0.2059921720278468,-1.0371220601333149,0.0,1.0,0.0,0.0,0.0,0.0,0.0,0.0,0.0,0.0,0.0,0.0,0.0,0.0,0.0,0.0,0.0,0.0,0.0,0.0,0.0,0.0,0.0,0.0,0.0,0.0,0.0,0.0,1.0,0.0,0.0,0.0,0.0,1.0,0.0,0.0,0.0,0.0,0.0,1.0,0.0,0.0,0.0,159000.0,-0.2803286242476324
-0.06491841398858939,0.6145145035786802,-0.3559590011260349,-0.32914011825534645,0.604489330786885,0.7772367703207032,-0.9976828844653559,0.29818073040869925,1.0,0.0,0.0,0.0,0.0,0.0,0.0,0.0,0.0,0.0,0.0,0.0,0.0,0.0,0.0,0.0,0.0,0.0,0.0,0.0,0.0,0.0,0.0,0.0,0.0,0.0,0.0,0.0,1.0,0.0,0.0,0.0,0.0,1.0,0.0,0.0,0.0,0.0,1.0,0.0,0.0,0.0,0.0,145000.0,-0.4553564394064866
-0.06491841398858939,-0.04699247529072038,-0.949541504504897,-1.0044707606136372,-1.2656665525294308,-1.021987401155326,-0.9976828844653559,-1.0371220601333149,0.0,0.0,0.0,0.0,0.0,0.0,0.0,0.0,0.0,0.0,0.0,0.0,0.0,0.0,0.0,0.0,0.0,0.0,0.0,0.0,0.0,1.0,0.0,0.0,0.0,0.0,0.0,1.0,0.0,0.0,0.0,0.0,0.0,0.0,1.0,0.0,0.0,0.0,0.0,1.0,0.0,0.0,0.0,106000.0,-0.9429339244918662
-0.06491841398858939,0.05223357153968971,-0.9119531665600614,-0.7989353477219835,-1.1731500070650194,-1.021987401155326,0.2059921720278468,-1.0371220601333149,0.0,0.0,0.0,0.0,0.0,0.0,0.0,0.0,0.0,0.0,0.0,0.0,0.0,0.0,0.0,0.0,0.0,0.0,0.0,0.0,0.0,1.0,0.0,0.0,0.0,0.0,0.0,1.0,0.0,0.0,0.0,0.0,0.0,0.0,1.0,0.0,0.0,0.0,0.0,1.0,0.0,0.0,0.0,113500.0,-0.8491690235139085
0.6358587812250798,0.9121926440699104,-0.3396259733285766,-0.27824563506312744,0.6199087550309536,0.7772367703207032,0.2059921720278468,0.29818073040869925,0.0,0.0,0.0,0.0,1.0,0.0,0.0,0.0,0.0,0.0,0.0,0.0,0.0,0.0,0.0,0.0,0.0,0.0,0.0,0.0,0.0,0.0,0.0,0.0,0.0,0.0,0.0,1.0,0.0,0.0,0.0,0.0,0.0,1.0,0.0,0.0,0.0,0.0,1.0,0.0,0.0,0.0,0.0,204000.0,0.28226078162011325
-0.06491841398858939,-1.6015338756338118,0.026300971366534198,0.003631502616854774,-1.0035363403802653,-1.021987401155326,0.2059921720278468,-1.0371220601333149,0.0,0.0,0.0,0.0,0.0,0.0,0.0,0.0,0.0,0.0,0.0,0.0,0.0,0.0,0.0,0.0,1.0,0.0,0.0,0.0,0.0,0.0,0.0,0.0,0.0,0.0,0.0,1.0,0.0,0.0,0.0,0.0,0.0,1.0,0.0,0.0,0.0,0.0,0.0,1.0,0.0,0.0,0.0,165000.0,-0.20531670346526631
-0.06491841398858939,-0.4108213136688907,-0.140609148317081,-1.2452408157152886,-0.426409318673699,-1.021987401155326,-0.9976828844653559,-1.0371220601333149,0.0,1.0,0.0,0.0,0.0,0.0,0.0,0.0,0.0,0.0,0.0,0.0,0.0,0.0,0.0,0.0,0.0,0.0,0.0,0.0,0.0,0.0,0.0,0.0,0.0,0.0,0.0,1.0,0.0,0.0,0.0,0.0,0.0,0.0,1.0,0.0,0.0,0.0,0.0,1.0,0.0,0.0,0.0,127500.0,-0.6741412083550543
-0.7656956092022585,-2.031513411898922,-0.05111310559128197,-0.07075274204869608,-1.2194082797972252,0.7772367703207032,0.2059921720278468,-2.372424850675329,0.0,0.0,0.0,0.0,0.0,0.0,0.0,0.0,0.0,1.0,0.0,0.0,0.0,0.0,0.0,0.0,0.0,0.0,0.0,0.0,0.0,0.0,0.0,0.0,0.0,0.0,0.0,0.0,1.0,0.0,0.0,0.0,0.0,0.0,1.0,0.0,0.0,0.0,0.0,1.0,0.0,0.0,0.0,129000.0,-0.6553882281594628
1.336635976438749,0.7798912482960303,0.17587123277202585,1.9591541452717314,0.4062395905060035,0.7772367703207032,1.4096672285210494,1.6334835209507133,0.0,0.0,0.0,0.0,0.0,0.0,0.0,0.0,1.0,0.0,0.0,0.0,0.0,0.0,0.0,0.0,0.0,0.0,0.0,0.0,0.0,0.0,0.0,0.0,0.0,0.0,0.0,0.0,1.0,0.0,0.0,0.0,0.0,1.0,0.0,0.0,0.0,0.0,1.0,0.0,0.0,0.0,0.0,290000.0,1.3574316461673606
-0.7656956092022585,-0.774650152047061,-0.1926287231514517,-0.4211416840258962,-0.8493420979395796,-1.021987401155326,-0.9976828844653559,-1.0371220601333149,0.0,0.0,0.0,0.0,0.0,0.0,0.0,0.0,0.0,0.0,0.0,1.0,0.0,0.0,0.0,0.0,0.0,0.0,0.0,0.0,0.0,0.0,0.0,0.0,0.0,0.0,0.0,1.0,0.0,0.0,0.0,0.0,0.0,0.0,1.0,0.0,0.0,0.0,0.0,1.0,0.0,0.0,0.0,127000.0,-0.6803922017535848
1.336635976438749,0.9121926440699104,0.76855877572363,-0.3115227971503476,0.6243143048149732,-1.021987401155326,-2.2013579409585584,0.29818073040869925,0.0,0.0,0.0,0.0,0.0,0.0,0.0,1.0,0.0,0.0,0.0,0.0,0.0,0.0,0.0,0.0,0.0,0.0,0.0,0.0,0.0,0.0,0.0,0.0,0.0,0.0,0.0,0.0,1.0,0.0,0.0,0.0,0.0,1.0,0.0,0.0,0.0,0.0,1.0,0.0,0.0,0.0,0.0,246900.0,0.8185960152140308
-0.06491841398858939,-0.0800678242341904,-0.15179615365780588,-0.5562078124975544,0.3489674433137488,-1.021987401155326,0.2059921720278468,-1.0371220601333149,0.0,0.0,0.0,0.0,0.0,0.0,0.0,0.0,0.0,0.0,0.0,0.0,0.0,0.0,1.0,0.0,0.0,0.0,0.0,0.0,0.0,0.0,0.0,0.0,0.0,0.0,0.0,0.0,1.0,0.0,0.0,0.0,0.0,0.0,1.0,0.0,0.0,0.0,0.0,1.0,0.0,0.0,0.0,113000.0,-0.8554200169124391
1.336635976438749,1.2098707845611407,-0.003680202946608477,-0.4818235678320035,0.43267288921012104,0.7772367703207032,-0.9976828844653559,1.6334835209507133,0.0,0.0,0.0,0.0,0.0,0.0,0.0,1.0,0.0,0.0,0.0,0.0,0.0,0.0,0.0,0.0,0.0,0.0,0.0,0.0,0.0,0.0,0.0,0.0,0.0,0.0,0.0,0.0,1.0,0.0,0.0,0.0,0.0,1.0,0.0,0.0,0.0,0.0,1.0,0.0,0.0,0.0,0.0,221800.0,0.5047961466077993
-0.06491841398858939,-0.4108213136688907,-0.33839540274109686,-1.2452408157152886,-0.426409318673699,-1.021987401155326,-0.9976828844653559,-1.0371220601333149,0.0,1.0,0.0,0.0,0.0,0.0,0.0,0.0,0.0,0.0,0.0,0.0,0.0,0.0,0.0,0.0,0.0,0.0,0.0,0.0,0.0,0.0,0.0,0.0,0.0,0.0,0.0,0.0,1.0,0.0,0.0,0.0,0.0,1.0,0.0,0.0,0.0,0.0,0.0,1.0,0.0,0.0,0.0,120000.0,-0.767906109333012
-0.7656956092022585,-0.5100473604993008,-0.03992610025055709,-0.25475587358979557,0.0009290103762012131,-1.021987401155326,0.2059921720278468,-1.0371220601333149,0.0,1.0,0.0,0.0,0.0,0.0,0.0,0.0,0.0,0.0,0.0,0.0,0.0,0.0,0.0,0.0,0.0,0.0,0.0,0.0,0.0,0.0,0.0,0.0,0.0,0.0,0.0,0.0,0.0,0.0,1.0,0.0,0.0,0.0,1.0,0.0,0.0,0.0,0.0,1.0,0.0,0.0,0.0,148000.0,-0.4178504790153036
-0.7656956092022585,0.2506856652005099,-0.373522599510973,1.4482518332267635,-2.3296068253701616,0.7772367703207032,3.817017341507455,0.29818073040869925,1.0,0.0,0.0,0.0,0.0,0.0,0.0,0.0,0.0,0.0,0.0,0.0,0.0,0.0,0.0,0.0,0.0,0.0,0.0,0.0,0.0,0.0,0.0,0.0,0.0,0.0,0.0,1.0,0.0,0.0,0.0,0.0,0.0,0.0,1.0,0.0,0.0,0.0,0.0,1.0,0.0,0.0,0.0,142953.0,-0.4809480063800705
1.336635976438749,1.1767954356176706,0.2080898081533135,0.7435589890268081,-0.22595680350080766,0.7772367703207032,0.2059921720278468,1.6334835209507133,0.0,0.0,0.0,0.0,1.0,0.0,0.0,0.0,0.0,0.0,0.0,0.0,0.0,0.0,0.0,0.0,0.0,0.0,0.0,0.0,0.0,0.0,0.0,0.0,0.0,0.0,0.0,0.0,1.0,0.0,0.0,0.0,0.0,0.0,0.0,1.0,0.0,0.0,0.0,0.0,1.0,0.0,0.0,310013.0,1.6076339079369426
-0.06491841398858939,-1.5353831777468716,0.20115386484206407,-0.03551809983869831,-0.8493420979395796,0.7772367703207032,1.4096672285210494,-1.0371220601333149,0.0,0.0,0.0,0.0,0.0,0.0,0.0,0.0,0.0,0.0,1.0,0.0,0.0,0.0,0.0,0.0,0.0,0.0,0.0,0.0,0.0,0.0,0.0,0.0,0.0,0.0,0.0,1.0,0.0,0.0,0.0,0.0,0.0,0.0,0.0,0.0,1.0,0.0,0.0,1.0,0.0,0.0,0.0,140000.0,-0.5178663733917916
-0.06491841398858939,-0.17929387106460049,-0.1495587525896609,-0.6560392987592147,0.15292047792487706,-1.021987401155326,0.2059921720278468,0.29818073040869925,0.0,1.0,0.0,0.0,0.0,0.0,0.0,0.0,0.0,0.0,0.0,0.0,0.0,0.0,0.0,0.0,0.0,0.0,0.0,0.0,0.0,0.0,0.0,0.0,0.0,0.0,0.0,0.0,1.0,0.0,0.0,0.0,0.0,0.0,1.0,0.0,0.0,0.0,0.0,1.0,0.0,0.0,0.0,174900.0,-0.08154703417436228
-1.4664728044159276,-0.37774596472542066,0.23896594289371414,-0.7832755067397622,0.09344555584061259,-1.021987401155326,0.2059921720278468,-1.0371220601333149,0.0,1.0,0.0,0.0,0.0,0.0,0.0,0.0,0.0,0.0,0.0,0.0,0.0,0.0,0.0,0.0,0.0,0.0,0.0,0.0,0.0,0.0,0.0,0.0,0.0,0.0,0.0,0.0,1.0,0.0,0.0,0.0,0.0,0.0,1.0,0.0,0.0,0.0,0.0,1.0,0.0,0.0,0.0,141000.0,-0.5053643865947307
0.6358587812250798,1.1767954356176706,-0.016768999195256585,0.5106188544162672,-0.40438156975360107,2.5764609417967326,0.2059921720278468,0.29818073040869925,0.0,0.0,0.0,0.0,1.0,0.0,0.0,0.0,0.0,0.0,0.0,0.0,0.0,0.0,0.0,0.0,0.0,0.0,0.0,0.0,0.0,0.0,0.0,0.0,0.0,0.0,0.0,0.0,1.0,0.0,0.0,0.0,0.0,1.0,0.0,0.0,0.0,0.0,1.0,0.0,0.0,0.0,0.0,227875.0,0.580745716399945
0.6358587812250798,0.8791172951264404,-0.06789361360236928,1.168332175669559,0.11106775497669095,0.7772367703207032,0.2059921720278468,0.29818073040869925,0.0,0.0,0.0,0.0,0.0,0.0,0.0,1.0,0.0,0.0,0.0,0.0,0.0,0.0,0.0,0.0,0.0,0.0,0.0,0.0,0.0,0.0,0.0,0.0,0.0,0.0,0.0,1.0,0.0,0.0,0.0,0.0,0.0,1.0,0.0,0.0,0.0,0.0,1.0,0.0,0.0,0.0,0.0,274300.0,1.1611504534535027
-0.7656956092022585,-0.5431227094427709,-0.24442455787900788,-1.2452408157152886,-0.426409318673699,-1.021987401155326,-0.9976828844653559,0.29818073040869925,0.0,0.0,0.0,0.0,0.0,0.0,0.0,0.0,0.0,0.0,0.0,0.0,1.0,0.0,0.0,0.0,0.0,0.0,0.0,0.0,0.0,0.0,0.0,0.0,0.0,0.0,0.0,1.0,0.0,0.0,0.0,0.0,0.0,0.0,1.0,0.0,0.0,0.0,0.0,1.0,0.0,0.0,0.0,115000.0,-0.8304160433183171
-0.7656956092022585,-0.14621852212113046,-0.010280536097636156,-0.9946833599997489,-0.14445413249644526,-1.021987401155326,0.2059921720278468,-1.0371220601333149,0.0,0.0,0.0,0.0,0.0,1.0,0.0,0.0,0.0,0.0,0.0,0.0,0.0,0.0,0.0,0.0,0.0,0.0,0.0,0.0,0.0,0.0,0.0,0.0,0.0,0.0,0.0,0.0,1.0,0.0,0.0,0.0,0.0,1.0,0.0,0.0,0.0,0.0,0.0,1.0,0.0,0.0,0.0,145000.0,-0.4553564394064866
1.336635976438749,0.6806652014656203,0.2612280835217567,3.382242194531086,4.719272829061182,2.5764609417967326,1.4096672285210494,0.29818073040869925,0.0,0.0,0.0,0.0,0.0,0.0,0.0,0.0,1.0,0.0,0.0,0.0,0.0,0.0,0.0,0.0,0.0,0.0,0.0,0.0,0.0,0.0,0.0,0.0,0.0,0.0,0.0,0.0,1.0,0.0,0.0,0.0,0.0,1.0,0.0,0.0,0.0,0.0,1.0,0.0,0.0,0.0,0.0,430000.0,3.1077097977559025
-0.7656956092022585,0.41606240991786003,0.010079813622483124,-1.2002187728914027,-0.426409318673699,-1.021987401155326,0.2059921720278468,-1.0371220601333149,0.0,0.0,1.0,0.0,0.0,0.0,0.0,0.0,0.0,0.0,0.0,0.0,0.0,0.0,0.0,0.0,0.0,0.0,0.0,0.0,0.0,0.0,0.0,0.0,0.0,0.0,0.0,0.0,1.0,0.0,0.0,0.0,0.0,0.0,1.0,0.0,0.0,0.0,0.0,1.0,0.0,0.0,0.0,124500.0,-0.7116471687462375
-0.7656956092022585,-1.7007599224642218,-0.4900911951613262,-0.49356844856866944,-0.9550752927560497,0.7772367703207032,-0.9976828844653559,-2.372424850675329,0.0,0.0,0.0,0.0,0.0,0.0,0.0,0.0,0.0,1.0,0.0,0.0,0.0,0.0,0.0,0.0,0.0,0.0,0.0,0.0,0.0,0.0,0.0,0.0,0.0,0.0,0.0,0.0,1.0,0.0,0.0,0.0,0.0,0.0,1.0,0.0,0.0,0.0,0.0,1.0,0.0,0.0,0.0,93500.0,-1.099208759455129
-0.06491841398858939,0.11838426942662977,-0.9035629125545178,-0.08641258303091733,-0.44623429270178716,0.7772367703207032,0.2059921720278468,0.29818073040869925,0.0,0.0,0.0,0.0,0.0,0.0,0.0,0.0,0.0,0.0,0.0,0.0,0.0,0.0,0.0,0.0,0.0,0.0,1.0,0.0,0.0,0.0,0.0,0.0,0.0,0.0,0.0,0.0,1.0,0.0,0.0,0.0,0.0,1.0,0.0,0.0,0.0,0.0,0.0,1.0,0.0,0.0,0.0,149900.0,-0.39409670410088765
0.6358587812250798,-0.11314317317766043,-0.05111310559128197,0.9353920410590182,-0.4968981152180124,0.7772367703207032,1.4096672285210494,0.29818073040869925,0.0,0.0,0.0,0.0,0.0,0.0,0.0,0.0,0.0,0.0,0.0,0.0,0.0,0.0,1.0,0.0,0.0,0.0,0.0,0.0,0.0,0.0,0.0,0.0,0.0,0.0,0.0,0.0,1.0,0.0,0.0,0.0,0.0,0.0,1.0,0.0,0.0,0.0,0.0,1.0,0.0,0.0,0.0,176000.0,-0.06779484869759517
-0.06491841398858939,-0.013917126347250347,0.29579593002459653,-0.5483778920064437,1.249902374145755,0.7772367703207032,-0.9976828844653559,0.29818073040869925,0.0,0.0,0.0,0.0,0.0,0.0,0.0,0.0,0.0,0.0,0.0,0.0,0.0,0.0,1.0,0.0,0.0,0.0,0.0,0.0,0.0,0.0,0.0,0.0,0.0,0.0,0.0,0.0,1.0,0.0,0.0,0.0,0.0,0.0,1.0,0.0,0.0,0.0,0.0,1.0,0.0,0.0,0.0,170000.0,-0.14280676947996124
0.6358587812250798,1.0775693887872606,-0.31960123376867905,-0.8224251091953153,0.0493900580004167,-1.021987401155326,0.2059921720278468,-2.372424850675329,1.0,0.0,0.0,0.0,0.0,0.0,0.0,0.0,0.0,0.0,0.0,0.0,0.0,0.0,0.0,0.0,0.0,0.0,0.0,0.0,0.0,0.0,0.0,0.0,0.0,0.0,0.0,0.0,1.0,0.0,0.0,0.0,0.0,1.0,0.0,0.0,0.0,0.0,1.0,0.0,0.0,0.0,0.0,141000.0,-0.5053643865947307
1.336635976438749,0.8460419461829704,0.20518118676472502,2.057028151410614,1.5891297075152633,0.7772367703207032,1.4096672285210494,1.6334835209507133,0.0,0.0,0.0,0.0,0.0,0.0,0.0,0.0,1.0,0.0,0.0,0.0,0.0,0.0,0.0,0.0,0.0,0.0,0.0,0.0,0.0,0.0,0.0,0.0,0.0,0.0,0.0,0.0,1.0,0.0,0.0,0.0,0.0,1.0,0.0,0.0,0.0,0.0,1.0,0.0,0.0,0.0,0.0,384500.0,2.5388693984896262
-1.4664728044159276,-0.5431227094427709,-0.4860638732386653,-0.6814865403553242,-2.3296068253701616,0.7772367703207032,-0.9976828844653559,-2.372424850675329,0.0,0.0,0.0,0.0,0.0,0.0,0.0,0.0,0.0,0.0,0.0,0.0,1.0,0.0,0.0,0.0,0.0,0.0,0.0,0.0,0.0,0.0,0.0,0.0,0.0,0.0,0.0,0.0,1.0,0.0,0.0,0.0,0.0,0.0,1.0,0.0,0.0,0.0,0.0,1.0,0.0,0.0,0.0,82000.0,-1.2429816076213305
-0.7656956092022585,0.18453496731356983,0.787912294963084,-0.7323810235475432,0.15071770303286727,0.7772367703207032,0.2059921720278468,0.29818073040869925,0.0,0.0,1.0,0.0,0.0,0.0,0.0,0.0,0.0,0.0,0.0,0.0,0.0,0.0,0.0,0.0,0.0,0.0,0.0,0.0,0.0,0.0,0.0,0.0,0.0,0.0,0.0,0.0,1.0,0.0,0.0,0.0,0.0,0.0,1.0,0.0,0.0,0.0,0.0,1.0,0.0,0.0,0.0,160000.0,-0.2678266374505714
1.336635976438749,1.0775693887872606,0.6495290388983173,0.23069919685906268,1.2344829499016863,0.7772367703207032,-0.9976828844653559,1.6334835209507133,0.0,0.0,0.0,1.0,0.0,0.0,0.0,0.0,0.0,0.0,0.0,0.0,0.0,0.0,0.0,0.0,0.0,0.0,0.0,0.0,0.0,0.0,0.0,0.0,0.0,0.0,0.0,0.0,1.0,0.0,0.0,0.0,0.0,1.0,0.0,0.0,0.0,0.0,1.0,0.0,0.0,0.0,0.0,252000.0,0.8823561478790419
1.336635976438749,0.41606240991786003,-0.5082141438133005,-0.2743306748175721,0.357778542881788,-1.021987401155326,-2.2013579409585584,0.29818073040869925,0.0,0.0,0.0,0.0,0.0,0.0,0.0,0.0,0.0,0.0,0.0,0.0,0.0,0.0,0.0,0.0,0.0,0.0,0.0,0.0,0.0,0.0,0.0,1.0,0.0,0.0,0.0,0.0,1.0,0.0,0.0,0.0,0.0,1.0,0.0,0.0,0.0,0.0,1.0,0.0,0.0,0.0,0.0,187500.0,0.0759779994686065
-2.167249999629597,-1.3369310840860515,-0.6809415062740927,-1.4214140267652775,-1.1312972841168334,-1.021987401155326,0.2059921720278468,-2.372424850675329,0.0,0.0,0.0,0.0,0.0,0.0,0.0,0.0,0.0,0.0,0.0,0.0,1.0,0.0,0.0,0.0,0.0,0.0,0.0,0.0,0.0,0.0,0.0,0.0,0.0,0.0,0.0,0.0,1.0,0.0,0.0,0.0,0.0,1.0,0.0,0.0,0.0,0.0,0.0,1.0,0.0,0.0,0.0,79000.0,-1.2804875680125136
-0.7656956092022585,-0.5761980583862408,-0.05245554623216895,-1.1043022468752977,-0.26780952644899375,-1.021987401155326,-0.9976828844653559,-1.0371220601333149,0.0,1.0,0.0,0.0,0.0,0.0,0.0,0.0,0.0,0.0,0.0,0.0,0.0,0.0,0.0,0.0,0.0,0.0,0.0,0.0,0.0,0.0,0.0,0.0,0.0,0.0,0.0,0.0,1.0,0.0,0.0,0.0,0.0,0.0,1.0,0.0,0.0,0.0,0.0,1.0,0.0,0.0,0.0,121000.0,-0.7554041225359509
-0.7656956092022585,-1.6015338756338118,-0.2054937792932853,-1.0416628829464125,-0.19732072990468033,-1.021987401155326,-0.9976828844653559,0.29818073040869925,0.0,0.0,0.0,0.0,0.0,0.0,0.0,0.0,0.0,1.0,0.0,0.0,0.0,0.0,0.0,0.0,0.0,0.0,0.0,0.0,0.0,0.0,0.0,0.0,0.0,0.0,0.0,1.0,0.0,0.0,0.0,0.0,0.0,0.0,1.0,0.0,0.0,0.0,0.0,1.0,0.0,0.0,0.0,100000.0,-1.0179458452742323
-0.06491841398858939,0.05223357153968971,-0.9471922333833448,-0.5522928522519991,-0.8493420979395796,-1.021987401155326,0.2059921720278468,-1.0371220601333149,0.0,0.0,0.0,0.0,0.0,0.0,0.0,0.0,0.0,0.0,0.0,0.0,0.0,0.0,0.0,0.0,0.0,0.0,0.0,0.0,0.0,1.0,0.0,0.0,0.0,0.0,0.0,1.0,0.0,0.0,0.0,0.0,0.0,0.0,1.0,0.0,0.0,0.0,0.0,1.0,0.0,0.0,0.0,113000.0,-0.8554200169124391
-0.06491841398858939,-1.866136667181572,-0.004127683160237472,-0.190159029538133,-0.792069950747325,-1.021987401155326,0.2059921720278468,-1.0371220601333149,0.0,0.0,0.0,0.0,0.0,0.0,0.0,0.0,0.0,0.0,0.0,0.0,0.0,0.0,0.0,0.0,0.0,0.0,0.0,1.0,0.0,0.0,0.0,0.0,0.0,0.0,0.0,1.0,0.0,0.0,0.0,0.0,0.0,0.0,1.0,0.0,0.0,0.0,0.0,1.0,0.0,0.0,0.0,116000.0,-0.817914056521256
2.037413171652418,1.1767954356176706,0.17520001245158234,0.5869605792045958,1.6353879802474691,0.7772367703207032,-0.9976828844653559,0.29818073040869925,0.0,0.0,0.0,0.0,0.0,0.0,0.0,1.0,0.0,0.0,0.0,0.0,0.0,0.0,0.0,0.0,0.0,0.0,0.0,0.0,0.0,0.0,0.0,0.0,0.0,0.0,0.0,0.0,1.0,0.0,0.0,0.0,0.0,0.0,0.0,1.0,0.0,0.0,0.0,0.0,1.0,0.0,0.0,239000.0,0.7198303195172487
2.037413171652418,1.2098707845611407,0.15897885470753126,1.5187211176467592,2.6728949543840823,0.7772367703207032,0.2059921720278468,1.6334835209507133,0.0,0.0,0.0,0.0,0.0,0.0,0.0,1.0,0.0,0.0,0.0,0.0,0.0,0.0,0.0,0.0,0.0,0.0,0.0,0.0,0.0,0.0,0.0,0.0,0.0,0.0,0.0,0.0,1.0,0.0,0.0,0.0,0.0,0.0,0.0,1.0,0.0,0.0,1.0,0.0,0.0,0.0,0.0,475000.0,3.670299203623648
2.738190366866087,1.0775693887872606,0.5010774780268981,1.9415368241667326,3.159708205518247,0.7772367703207032,-0.9976828844653559,1.6334835209507133,0.0,0.0,0.0,1.0,0.0,0.0,0.0,0.0,0.0,0.0,0.0,0.0,0.0,0.0,0.0,0.0,0.0,0.0,0.0,0.0,0.0,0.0,0.0,0.0,0.0,0.0,0.0,0.0,1.0,0.0,0.0,0.0,0.0,0.0,0.0,1.0,0.0,0.0,0.0,0.0,1.0,0.0,0.0,552000.0,4.632952186997346
0.6358587812250798,-0.37774596472542066,0.2156969717850064,-0.3350125586236794,0.5978810061108556,-1.021987401155326,0.2059921720278468,0.29818073040869925,0.0,1.0,0.0,0.0,0.0,0.0,0.0,0.0,0.0,0.0,0.0,0.0,0.0,0.0,0.0,0.0,0.0,0.0,0.0,0.0,0.0,0.0,0.0,0.0,0.0,0.0,0.0,0.0,1.0,0.0,0.0,0.0,0.0,0.0,1.0,0.0,0.0,0.0,0.0,1.0,0.0,0.0,0.0,176000.0,-0.06779484869759517
-0.7656956092022585,-1.5353831777468716,-0.5284626234800126,-1.2843904181708417,-0.4704648165138949,-1.021987401155326,-0.9976828844653559,-1.0371220601333149,0.0,0.0,0.0,0.0,0.0,0.0,0.0,0.0,0.0,1.0,0.0,0.0,0.0,0.0,0.0,0.0,0.0,0.0,0.0,0.0,0.0,0.0,0.0,0.0,0.0,0.0,0.0,1.0,0.0,0.0,0.0,0.0,0.0,0.0,1.0,0.0,0.0,0.0,0.0,1.0,0.0,0.0,0.0,111500.0,-0.8741729971080306
2.037413171652418,1.2098707845611407,-0.33190693964347645,0.7513889095179187,1.8204210711762918,0.7772367703207032,-0.9976828844653559,0.29818073040869925,0.0,0.0,0.0,1.0,0.0,0.0,0.0,0.0,0.0,0.0,0.0,0.0,0.0,0.0,0.0,0.0,0.0,0.0,0.0,0.0,0.0,0.0,0.0,0.0,0.0,0.0,0.0,0.0,1.0,0.0,0.0,0.0,0.0,0.0,0.0,1.0,0.0,0.0,0.0,0.0,1.0,0.0,0.0,320000.0,1.732491250079191
2.037413171652418,1.1437200866742006,0.3732100069824127,2.237116322706158,2.4129675171269267,0.7772367703207032,0.2059921720278468,1.6334835209507133,0.0,0.0,0.0,1.0,0.0,0.0,0.0,0.0,0.0,0.0,0.0,0.0,0.0,0.0,0.0,0.0,0.0,0.0,0.0,0.0,0.0,0.0,0.0,0.0,0.0,0.0,0.0,0.0,0.0,1.0,0.0,0.0,0.0,0.0,0.0,1.0,0.0,0.0,1.0,0.0,0.0,0.0,0.0,380000.0,2.482610457902852
-0.7656956092022585,-0.14621852212113046,-0.48740631387955224,0.30508344152461353,-0.9550752927560497,-1.021987401155326,0.2059921720278468,-1.0371220601333149,0.0,0.0,0.0,0.0,0.0,0.0,0.0,0.0,0.0,0.0,0.0,0.0,0.0,0.0,0.0,0.0,0.0,0.0,0.0,1.0,0.0,0.0,0.0,0.0,0.0,0.0,0.0,0.0,1.0,0.0,0.0,0.0,0.0,0.0,1.0,0.0,0.0,0.0,1.0,0.0,0.0,0.0,0.0,126000.0,-0.6928941885506459
0.6358587812250798,1.1437200866742006,0.7547987591545383,-0.008113378119811152,-0.8889920459957559,0.7772367703207032,0.2059921720278468,0.29818073040869925,0.0,0.0,0.0,0.0,0.0,0.0,0.0,0.0,0.0,0.0,0.0,0.0,0.0,1.0,0.0,0.0,0.0,0.0,0.0,0.0,0.0,0.0,0.0,0.0,0.0,0.0,0.0,0.0,1.0,0.0,0.0,0.0,0.0,1.0,0.0,0.0,0.0,0.0,1.0,0.0,0.0,0.0,0.0,179665.0,-0.021975067086366543
1.336635976438749,1.1767954356176706,1.4482812202260735,1.9963462676045067,0.9921777117806089,0.7772367703207032,2.613342285014252,1.6334835209507133,0.0,0.0,0.0,1.0,0.0,0.0,0.0,0.0,0.0,0.0,0.0,0.0,0.0,0.0,0.0,0.0,0.0,0.0,0.0,0.0,0.0,0.0,0.0,0.0,0.0,0.0,0.0,0.0,0.0,1.0,0.0,0.0,0.0,0.0,0.0,1.0,0.0,0.0,0.0,0.0,1.0,0.0,0.0,409900.0,2.856419863134976
-0.06491841398858939,-0.47697201155583074,2.4959442703849586,1.9865588669906185,2.1530400798697706,2.5764609417967326,1.4096672285210494,0.29818073040869925,0.0,0.0,0.0,0.0,0.0,0.0,0.0,0.0,0.0,0.0,0.0,0.0,0.0,0.0,0.0,0.0,1.0,0.0,0.0,0.0,0.0,0.0,0.0,0.0,0.0,0.0,0.0,0.0,1.0,0.0,0.0,0.0,0.0,0.0,1.0,0.0,0.0,0.0,0.0,1.0,0.0,0.0,0.0,200624.0,0.24005407419323527
1.336635976438749,1.1767954356176706,0.009296723248632384,0.1641448726846224,1.1375608546532554,0.7772367703207032,-0.9976828844653559,0.29818073040869925,0.0,0.0,0.0,0.0,1.0,0.0,0.0,0.0,0.0,0.0,0.0,0.0,0.0,0.0,0.0,0.0,0.0,0.0,0.0,0.0,0.0,0.0,0.0,0.0,0.0,0.0,0.0,0.0,1.0,0.0,0.0,0.0,0.0,0.0,0.0,1.0,0.0,0.0,1.0,0.0,0.0,0.0,0.0,261329.0,0.9989871827088241
-0.06491841398858939,-1.4361571309164616,1.0731809311515683,0.9960739248651255,-0.8493420979395796,0.7772367703207032,1.4096672285210494,1.6334835209507133,0.0,0.0,0.0,0.0,0.0,0.0,0.0,0.0,0.0,0.0,0.0,0.0,1.0,0.0,0.0,0.0,0.0,0.0,0.0,0.0,0.0,0.0,0.0,0.0,0.0,0.0,0.0,0.0,0.0,0.0,0.0,1.0,0.0,0.0,1.0,0.0,0.0,0.0,0.0,1.0,0.0,0.0,0.0,235000.0,0.6698223723290047
-2.167249999629597,-2.3622669013336224,-0.10794309272216435,-1.3763919839413914,-1.7899269768277621,-1.021987401155326,-0.9976828844653559,-2.372424850675329,0.0,0.0,0.0,0.0,0.0,0.0,0.0,0.0,0.0,0.0,0.0,0.0,0.0,0.0,0.0,0.0,0.0,0.0,0.0,1.0,0.0,0.0,0.0,0.0,0.0,0.0,0.0,0.0,1.0,0.0,0.0,0.0,0.0,0.0,1.0,0.0,0.0,0.0,0.0,0.0,0.0,1.0,0.0,44000.0,-1.718057105909649
-0.06491841398858939,-0.4108213136688907,0.0407322082560693,-0.4857385280775588,0.4282673394261014,-1.021987401155326,0.2059921720278468,0.29818073040869925,0.0,1.0,0.0,0.0,0.0,0.0,0.0,0.0,0.0,0.0,0.0,0.0,0.0,0.0,0.0,0.0,0.0,0.0,0.0,0.0,0.0,0.0,0.0,0.0,0.0,0.0,0.0,1.0,0.0,0.0,0.0,0.0,0.0,1.0,0.0,0.0,0.0,0.0,0.0,1.0,0.0,0.0,0.0,142000.0,-0.49286239979766966
0.6358587812250798,0.9121926440699104,-0.31960123376867905,0.5947904996957064,-0.14004858271242565,0.7772367703207032,0.2059921720278468,0.29818073040869925,0.0,0.0,0.0,0.0,0.0,0.0,0.0,0.0,0.0,0.0,0.0,0.0,0.0,1.0,0.0,0.0,0.0,0.0,0.0,0.0,0.0,0.0,0.0,0.0,0.0,0.0,0.0,0.0,1.0,0.0,0.0,0.0,0.0,1.0,0.0,0.0,0.0,0.0,0.0,1.0,0.0,0.0,0.0,189000.0,0.09473097966419802
-1.4664728044159276,-1.6346092245772816,-0.7518671201342884,-1.3783494640641691,-0.5761980113303651,-1.021987401155326,-0.9976828844653559,-2.372424850675329,0.0,0.0,0.0,0.0,0.0,0.0,0.0,0.0,0.0,0.0,0.0,0.0,0.0,0.0,0.0,0.0,0.0,0.0,0.0,1.0,0.0,0.0,0.0,0.0,0.0,0.0,0.0,0.0,1.0,0.0,0.0,0.0,0.0,0.0,1.0,0.0,0.0,0.0,0.0,1.0,0.0,0.0,0.0,55000.0,-1.580535251141978
-0.7656956092022585,-2.031513411898922,-0.6472686201985108,-0.5248881305331119,-0.9726974918921282,-1.021987401155326,0.2059921720278468,0.29818073040869925,0.0,0.0,0.0,0.0,0.0,0.0,0.0,0.0,0.0,1.0,0.0,0.0,0.0,0.0,0.0,0.0,0.0,0.0,0.0,0.0,0.0,0.0,0.0,0.0,0.0,0.0,0.0,1.0,0.0,0.0,0.0,0.0,0.0,0.0,1.0,0.0,0.0,0.0,0.0,1.0,0.0,0.0,0.0,114000.0,-0.842918030115378
0.6358587812250798,0.8129665972395004,1.4960497330309688,1.0410959676890115,1.7234989759278607,2.5764609417967326,0.2059921720278468,1.6334835209507133,0.0,0.0,1.0,0.0,0.0,0.0,0.0,0.0,0.0,0.0,0.0,0.0,0.0,0.0,0.0,0.0,0.0,0.0,0.0,0.0,0.0,0.0,0.0,0.0,0.0,0.0,0.0,0.0,1.0,0.0,0.0,0.0,0.0,1.0,0.0,0.0,0.0,0.0,0.0,0.0,1.0,0.0,0.0,300000.0,1.4824515141379706
2.037413171652418,1.1767954356176706,0.32767889524566246,0.387297606681275,1.41070494126247,0.7772367703207032,0.2059921720278468,1.6334835209507133,0.0,0.0,0.0,0.0,0.0,0.0,0.0,0.0,0.0,0.0,0.0,0.0,1.0,0.0,0.0,0.0,0.0,0.0,0.0,0.0,0.0,0.0,0.0,0.0,0.0,0.0,0.0,0.0,1.0,0.0,0.0,0.0,0.0,0.0,0.0,1.0,0.0,0.0,0.0,0.0,1.0,0.0,0.0,320000.0,1.732491250079191
0.6358587812250798,1.1767954356176706,-0.04999440505720948,-0.25671335371257326,0.6859920017912474,0.7772367703207032,0.2059921720278468,0.29818073040869925,0.0,0.0,0.0,0.0,1.0,0.0,0.0,0.0,0.0,0.0,0.0,0.0,0.0,0.0,0.0,0.0,0.0,0.0,0.0,0.0,0.0,0.0,0.0,0.0,0.0,0.0,0.0,0.0,1.0,0.0,0.0,0.0,0.0,1.0,0.0,0.0,0.0,0.0,1.0,0.0,0.0,0.0,0.0,213133.0,0.3964414270376715
-0.7656956092022585,-0.14621852212113046,-0.2580727043946922,-0.7695731458803187,-0.23917345285286642,-1.021987401155326,0.2059921720278468,-1.0371220601333149,0.0,1.0,0.0,0.0,0.0,0.0,0.0,0.0,0.0,0.0,0.0,0.0,0.0,0.0,0.0,0.0,0.0,0.0,0.0,0.0,0.0,0.0,0.0,0.0,0.0,0.0,0.0,0.0,1.0,0.0,0.0,0.0,0.0,1.0,0.0,0.0,0.0,0.0,0.0,1.0,0.0,0.0,0.0,127000.0,-0.6803922017535848
-1.4664728044159276,-0.8408008499340011,-0.4941185170839872,-1.1826014517864036,-0.14004858271242565,-1.021987401155326,-0.9976828844653559,-1.0371220601333149,0.0,0.0,0.0,0.0,0.0,0.0,0.0,0.0,0.0,0.0,0.0,1.0,0.0,0.0,0.0,0.0,0.0,0.0,0.0,0.0,0.0,0.0,0.0,0.0,0.0,0.0,0.0,1.0,0.0,0.0,0.0,0.0,0.0,0.0,1.0,0.0,0.0,0.0,0.0,1.0,0.0,0.0,0.0,79000.0,-1.2804875680125136
-0.7656956092022585,0.21761031625703986,-0.32810335782763,-0.24888343322146264,0.5758532571907576,-1.021987401155326,0.2059921720278468,0.29818073040869925,0.0,0.0,0.0,0.0,0.0,1.0,0.0,0.0,0.0,0.0,0.0,0.0,0.0,0.0,0.0,0.0,0.0,0.0,0.0,0.0,0.0,0.0,0.0,0.0,0.0,0.0,0.0,0.0,1.0,0.0,0.0,0.0,0.0,0.0,1.0,0.0,0.0,0.0,1.0,0.0,0.0,0.0,0.0,160250.0,-0.26470114075130613
-0.7656956092022585,-0.14621852212113046,-0.281789155717029,-1.174771531295293,-0.426409318673699,-1.021987401155326,0.2059921720278468,-1.0371220601333149,0.0,1.0,0.0,0.0,0.0,0.0,0.0,0.0,0.0,0.0,0.0,0.0,0.0,0.0,0.0,0.0,0.0,0.0,0.0,0.0,0.0,0.0,0.0,0.0,0.0,0.0,0.0,0.0,1.0,0.0,0.0,0.0,0.0,0.0,1.0,0.0,0.0,0.0,0.0,1.0,0.0,0.0,0.0,123000.0,-0.7304001489418289
2.037413171652418,1.1767954356176706,0.254627750370729,0.9353920410590182,2.0274819110252125,0.7772367703207032,-0.9976828844653559,1.6334835209507133,0.0,0.0,0.0,0.0,0.0,0.0,0.0,0.0,0.0,0.0,0.0,0.0,0.0,0.0,0.0,1.0,0.0,0.0,0.0,0.0,0.0,0.0,0.0,0.0,0.0,0.0,0.0,0.0,1.0,0.0,0.0,0.0,0.0,0.0,0.0,1.0,0.0,0.0,0.0,0.0,1.0,0.0,0.0,425000.0,3.0451998637705975
-0.7656956092022585,-1.0723282925382913,-0.021579411491768286,-0.06879526192591844,-0.14445413249644526,0.7772367703207032,0.2059921720278468,-1.0371220601333149,0.0,0.0,0.0,0.0,0.0,0.0,0.0,0.0,0.0,0.0,1.0,0.0,0.0,0.0,0.0,0.0,0.0,0.0,0.0,0.0,0.0,0.0,0.0,0.0,0.0,0.0,0.0,1.0,0.0,0.0,0.0,0.0,0.0,0.0,1.0,0.0,0.0,0.0,0.0,1.0,0.0,0.0,0.0,131000.0,-0.6303842545653409
-0.06491841398858939,-1.7007599224642218,0.22341600547010657,-0.5953574149531075,-0.8229087992354621,-1.021987401155326,0.2059921720278468,0.29818073040869925,0.0,0.0,0.0,0.0,0.0,0.0,0.0,0.0,0.0,0.0,0.0,0.0,1.0,0.0,0.0,0.0,0.0,0.0,0.0,0.0,0.0,0.0,0.0,0.0,0.0,0.0,0.0,1.0,0.0,0.0,0.0,0.0,0.0,1.0,0.0,0.0,0.0,0.0,0.0,1.0,0.0,0.0,0.0,110000.0,-0.8929259773036221
-0.06491841398858939,-1.0392529435948212,-0.48740631387955224,-0.8028503079675388,-0.7436089031231095,-1.021987401155326,0.2059921720278468,-1.0371220601333149,0.0,0.0,0.0,0.0,0.0,0.0,0.0,0.0,0.0,0.0,0.0,0.0,0.0,0.0,0.0,0.0,0.0,0.0,0.0,1.0,0.0,0.0,0.0,0.0,0.0,0.0,0.0,1.0,0.0,0.0,0.0,0.0,0.0,0.0,1.0,0.0,0.0,0.0,0.0,0.0,0.0,1.0,0.0,120000.0,-0.767906109333012
1.336635976438749,1.2098707845611407,-0.15179615365780588,0.17588975342128835,-0.6378757083066393,0.7772367703207032,0.2059921720278468,0.29818073040869925,0.0,0.0,0.0,0.0,1.0,0.0,0.0,0.0,0.0,0.0,0.0,0.0,0.0,0.0,0.0,0.0,0.0,0.0,0.0,0.0,0.0,0.0,0.0,0.0,0.0,0.0,0.0,0.0,1.0,0.0,0.0,0.0,0.0,1.0,0.0,0.0,0.0,0.0,1.0,0.0,0.0,0.0,0.0,210000.0,0.3572727024024793
1.336635976438749,1.1437200866742006,0.5168511555573202,0.9314770808134629,2.023076361241193,0.7772367703207032,-0.9976828844653559,1.6334835209507133,0.0,0.0,0.0,1.0,0.0,0.0,0.0,0.0,0.0,0.0,0.0,0.0,0.0,0.0,0.0,0.0,0.0,0.0,0.0,0.0,0.0,0.0,0.0,0.0,0.0,0.0,0.0,0.0,1.0,0.0,0.0,0.0,0.0,1.0,0.0,0.0,0.0,0.0,0.0,0.0,1.0,0.0,0.0,440000.0,3.2327296657265125
-1.4664728044159276,-1.7007599224642218,-0.2077311803614303,-0.3585023200970113,-0.9000059204558049,-1.021987401155326,0.2059921720278468,-1.0371220601333149,0.0,0.0,0.0,0.0,0.0,0.0,0.0,0.0,0.0,0.0,0.0,0.0,0.0,0.0,0.0,0.0,0.0,0.0,0.0,1.0,0.0,0.0,0.0,0.0,0.0,0.0,0.0,1.0,0.0,0.0,0.0,0.0,0.0,0.0,1.0,0.0,0.0,0.0,0.0,1.0,0.0,0.0,0.0,40000.0,-1.7680650530978932
-0.7656956092022585,0.5152884567482701,0.04956994247524195,-0.5875274944619968,0.3137230450415921,2.5764609417967326,0.2059921720278468,-2.372424850675329,0.0,0.0,0.0,0.0,0.0,0.0,0.0,0.0,0.0,0.0,0.0,0.0,1.0,0.0,0.0,0.0,0.0,0.0,0.0,0.0,0.0,0.0,0.0,0.0,0.0,0.0,0.0,0.0,1.0,0.0,0.0,0.0,0.0,0.0,1.0,0.0,0.0,0.0,1.0,0.0,0.0,0.0,0.0,179000.0,-0.030288888306412118
-0.06491841398858939,0.21761031625703986,-0.9025560820738525,-0.11577478487258214,-0.44623429270178716,0.7772367703207032,0.2059921720278468,0.29818073040869925,0.0,0.0,0.0,0.0,0.0,0.0,0.0,0.0,0.0,0.0,0.0,0.0,0.0,0.0,0.0,0.0,0.0,0.0,1.0,0.0,0.0,0.0,0.0,0.0,0.0,0.0,0.0,0.0,1.0,0.0,0.0,0.0,0.0,0.0,1.0,0.0,0.0,0.0,0.0,1.0,0.0,0.0,0.0,148500.0,-0.41159948561677306
-2.167249999629597,-1.6676845735207517,-0.28268411614428696,-1.973423421388576,-1.2458415785013428,-1.021987401155326,-2.2013579409585584,-1.0371220601333149,0.0,0.0,0.0,0.0,0.0,0.0,0.0,0.0,0.0,1.0,0.0,0.0,0.0,0.0,0.0,0.0,0.0,0.0,0.0,0.0,0.0,0.0,0.0,0.0,0.0,0.0,0.0,1.0,0.0,0.0,0.0,0.0,0.0,0.0,1.0,0.0,0.0,0.0,0.0,0.0,0.0,1.0,0.0,61500.0,-1.4992723369610814
-0.7656956092022585,-1.6015338756338118,-0.2054937792932853,-1.3861793845552797,-0.9550752927560497,-1.021987401155326,-0.9976828844653559,-1.0371220601333149,0.0,0.0,0.0,0.0,0.0,0.0,0.0,0.0,0.0,1.0,0.0,0.0,0.0,0.0,0.0,0.0,0.0,0.0,0.0,0.0,0.0,0.0,0.0,0.0,0.0,0.0,0.0,1.0,0.0,0.0,0.0,0.0,0.0,0.0,1.0,0.0,0.0,0.0,0.0,0.0,0.0,1.0,0.0,99500.0,-1.0241968386727627
1.336635976438749,1.1437200866742006,0.5877767694175159,0.8199007138151366,0.047187283108406905,0.7772367703207032,0.2059921720278468,0.29818073040869925,0.0,0.0,0.0,0.0,0.0,0.0,0.0,1.0,0.0,0.0,0.0,0.0,0.0,0.0,0.0,0.0,0.0,0.0,0.0,0.0,0.0,0.0,0.0,0.0,0.0,0.0,0.0,0.0,1.0,0.0,0.0,0.0,0.0,1.0,0.0,0.0,0.0,0.0,1.0,0.0,0.0,0.0,0.0,233230.0,0.6476938556982067
1.336635976438749,1.2429461335046108,0.18414961672416225,0.9158172398312416,-0.6246590589545805,0.7772367703207032,1.4096672285210494,1.6334835209507133,0.0,0.0,0.0,0.0,0.0,0.0,0.0,0.0,0.0,0.0,0.0,0.0,0.0,0.0,0.0,1.0,0.0,0.0,0.0,0.0,0.0,0.0,0.0,0.0,0.0,0.0,0.0,0.0,0.0,1.0,0.0,0.0,0.0,0.0,0.0,1.0,0.0,0.0,0.0,0.0,1.0,0.0,0.0,269500.0,1.1011409168276096
1.336635976438749,0.9121926440699104,0.14913429000769338,0.5164912947846002,-0.45724816716183614,0.7772367703207032,0.2059921720278468,0.29818073040869925,0.0,0.0,0.0,0.0,0.0,0.0,0.0,1.0,0.0,0.0,0.0,0.0,0.0,0.0,0.0,0.0,0.0,0.0,0.0,0.0,0.0,0.0,0.0,0.0,0.0,0.0,0.0,0.0,1.0,0.0,0.0,0.0,0.0,1.0,0.0,0.0,0.0,0.0,1.0,0.0,0.0,0.0,0.0,207000.0,0.3197667420112963
2.738190366866087,1.2098707845611407,0.07227956331691346,0.9921589646195702,-0.08938476019620038,0.7772367703207032,0.2059921720278468,1.6334835209507133,0.0,0.0,0.0,0.0,1.0,0.0,0.0,0.0,0.0,0.0,0.0,0.0,0.0,0.0,0.0,0.0,0.0,0.0,0.0,0.0,0.0,0.0,0.0,0.0,0.0,0.0,0.0,0.0,1.0,0.0,0.0,0.0,0.0,0.0,0.0,1.0,0.0,0.0,0.0,0.0,1.0,0.0,0.0,310000.0,1.6074713821085809
-0.06491841398858939,0.21761031625703986,0.7523376179795789,0.9412644814273512,0.1308927290047791,0.7772367703207032,1.4096672285210494,0.29818073040869925,0.0,0.0,0.0,0.0,0.0,0.0,1.0,0.0,0.0,0.0,0.0,0.0,0.0,0.0,0.0,0.0,0.0,0.0,0.0,0.0,0.0,0.0,0.0,0.0,0.0,0.0,0.0,0.0,1.0,0.0,0.0,0.0,0.0,1.0,0.0,0.0,0.0,0.0,1.0,0.0,0.0,0.0,0.0,230000.0,0.6073124383436996
0.6358587812250798,0.8791172951264404,0.04845124194116946,1.7320864510295235,0.018551209512279572,0.7772367703207032,1.4096672285210494,1.6334835209507133,0.0,0.0,0.0,0.0,0.0,0.0,0.0,0.0,1.0,0.0,0.0,0.0,0.0,0.0,0.0,0.0,0.0,0.0,0.0,0.0,0.0,0.0,0.0,0.0,0.0,0.0,0.0,0.0,0.0,1.0,0.0,0.0,0.0,1.0,0.0,0.0,0.0,0.0,1.0,0.0,0.0,0.0,0.0,252000.0,0.8823561478790419
-1.4664728044159276,-0.5431227094427709,0.19589597233192338,-0.1177322649953598,0.8423890191239428,0.7772367703207032,1.4096672285210494,-2.372424850675329,0.0,0.0,0.0,0.0,0.0,0.0,0.0,0.0,0.0,0.0,0.0,0.0,1.0,0.0,0.0,0.0,0.0,0.0,0.0,0.0,0.0,0.0,0.0,0.0,0.0,0.0,0.0,0.0,1.0,0.0,0.0,0.0,0.0,0.0,0.0,0.0,1.0,0.0,0.0,1.0,0.0,0.0,0.0,118000.0,-0.792910082927134
-1.4664728044159276,-1.7007599224642218,-0.48740631387955224,-1.0573227239286338,-0.21494292904075868,-1.021987401155326,-0.9976828844653559,-1.0371220601333149,0.0,0.0,0.0,0.0,0.0,0.0,0.0,0.0,0.0,1.0,0.0,0.0,0.0,0.0,0.0,0.0,0.0,0.0,0.0,0.0,0.0,0.0,0.0,0.0,0.0,0.0,0.0,1.0,0.0,0.0,0.0,0.0,0.0,0.0,0.0,0.0,1.0,0.0,0.0,1.0,0.0,0.0,0.0,108500.0,-0.9116789574992137
-0.06491841398858939,1.1106447377307307,-0.3109872396563209,-0.27041571457201685,0.6705725775471789,0.7772367703207032,-0.9976828844653559,0.29818073040869925,0.0,0.0,0.0,1.0,0.0,0.0,0.0,0.0,0.0,0.0,0.0,0.0,0.0,0.0,0.0,0.0,0.0,0.0,0.0,0.0,0.0,0.0,0.0,0.0,0.0,0.0,0.0,0.0,1.0,0.0,0.0,0.0,0.0,1.0,0.0,0.0,0.0,0.0,1.0,0.0,0.0,0.0,0.0,194700.0,0.1659923044074458
-0.7656956092022585,-0.11314317317766043,-0.020684451064510292,-1.2256660144875122,-0.426409318673699,-1.021987401155326,0.2059921720278468,-1.0371220601333149,0.0,0.0,1.0,0.0,0.0,0.0,0.0,0.0,0.0,0.0,0.0,0.0,0.0,0.0,0.0,0.0,0.0,0.0,0.0,0.0,0.0,0.0,0.0,0.0,0.0,0.0,0.0,0.0,1.0,0.0,0.0,0.0,0.0,0.0,1.0,0.0,0.0,0.0,0.0,1.0,0.0,0.0,0.0,126500.0,-0.6866431951521154
2.037413171652418,1.1437200866742006,-0.44567878395864846,0.3246582427523901,1.3402161447181564,0.7772367703207032,-0.9976828844653559,0.29818073040869925,0.0,0.0,0.0,1.0,0.0,0.0,0.0,0.0,0.0,0.0,0.0,0.0,0.0,0.0,0.0,0.0,0.0,0.0,0.0,0.0,0.0,0.0,0.0,0.0,0.0,0.0,0.0,0.0,1.0,0.0,0.0,0.0,0.0,1.0,0.0,0.0,0.0,0.0,0.0,0.0,1.0,0.0,0.0,310090.0,1.6085965609203163
2.037413171652418,1.2098707845611407,0.34468314336356426,1.0489258881801222,2.494470188131289,0.7772367703207032,0.2059921720278468,1.6334835209507133,0.0,0.0,0.0,0.0,0.0,0.0,0.0,0.0,0.0,0.0,0.0,0.0,0.0,0.0,0.0,1.0,0.0,0.0,0.0,0.0,0.0,0.0,0.0,0.0,0.0,0.0,0.0,0.0,1.0,0.0,0.0,0.0,0.0,0.0,0.0,1.0,0.0,0.0,0.0,0.0,1.0,0.0,0.0,410000.0,2.8576700618146824
-0.06491841398858939,1.1437200866742006,0.1457781884054759,-0.34088499899201236,0.5912726814348263,0.7772367703207032,0.2059921720278468,0.29818073040869925,0.0,0.0,0.0,0.0,0.0,0.0,0.0,0.0,0.0,0.0,0.0,0.0,0.0,1.0,0.0,0.0,0.0,0.0,0.0,0.0,0.0,0.0,0.0,0.0,0.0,0.0,0.0,0.0,1.0,0.0,0.0,0.0,0.0,1.0,0.0,0.0,0.0,0.0,1.0,0.0,0.0,0.0,0.0,174190.0,-0.0904234448002756
-0.06491841398858939,-0.873876198877471,-0.4393021909144353,-0.3134802772731252,-0.6114424096025217,-1.021987401155326,0.2059921720278468,-1.0371220601333149,0.0,0.0,0.0,0.0,0.0,0.0,0.0,0.0,0.0,0.0,1.0,0.0,0.0,0.0,0.0,0.0,0.0,0.0,0.0,0.0,0.0,0.0,0.0,0.0,0.0,0.0,0.0,0.0,1.0,0.0,0.0,0.0,0.0,0.0,1.0,0.0,0.0,0.0,0.0,1.0,0.0,0.0,0.0,128000.0,-0.6678902149565239
0.6358587812250798,1.1106447377307307,-0.34846370754774925,-0.450503885867561,0.46791728748227773,0.7772367703207032,-0.9976828844653559,0.29818073040869925,0.0,0.0,0.0,0.0,0.0,0.0,0.0,1.0,0.0,0.0,0.0,0.0,0.0,0.0,0.0,0.0,0.0,0.0,0.0,0.0,0.0,0.0,0.0,0.0,0.0,0.0,0.0,0.0,1.0,0.0,0.0,0.0,0.0,1.0,0.0,0.0,0.0,0.0,1.0,0.0,0.0,0.0,0.0,175900.0,-0.06904504737730126
-0.7656956092022585,-0.774650152047061,0.1838140065639405,-0.7402109440386538,-0.2942428251531113,-1.021987401155326,-0.9976828844653559,0.29818073040869925,0.0,0.0,0.0,0.0,0.0,0.0,0.0,0.0,0.0,1.0,0.0,0.0,0.0,0.0,0.0,0.0,0.0,0.0,0.0,0.0,0.0,0.0,0.0,0.0,0.0,0.0,0.0,0.0,1.0,0.0,0.0,0.0,0.0,1.0,0.0,0.0,0.0,0.0,0.0,1.0,0.0,0.0,0.0,147000.0,-0.4303524658123646
-0.06491841398858939,0.05223357153968971,-0.970684944598867,-1.0044707606136372,-1.2656665525294308,-1.021987401155326,-0.9976828844653559,-1.0371220601333149,0.0,0.0,0.0,0.0,0.0,0.0,0.0,0.0,0.0,0.0,0.0,0.0,0.0,0.0,0.0,0.0,0.0,0.0,0.0,0.0,0.0,1.0,0.0,0.0,0.0,0.0,0.0,1.0,0.0,0.0,0.0,0.0,0.0,0.0,1.0,0.0,0.0,0.0,0.0,1.0,0.0,0.0,0.0,103400.0,-0.9754390901642248
-0.06491841398858939,-1.866136667181572,0.5838613175482622,0.3520629644712772,-0.4792759160819341,0.7772367703207032,1.4096672285210494,-1.0371220601333149,0.0,0.0,0.0,0.0,0.0,0.0,0.0,0.0,0.0,0.0,0.0,0.0,0.0,0.0,0.0,0.0,1.0,0.0,0.0,0.0,0.0,0.0,0.0,0.0,0.0,0.0,0.0,0.0,1.0,0.0,0.0,0.0,0.0,0.0,1.0,0.0,0.0,0.0,1.0,0.0,0.0,0.0,0.0,177000.0,-0.055292861900534146
-0.06491841398858939,-0.34467061578195063,0.024175440351796473,-0.09228502339925028,0.8710250927200702,0.7772367703207032,0.2059921720278468,0.29818073040869925,0.0,1.0,0.0,0.0,0.0,0.0,0.0,0.0,0.0,0.0,0.0,0.0,0.0,0.0,0.0,0.0,0.0,0.0,0.0,0.0,0.0,0.0,0.0,0.0,0.0,0.0,0.0,0.0,1.0,0.0,0.0,0.0,0.0,0.0,1.0,0.0,0.0,0.0,0.0,1.0,0.0,0.0,0.0,187500.0,0.0759779994686065
0.6358587812250798,1.0775693887872606,0.22777893755298928,0.8766676373756885,-0.46385649183786554,0.7772367703207032,1.4096672285210494,0.29818073040869925,0.0,0.0,0.0,0.0,0.0,0.0,0.0,1.0,0.0,0.0,0.0,0.0,0.0,0.0,0.0,0.0,0.0,0.0,0.0,0.0,0.0,0.0,0.0,0.0,0.0,0.0,0.0,0.0,0.0,1.0,0.0,0.0,0.0,1.0,0.0,0.0,0.0,0.0,1.0,0.0,0.0,0.0,0.0,195000.0,0.16974290044656412
1.336635976438749,0.7798912482960303,0.48810055183165724,3.4018169957588626,2.1486345300857512,0.7772367703207032,1.4096672285210494,1.6334835209507133,0.0,0.0,0.0,0.0,0.0,0.0,0.0,0.0,1.0,0.0,0.0,0.0,0.0,0.0,0.0,0.0,0.0,0.0,0.0,0.0,0.0,0.0,0.0,0.0,0.0,0.0,0.0,0.0,1.0,0.0,0.0,0.0,0.0,1.0,0.0,0.0,0.0,0.0,1.0,0.0,0.0,0.0,0.0,410000.0,2.8576700618146824
-0.06491841398858939,0.2837610141439799,-0.21891818570215515,0.12499527022906934,-0.8978031455637951,0.7772367703207032,0.2059921720278468,0.29818073040869925,1.0,0.0,0.0,0.0,0.0,0.0,0.0,0.0,0.0,0.0,0.0,0.0,0.0,0.0,0.0,0.0,0.0,0.0,0.0,0.0,0.0,0.0,0.0,0.0,0.0,0.0,0.0,0.0,1.0,0.0,0.0,0.0,0.0,0.0,1.0,0.0,0.0,0.0,1.0,0.0,0.0,0.0,0.0,171000.0,-0.13030478268290024
-0.7656956092022585,-0.4438966626123607,-0.25494034289928924,0.11716534973795872,1.1067220061651182,0.7772367703207032,1.4096672285210494,0.29818073040869925,0.0,1.0,0.0,0.0,0.0,0.0,0.0,0.0,0.0,0.0,0.0,0.0,0.0,0.0,0.0,0.0,0.0,0.0,0.0,0.0,0.0,0.0,0.0,0.0,0.0,0.0,0.0,1.0,0.0,0.0,0.0,0.0,0.0,0.0,1.0,0.0,0.0,0.0,0.0,1.0,0.0,0.0,0.0,128600.0,-0.6603890228782873
-0.06491841398858939,1.1106447377307307,-0.5566538769386392,-0.38003460144756546,0.5472171835946303,0.7772367703207032,-2.2013579409585584,0.29818073040869925,0.0,0.0,0.0,1.0,0.0,0.0,0.0,0.0,0.0,0.0,0.0,0.0,0.0,0.0,0.0,0.0,0.0,0.0,0.0,0.0,0.0,0.0,0.0,0.0,0.0,0.0,0.0,0.0,1.0,0.0,0.0,0.0,0.0,1.0,0.0,0.0,0.0,0.0,1.0,0.0,0.0,0.0,0.0,196000.0,0.18224488724362514
0.6358587812250798,1.1437200866742006,-0.33011701878896044,-0.5483778920064437,0.3115202701495823,0.7772367703207032,-0.9976828844653559,0.29818073040869925,0.0,0.0,0.0,0.0,0.0,0.0,0.0,1.0,0.0,0.0,0.0,0.0,0.0,0.0,0.0,0.0,0.0,0.0,0.0,0.0,0.0,0.0,0.0,0.0,0.0,0.0,0.0,0.0,1.0,0.0,0.0,0.0,0.0,1.0,0.0,0.0,0.0,0.0,1.0,0.0,0.0,0.0,0.0,194000.0,0.1572409136495031
1.336635976438749,1.1437200866742006,-0.46055750106181254,-0.3095653170275699,0.626517079706983,0.7772367703207032,-0.9976828844653559,0.29818073040869925,0.0,0.0,0.0,1.0,0.0,0.0,0.0,0.0,0.0,0.0,0.0,0.0,0.0,0.0,0.0,0.0,0.0,0.0,0.0,0.0,0.0,0.0,0.0,0.0,0.0,0.0,0.0,0.0,1.0,0.0,0.0,0.0,0.0,1.0,0.0,0.0,0.0,0.0,1.0,0.0,0.0,0.0,0.0,219500.0,0.47604157697455896
1.336635976438749,0.38298706097439,0.22039551402811086,1.236843979966777,0.9657444130764914,-1.021987401155326,-2.2013579409585584,0.29818073040869925,1.0,0.0,0.0,0.0,0.0,0.0,0.0,0.0,0.0,0.0,0.0,0.0,0.0,0.0,0.0,0.0,0.0,0.0,0.0,0.0,0.0,0.0,0.0,0.0,0.0,0.0,0.0,0.0,0.0,1.0,0.0,0.0,0.0,1.0,0.0,0.0,0.0,0.0,1.0,0.0,0.0,0.0,0.0,316600.0,1.6899844949691836
-0.06491841398858939,-0.0800678242341904,-0.07673134782154194,2.0433257905511706,0.41945623985806224,0.7772367703207032,3.817017341507455,1.6334835209507133,0.0,1.0,0.0,0.0,0.0,0.0,0.0,0.0,0.0,0.0,0.0,0.0,0.0,0.0,0.0,0.0,0.0,0.0,0.0,0.0,0.0,0.0,0.0,0.0,0.0,0.0,0.0,0.0,1.0,0.0,0.0,0.0,0.0,0.0,1.0,0.0,0.0,0.0,0.0,1.0,0.0,0.0,0.0,190000.0,0.10723296646125904
0.6358587812250798,0.08530892048315974,0.4444712310028302,2.242988763074491,1.5208436858629597,0.7772367703207032,0.2059921720278468,0.29818073040869925,0.0,0.0,0.0,0.0,0.0,0.0,0.0,0.0,0.0,0.0,0.0,0.0,0.0,0.0,0.0,0.0,0.0,0.0,0.0,0.0,1.0,0.0,0.0,0.0,0.0,0.0,0.0,0.0,1.0,0.0,0.0,0.0,0.0,1.0,0.0,0.0,0.0,0.0,1.0,0.0,0.0,0.0,0.0,260000.0,0.9823720422555301
-0.06491841398858939,0.7137405504090902,-0.27574817283303754,-0.5894849745847744,0.3115202701495823,0.7772367703207032,-0.9976828844653559,0.29818073040869925,1.0,0.0,0.0,0.0,0.0,0.0,0.0,0.0,0.0,0.0,0.0,0.0,0.0,0.0,0.0,0.0,0.0,0.0,0.0,0.0,0.0,0.0,0.0,0.0,0.0,0.0,0.0,0.0,1.0,0.0,0.0,0.0,0.0,1.0,0.0,0.0,0.0,0.0,1.0,0.0,0.0,0.0,0.0,153900.0,-0.34408875691264357
-0.06491841398858939,0.5814391546352101,0.19813337340006834,2.072687992392835,-0.4175982191056598,0.7772367703207032,1.4096672285210494,0.29818073040869925,1.0,0.0,0.0,0.0,0.0,0.0,0.0,0.0,0.0,0.0,0.0,0.0,0.0,0.0,0.0,0.0,0.0,0.0,0.0,0.0,0.0,0.0,0.0,0.0,0.0,0.0,0.0,0.0,1.0,0.0,0.0,0.0,0.0,0.0,0.0,1.0,0.0,0.0,1.0,0.0,0.0,0.0,0.0,209000.0,0.34477071560541833
-0.06491841398858939,-2.3622669013336224,0.4338435759291416,-0.10794486438147152,-0.8405309983715404,0.7772367703207032,0.2059921720278468,0.29818073040869925,1.0,0.0,0.0,0.0,0.0,0.0,0.0,0.0,0.0,0.0,0.0,0.0,0.0,0.0,0.0,0.0,0.0,0.0,0.0,0.0,0.0,0.0,0.0,0.0,0.0,0.0,0.0,1.0,0.0,0.0,0.0,0.0,0.0,0.0,1.0,0.0,0.0,0.0,0.0,0.0,0.0,1.0,0.0,138500.0,-0.5366193535873832
2.037413171652418,1.1767954356176706,-0.28380281667835944,0.7220267076762539,1.7873794477961449,0.7772367703207032,-0.9976828844653559,0.29818073040869925,0.0,0.0,0.0,1.0,0.0,0.0,0.0,0.0,0.0,0.0,0.0,0.0,0.0,0.0,0.0,0.0,0.0,0.0,0.0,0.0,0.0,0.0,0.0,0.0,0.0,0.0,0.0,0.0,1.0,0.0,0.0,0.0,0.0,0.0,0.0,1.0,0.0,0.0,0.0,0.0,1.0,0.0,0.0,318061.0,1.7082498976796896
-0.06491841398858939,1.1106447377307307,-0.8740292184550041,-0.5170582100420013,-1.007941890164285,0.7772367703207032,-0.9976828844653559,0.29818073040869925,0.0,0.0,0.0,0.0,1.0,0.0,0.0,0.0,0.0,0.0,0.0,0.0,0.0,0.0,0.0,0.0,0.0,0.0,0.0,0.0,0.0,0.0,0.0,0.0,0.0,0.0,0.0,1.0,0.0,0.0,0.0,0.0,0.0,1.0,0.0,0.0,0.0,0.0,1.0,0.0,0.0,0.0,0.0,152000.0,-0.3678425318270595
-0.06491841398858939,0.9452679930133805,-0.9217977312598993,0.048653545440740825,-0.6643090070107568,0.7772367703207032,0.2059921720278468,0.29818073040869925,0.0,0.0,0.0,0.0,1.0,0.0,0.0,0.0,0.0,0.0,0.0,0.0,0.0,0.0,0.0,0.0,0.0,0.0,0.0,0.0,0.0,0.0,0.0,0.0,0.0,0.0,0.0,1.0,0.0,0.0,0.0,0.0,0.0,1.0,0.0,0.0,0.0,0.0,1.0,0.0,0.0,0.0,0.0,177000.0,-0.055292861900534146
-0.7656956092022585,-1.5023078288034015,0.026524711473348696,-1.3920518249236127,-0.6378757083066393,-1.021987401155326,-0.9976828844653559,-1.0371220601333149,0.0,0.0,0.0,0.0,0.0,0.0,0.0,0.0,0.0,0.0,0.0,0.0,0.0,0.0,0.0,0.0,1.0,0.0,0.0,0.0,0.0,0.0,0.0,0.0,0.0,0.0,0.0,1.0,0.0,0.0,0.0,0.0,0.0,0.0,1.0,0.0,0.0,0.0,0.0,1.0,0.0,0.0,0.0,96500.0,-1.0617027990639458
-0.7656956092022585,-2.3622669013336224,-0.1357987360205693,-0.9457463569303075,-1.5674467127347727,-1.021987401155326,-0.9976828844653559,-1.0371220601333149,0.0,0.0,0.0,0.0,0.0,0.0,0.0,0.0,0.0,1.0,0.0,0.0,0.0,0.0,0.0,0.0,0.0,0.0,0.0,0.0,0.0,0.0,0.0,0.0,0.0,0.0,0.0,1.0,0.0,0.0,0.0,0.0,0.0,0.0,1.0,0.0,0.0,0.0,0.0,1.0,0.0,0.0,0.0,114000.0,-0.842918030115378
-0.06491841398858939,0.2837610141439799,-0.9647558317682828,-0.9163841550886428,-1.1929749810931076,-1.021987401155326,-0.9976828844653559,0.29818073040869925,0.0,0.0,0.0,0.0,0.0,0.0,0.0,0.0,0.0,0.0,0.0,0.0,0.0,0.0,0.0,0.0,0.0,0.0,0.0,0.0,0.0,0.0,1.0,0.0,0.0,0.0,0.0,1.0,0.0,0.0,0.0,0.0,0.0,0.0,1.0,0.0,0.0,0.0,0.0,1.0,0.0,0.0,0.0,115000.0,-0.8304160433183171
-0.06491841398858939,-1.4361571309164616,-0.31311277067105864,0.8081558330784707,-0.3559205221293856,-1.021987401155326,0.2059921720278468,0.29818073040869925,0.0,0.0,0.0,0.0,0.0,0.0,0.0,0.0,0.0,0.0,0.0,0.0,0.0,0.0,0.0,0.0,1.0,0.0,0.0,0.0,0.0,0.0,0.0,0.0,0.0,0.0,0.0,1.0,0.0,0.0,0.0,0.0,0.0,0.0,1.0,0.0,0.0,0.0,0.0,1.0,0.0,0.0,0.0,177000.0,-0.055292861900534146
-0.7656956092022585,-0.4438966626123607,-0.09552551679395974,-0.3056503567820146,-0.07396533595213181,-1.021987401155326,-0.9976828844653559,-1.0371220601333149,0.0,1.0,0.0,0.0,0.0,0.0,0.0,0.0,0.0,0.0,0.0,0.0,0.0,0.0,0.0,0.0,0.0,0.0,0.0,0.0,0.0,0.0,0.0,0.0,0.0,0.0,0.0,1.0,0.0,0.0,0.0,0.0,0.0,0.0,1.0,0.0,0.0,0.0,0.0,1.0,0.0,0.0,0.0,144000.0,-0.4678584262035476
-0.7656956092022585,-1.1715543393687013,0.04956994247524195,-0.06683778180314077,-0.5761980113303651,0.7772367703207032,0.2059921720278468,0.29818073040869925,0.0,0.0,0.0,0.0,0.0,0.0,0.0,0.0,0.0,1.0,0.0,0.0,0.0,0.0,0.0,0.0,0.0,0.0,0.0,0.0,0.0,0.0,0.0,0.0,0.0,0.0,0.0,0.0,1.0,0.0,0.0,0.0,0.0,1.0,0.0,0.0,0.0,0.0,0.0,0.0,0.0,1.0,0.0,170000.0,-0.14280676947996124
-1.4664728044159276,-1.6346092245772816,-0.23592243382005698,-0.1686267481875788,-0.426409318673699,-1.021987401155326,0.2059921720278468,-2.372424850675329,0.0,0.0,0.0,0.0,0.0,0.0,0.0,0.0,0.0,0.0,0.0,0.0,1.0,0.0,0.0,0.0,0.0,0.0,0.0,0.0,0.0,0.0,0.0,0.0,0.0,0.0,0.0,0.0,1.0,0.0,0.0,0.0,0.0,0.0,1.0,0.0,0.0,0.0,0.0,1.0,0.0,0.0,0.0,83000.0,-1.2304796208242694
-0.06491841398858939,0.44913775886133006,-0.12875092265591262,0.45385193085571524,-0.6973506303909037,0.7772367703207032,0.2059921720278468,0.29818073040869925,1.0,0.0,0.0,0.0,0.0,0.0,0.0,0.0,0.0,0.0,0.0,0.0,0.0,0.0,0.0,0.0,0.0,0.0,0.0,0.0,0.0,0.0,0.0,0.0,0.0,0.0,0.0,0.0,1.0,0.0,0.0,0.0,0.0,1.0,0.0,0.0,0.0,0.0,1.0,0.0,0.0,0.0,0.0,178000.0,-0.04279087510347313
-0.06491841398858939,0.1514596183700998,0.9445303697332323,0.1445700714568459,-0.5761980113303651,0.7772367703207032,0.2059921720278468,0.29818073040869925,0.0,0.0,0.0,0.0,0.0,0.0,0.0,0.0,0.0,0.0,0.0,0.0,0.0,0.0,1.0,0.0,0.0,0.0,0.0,0.0,0.0,0.0,0.0,0.0,0.0,0.0,0.0,0.0,1.0,0.0,0.0,0.0,0.0,0.0,1.0,0.0,0.0,0.0,1.0,0.0,0.0,0.0,0.0,190000.0,0.10723296646125904
-0.7656956092022585,-0.4108213136688907,-0.06789361360236928,-1.0103432009819702,-0.1620763316325236,-1.021987401155326,-0.9976828844653559,-1.0371220601333149,0.0,0.0,0.0,0.0,0.0,0.0,0.0,0.0,0.0,1.0,0.0,0.0,0.0,0.0,0.0,0.0,0.0,0.0,0.0,0.0,0.0,0.0,0.0,0.0,0.0,0.0,0.0,1.0,0.0,0.0,0.0,0.0,0.0,0.0,0.0,0.0,1.0,0.0,0.0,1.0,0.0,0.0,0.0,110000.0,-0.8929259773036221
-0.7656956092022585,-0.27851991789501057,-0.2870470482271697,-1.1512817698219613,-0.3206761238572288,-1.021987401155326,0.2059921720278468,-1.0371220601333149,0.0,0.0,0.0,0.0,0.0,1.0,0.0,0.0,0.0,0.0,0.0,0.0,0.0,0.0,0.0,0.0,0.0,0.0,0.0,0.0,0.0,0.0,0.0,0.0,0.0,0.0,0.0,0.0,1.0,0.0,0.0,0.0,0.0,1.0,0.0,0.0,0.0,0.0,0.0,1.0,0.0,0.0,0.0,129000.0,-0.6553882281594628
0.6358587812250798,0.9121926440699104,-0.0024496323591287404,0.0016740224940771195,0.9525277637244326,0.7772367703207032,0.2059921720278468,0.29818073040869925,0.0,0.0,0.0,0.0,0.0,0.0,0.0,1.0,0.0,0.0,0.0,0.0,0.0,0.0,0.0,0.0,0.0,0.0,0.0,0.0,0.0,0.0,0.0,0.0,0.0,0.0,0.0,0.0,1.0,0.0,0.0,0.0,0.0,1.0,0.0,0.0,0.0,0.0,1.0,0.0,0.0,0.0,0.0,204000.0,0.28226078162011325
-0.7656956092022585,-0.21236922000807051,17.26189635971454,0.5595558574857086,0.9723527377525207,0.7772367703207032,0.2059921720278468,0.29818073040869925,0.0,0.0,0.0,0.0,0.0,0.0,0.0,0.0,0.0,0.0,0.0,0.0,0.0,0.0,0.0,1.0,0.0,0.0,0.0,0.0,0.0,0.0,0.0,0.0,0.0,0.0,0.0,0.0,1.0,0.0,0.0,0.0,0.0,0.0,1.0,0.0,0.0,0.0,0.0,1.0,0.0,0.0,0.0,228950.0,0.5941853522067856
0.6358587812250798,-2.693020390768323,0.04956994247524195,2.062900591778947,-0.7480144529071291,-1.021987401155326,0.2059921720278468,0.29818073040869925,0.0,0.0,0.0,0.0,0.0,0.0,0.0,0.0,0.0,1.0,0.0,0.0,0.0,0.0,0.0,0.0,0.0,0.0,0.0,0.0,0.0,0.0,0.0,0.0,0.0,0.0,0.0,1.0,0.0,0.0,0.0,0.0,0.0,0.0,1.0,0.0,0.0,0.0,0.0,1.0,0.0,0.0,0.0,159500.0,-0.2740776308491019
1.336635976438749,1.1767954356176706,-0.1318832841513156,0.29529604091072525,1.2895523222019312,0.7772367703207032,0.2059921720278468,1.6334835209507133,0.0,0.0,0.0,0.0,0.0,0.0,0.0,1.0,0.0,0.0,0.0,0.0,0.0,0.0,0.0,0.0,0.0,0.0,0.0,0.0,0.0,0.0,0.0,0.0,0.0,0.0,0.0,0.0,1.0,0.0,0.0,0.0,0.0,1.0,0.0,0.0,0.0,0.0,1.0,0.0,0.0,0.0,0.0,250000.0,0.8573521742849199
-0.06491841398858939,0.18453496731356983,-0.2256303889065901,-0.21952123137979782,-0.8427337732635503,-1.021987401155326,0.2059921720278468,-1.0371220601333149,0.0,0.0,0.0,0.0,0.0,0.0,0.0,1.0,0.0,0.0,0.0,0.0,0.0,0.0,0.0,0.0,0.0,0.0,0.0,0.0,0.0,0.0,0.0,0.0,0.0,0.0,0.0,0.0,1.0,0.0,0.0,0.0,0.0,0.0,1.0,0.0,0.0,0.0,1.0,0.0,0.0,0.0,0.0,157500.0,-0.2990816044432239
-0.06491841398858939,-1.733835271407692,0.3532971374759224,0.6339401021512594,-0.6466868078746785,-1.021987401155326,0.2059921720278468,0.29818073040869925,0.0,0.0,0.0,0.0,0.0,0.0,0.0,0.0,0.0,0.0,0.0,1.0,0.0,0.0,0.0,0.0,0.0,0.0,0.0,0.0,0.0,0.0,0.0,0.0,0.0,0.0,0.0,1.0,0.0,0.0,0.0,0.0,0.0,0.0,1.0,0.0,0.0,0.0,0.0,1.0,0.0,0.0,0.0,180500.0,-0.011535908110820595
1.336635976438749,1.1437200866742006,-0.36076941342254665,-0.25475587358979557,0.6881947766832572,0.7772367703207032,-0.9976828844653559,0.29818073040869925,0.0,0.0,0.0,1.0,0.0,0.0,0.0,0.0,0.0,0.0,0.0,0.0,0.0,0.0,0.0,0.0,0.0,0.0,0.0,0.0,0.0,0.0,0.0,0.0,0.0,0.0,0.0,0.0,1.0,0.0,0.0,0.0,0.0,1.0,0.0,0.0,0.0,0.0,1.0,0.0,0.0,0.0,0.0,205000.0,0.29476276841717425
-0.06491841398858939,-1.0723282925382913,-0.43874284064739905,0.15044251182517884,-0.18850963033664114,-1.021987401155326,0.2059921720278468,-1.0371220601333149,0.0,0.0,0.0,0.0,0.0,0.0,0.0,0.0,0.0,0.0,0.0,1.0,0.0,0.0,0.0,0.0,0.0,0.0,0.0,0.0,0.0,0.0,0.0,0.0,0.0,0.0,0.0,1.0,0.0,0.0,0.0,0.0,0.0,0.0,0.0,0.0,1.0,0.0,0.0,1.0,0.0,0.0,0.0,140200.0,-0.5153659760323794
1.336635976438749,1.0775693887872606,-0.7288218891323952,0.285508640296837,1.1816163524934513,0.7772367703207032,-0.9976828844653559,0.29818073040869925,0.0,0.0,0.0,0.0,0.0,0.0,0.0,0.0,0.0,0.0,0.0,0.0,0.0,0.0,0.0,0.0,1.0,0.0,0.0,0.0,0.0,0.0,0.0,0.0,0.0,0.0,0.0,0.0,1.0,0.0,0.0,0.0,0.0,1.0,0.0,0.0,0.0,0.0,0.0,0.0,1.0,0.0,0.0,300000.0,1.4824515141379706
1.336635976438749,1.1106447377307307,0.35642949897132536,1.9571966651489539,0.24323424849727865,2.5764609417967326,2.613342285014252,1.6334835209507133,0.0,0.0,0.0,0.0,0.0,0.0,0.0,0.0,0.0,0.0,0.0,0.0,0.0,0.0,0.0,0.0,0.0,0.0,0.0,0.0,0.0,0.0,0.0,1.0,0.0,0.0,0.0,0.0,0.0,1.0,0.0,0.0,0.0,0.0,0.0,1.0,0.0,0.0,0.0,0.0,1.0,0.0,0.0,355000.0,2.1700607879763263
1.336635976438749,0.1514596183700998,0.6626178351469654,0.33444564336627836,0.8115501706358057,2.5764609417967326,0.2059921720278468,0.29818073040869925,0.0,0.0,0.0,0.0,0.0,0.0,0.0,0.0,0.0,0.0,0.0,0.0,0.0,0.0,0.0,0.0,0.0,0.0,0.0,0.0,1.0,0.0,0.0,0.0,0.0,0.0,0.0,0.0,1.0,0.0,0.0,0.0,0.0,0.0,0.0,1.0,0.0,0.0,1.0,0.0,0.0,0.0,0.0,290000.0,1.3574316461673606
-0.06491841398858939,0.5483638056917401,0.12306856756380441,-0.1725417084331341,0.7366558243074727,0.7772367703207032,0.2059921720278468,0.29818073040869925,0.0,0.0,0.0,0.0,0.0,0.0,0.0,0.0,0.0,0.0,0.0,0.0,0.0,0.0,0.0,1.0,0.0,0.0,0.0,0.0,0.0,0.0,0.0,0.0,0.0,0.0,0.0,0.0,1.0,0.0,0.0,0.0,0.0,1.0,0.0,0.0,0.0,0.0,1.0,0.0,0.0,0.0,0.0,175000.0,-0.08029683549465617
-0.7656956092022585,-0.3115952668384806,-0.29409486159182635,-0.6071022956897734,0.10666220519267137,-1.021987401155326,0.2059921720278468,0.29818073040869925,0.0,1.0,0.0,0.0,0.0,0.0,0.0,0.0,0.0,0.0,0.0,0.0,0.0,0.0,0.0,0.0,0.0,0.0,0.0,0.0,0.0,0.0,0.0,0.0,0.0,0.0,0.0,0.0,1.0,0.0,0.0,0.0,0.0,0.0,1.0,0.0,0.0,0.0,0.0,1.0,0.0,0.0,0.0,132500.0,-0.6116312743697493
-0.7656956092022585,-0.5100473604993008,-0.20325637822514034,-1.1258345282258517,-0.2920400502611015,-1.021987401155326,0.2059921720278468,-1.0371220601333149,0.0,1.0,0.0,0.0,0.0,0.0,0.0,0.0,0.0,0.0,0.0,0.0,0.0,0.0,0.0,0.0,0.0,0.0,0.0,0.0,0.0,0.0,0.0,0.0,0.0,0.0,0.0,1.0,0.0,0.0,0.0,0.0,0.0,1.0,0.0,0.0,0.0,0.0,0.0,1.0,0.0,0.0,0.0,127000.0,-0.6803922017535848
-1.4664728044159276,-1.0723282925382913,-0.48069411067511736,-0.7382534639158762,-0.717175604418992,-1.021987401155326,0.2059921720278468,-1.0371220601333149,0.0,0.0,0.0,0.0,0.0,0.0,0.0,0.0,0.0,0.0,0.0,0.0,0.0,0.0,0.0,0.0,0.0,0.0,0.0,1.0,0.0,0.0,0.0,0.0,0.0,0.0,0.0,1.0,0.0,0.0,0.0,0.0,0.0,0.0,1.0,0.0,0.0,0.0,0.0,1.0,0.0,0.0,0.0,100000.0,-1.0179458452742323
0.6358587812250798,1.1106447377307307,-0.28604021774650445,0.3638078452079432,-0.36693439658943455,0.7772367703207032,0.2059921720278468,0.29818073040869925,1.0,0.0,0.0,0.0,0.0,0.0,0.0,0.0,0.0,0.0,0.0,0.0,0.0,0.0,0.0,0.0,0.0,0.0,0.0,0.0,0.0,0.0,0.0,0.0,0.0,0.0,0.0,0.0,1.0,0.0,0.0,0.0,0.0,1.0,0.0,0.0,0.0,0.0,1.0,0.0,0.0,0.0,0.0,184000.0,0.03222104567889295
-0.7656956092022585,-0.708499454160121,-0.3531622497908537,-1.2452408157152886,-0.426409318673699,-1.021987401155326,0.2059921720278468,0.29818073040869925,0.0,1.0,0.0,0.0,0.0,0.0,0.0,0.0,0.0,0.0,0.0,0.0,0.0,0.0,0.0,0.0,0.0,0.0,0.0,0.0,0.0,0.0,0.0,0.0,0.0,0.0,0.0,1.0,0.0,0.0,0.0,0.0,0.0,1.0,0.0,0.0,0.0,0.0,0.0,1.0,0.0,0.0,0.0,129000.0,-0.6553882281594628
-0.7656956092022585,1.1767954356176706,-0.12069627881059071,-0.7989353477219835,0.07582335670453424,-1.021987401155326,-0.9976828844653559,-2.372424850675329,0.0,0.0,1.0,0.0,0.0,0.0,0.0,0.0,0.0,0.0,0.0,0.0,0.0,0.0,0.0,0.0,0.0,0.0,0.0,0.0,0.0,0.0,0.0,0.0,0.0,0.0,0.0,0.0,1.0,0.0,0.0,0.0,0.0,0.0,1.0,0.0,0.0,0.0,1.0,0.0,0.0,0.0,0.0,146000.0,-0.4428544526094256
1.336635976438749,1.1767954356176706,-0.025382993307614742,0.39512752717238564,1.4195160408305092,0.7772367703207032,0.2059921720278468,1.6334835209507133,0.0,0.0,0.0,0.0,1.0,0.0,0.0,0.0,0.0,0.0,0.0,0.0,0.0,0.0,0.0,0.0,0.0,0.0,0.0,0.0,0.0,0.0,0.0,0.0,0.0,0.0,0.0,0.0,1.0,0.0,0.0,0.0,0.0,1.0,0.0,0.0,0.0,0.0,1.0,0.0,0.0,0.0,0.0,275500.0,1.1761528376099757
-0.06491841398858939,-0.807725500990531,-0.31960123376867905,-0.36828972071089955,-0.6026313100344826,-1.021987401155326,0.2059921720278468,0.29818073040869925,0.0,1.0,0.0,0.0,0.0,0.0,0.0,0.0,0.0,0.0,0.0,0.0,0.0,0.0,0.0,0.0,0.0,0.0,0.0,0.0,0.0,0.0,0.0,0.0,0.0,0.0,0.0,1.0,0.0,0.0,0.0,0.0,0.0,0.0,1.0,0.0,0.0,0.0,0.0,1.0,0.0,0.0,0.0,127000.0,-0.6803922017535848
-0.7656956092022585,-1.1054036414817612,-0.45384529785737765,-0.45441884611311634,-0.4968981152180124,-1.021987401155326,0.2059921720278468,-1.0371220601333149,0.0,0.0,0.0,0.0,0.0,0.0,0.0,0.0,0.0,0.0,1.0,0.0,0.0,0.0,0.0,0.0,0.0,0.0,0.0,0.0,0.0,0.0,0.0,0.0,0.0,0.0,0.0,0.0,0.0,0.0,1.0,0.0,0.0,0.0,1.0,0.0,0.0,0.0,0.0,1.0,0.0,0.0,0.0,160000.0,-0.2678266374505714
-0.06491841398858939,0.21761031625703986,-0.1596270573963133,0.7866235517279165,-2.3296068253701616,0.7772367703207032,1.4096672285210494,0.29818073040869925,0.0,0.0,0.0,0.0,0.0,1.0,0.0,0.0,0.0,0.0,0.0,0.0,0.0,0.0,0.0,0.0,0.0,0.0,0.0,0.0,0.0,0.0,0.0,0.0,0.0,0.0,0.0,0.0,1.0,0.0,0.0,0.0,0.0,0.0,1.0,0.0,0.0,0.0,0.0,1.0,0.0,0.0,0.0,112000.0,-0.8679220037095001
-0.7656956092022585,0.18453496731356983,0.29389413911667334,0.28746612041961467,0.8203612702038449,0.7772367703207032,0.2059921720278468,0.29818073040869925,0.0,0.0,0.0,0.0,0.0,0.0,0.0,0.0,0.0,0.0,0.0,0.0,0.0,0.0,0.0,0.0,1.0,0.0,0.0,0.0,0.0,0.0,0.0,0.0,0.0,0.0,0.0,0.0,1.0,0.0,0.0,0.0,0.0,1.0,0.0,0.0,0.0,0.0,1.0,0.0,0.0,0.0,0.0,217500.0,0.45103760338043697
-0.7656956092022585,-0.6092734073297109,0.030999513609638648,-0.35458735985145595,-0.9903196910282065,-1.021987401155326,0.2059921720278468,-1.0371220601333149,0.0,1.0,0.0,0.0,0.0,0.0,0.0,0.0,0.0,0.0,0.0,0.0,0.0,0.0,0.0,0.0,0.0,0.0,0.0,0.0,0.0,0.0,0.0,0.0,0.0,0.0,0.0,0.0,1.0,0.0,0.0,0.0,0.0,0.0,1.0,0.0,0.0,0.0,0.0,1.0,0.0,0.0,0.0,123000.0,-0.7304001489418289
-0.7656956092022585,0.1514596183700998,-0.6860875287308261,-0.8615747116508684,-0.038720937679975094,-1.021987401155326,0.2059921720278468,0.29818073040869925,0.0,0.0,0.0,0.0,0.0,0.0,0.0,0.0,0.0,0.0,0.0,0.0,0.0,0.0,0.0,0.0,0.0,0.0,0.0,0.0,0.0,0.0,0.0,0.0,0.0,1.0,0.0,0.0,1.0,0.0,0.0,0.0,0.0,0.0,1.0,0.0,0.0,0.0,1.0,0.0,0.0,0.0,0.0,129900.0,-0.6441364400421079
-0.06491841398858939,-0.5100473604993008,-0.15179615365780588,-0.5953574149531075,0.30491194547355294,-1.021987401155326,-0.9976828844653559,-1.0371220601333149,0.0,1.0,0.0,0.0,0.0,0.0,0.0,0.0,0.0,0.0,0.0,0.0,0.0,0.0,0.0,0.0,0.0,0.0,0.0,0.0,0.0,0.0,0.0,0.0,0.0,0.0,0.0,0.0,1.0,0.0,0.0,0.0,0.0,0.0,1.0,0.0,0.0,0.0,1.0,0.0,0.0,0.0,0.0,139000.0,-0.5303683601888527
-0.7656956092022585,-0.24544456895154054,-0.28604021774650445,-1.1512817698219613,-0.3206761238572288,-1.021987401155326,-0.9976828844653559,-1.0371220601333149,0.0,1.0,0.0,0.0,0.0,0.0,0.0,0.0,0.0,0.0,0.0,0.0,0.0,0.0,0.0,0.0,0.0,0.0,0.0,0.0,0.0,0.0,0.0,0.0,0.0,0.0,0.0,0.0,1.0,0.0,0.0,0.0,0.0,0.0,1.0,0.0,0.0,0.0,0.0,1.0,0.0,0.0,0.0,115000.0,-0.8304160433183171
0.6358587812250798,1.0775693887872606,-0.8149618302559767,-0.1686267481875788,0.6992086511433062,0.7772367703207032,-0.9976828844653559,0.29818073040869925,0.0,0.0,0.0,0.0,0.0,0.0,0.0,0.0,0.0,0.0,0.0,0.0,0.0,0.0,0.0,0.0,0.0,0.0,0.0,0.0,0.0,0.0,0.0,0.0,1.0,0.0,0.0,0.0,1.0,0.0,0.0,0.0,0.0,1.0,0.0,0.0,0.0,0.0,1.0,0.0,0.0,0.0,0.0,178740.0,-0.03353940487364798
0.6358587812250798,0.8129665972395004,0.07753745582705415,0.6261101816601489,-0.32508167364124846,0.7772367703207032,0.2059921720278468,1.6334835209507133,0.0,0.0,1.0,0.0,0.0,0.0,0.0,0.0,0.0,0.0,0.0,0.0,0.0,0.0,0.0,0.0,0.0,0.0,0.0,0.0,0.0,0.0,0.0,0.0,0.0,0.0,0.0,0.0,1.0,0.0,0.0,0.0,0.0,1.0,0.0,0.0,0.0,0.0,1.0,0.0,0.0,0.0,0.0,213000.0,0.39477866279366236
1.336635976438749,1.1106447377307307,0.011869734476999105,0.5889180593273734,-0.362528846805415,0.7772367703207032,0.2059921720278468,1.6334835209507133,0.0,0.0,0.0,0.0,0.0,0.0,0.0,0.0,0.0,0.0,0.0,0.0,0.0,1.0,0.0,0.0,0.0,0.0,0.0,0.0,0.0,0.0,0.0,0.0,0.0,0.0,0.0,0.0,1.0,0.0,0.0,0.0,0.0,1.0,0.0,0.0,0.0,0.0,1.0,0.0,0.0,0.0,0.0,239900.0,0.7310821076346037
1.336635976438749,0.44913775886133006,-0.39567287008560825,0.003631502616854774,0.9481222139404131,-1.021987401155326,-2.2013579409585584,0.29818073040869925,0.0,0.0,0.0,0.0,0.0,0.0,0.0,0.0,0.0,0.0,0.0,0.0,0.0,0.0,0.0,0.0,0.0,0.0,0.0,0.0,0.0,0.0,0.0,1.0,0.0,0.0,0.0,0.0,1.0,0.0,0.0,0.0,0.0,1.0,0.0,0.0,0.0,0.0,1.0,0.0,0.0,0.0,0.0,212000.0,0.38227667599660137
0.6358587812250798,1.0114186909003204,0.34602558400445127,0.7063668666940327,-0.31186502428918966,0.7772367703207032,0.2059921720278468,0.29818073040869925,0.0,0.0,0.0,0.0,0.0,0.0,0.0,1.0,0.0,0.0,0.0,0.0,0.0,0.0,0.0,0.0,0.0,0.0,0.0,0.0,0.0,0.0,0.0,0.0,0.0,0.0,0.0,0.0,0.0,1.0,0.0,0.0,0.0,1.0,0.0,0.0,0.0,0.0,1.0,0.0,0.0,0.0,0.0,200000.0,0.2322528344318692
0.6358587812250798,0.9452679930133805,-0.21332468303179272,-0.29586295616812636,0.6419365039510515,0.7772367703207032,0.2059921720278468,0.29818073040869925,1.0,0.0,0.0,0.0,0.0,0.0,0.0,0.0,0.0,0.0,0.0,0.0,0.0,0.0,0.0,0.0,0.0,0.0,0.0,0.0,0.0,0.0,0.0,0.0,0.0,0.0,0.0,0.0,1.0,0.0,0.0,0.0,0.0,0.0,1.0,0.0,0.0,0.0,1.0,0.0,0.0,0.0,0.0,179000.0,-0.030288888306412118
-0.7656956092022585,-1.833061318238102,-0.36636291609290905,0.8375180349201355,-0.8185032494514425,0.7772367703207032,2.613342285014252,-2.372424850675329,0.0,0.0,0.0,0.0,0.0,0.0,0.0,0.0,0.0,0.0,1.0,0.0,0.0,0.0,0.0,0.0,0.0,0.0,0.0,0.0,0.0,0.0,0.0,0.0,0.0,0.0,0.0,0.0,1.0,0.0,0.0,0.0,0.0,0.0,1.0,0.0,0.0,0.0,0.0,1.0,0.0,0.0,0.0,160000.0,-0.2678266374505714
-0.7656956092022585,0.21761031625703986,0.021266818963208003,-0.6814865403553242,0.20798985022512192,0.7772367703207032,-0.9976828844653559,-1.0371220601333149,0.0,0.0,0.0,0.0,0.0,0.0,0.0,0.0,0.0,0.0,0.0,0.0,1.0,0.0,0.0,0.0,0.0,0.0,0.0,0.0,0.0,0.0,0.0,0.0,0.0,0.0,0.0,1.0,0.0,0.0,0.0,0.0,0.0,0.0,1.0,0.0,0.0,0.0,1.0,0.0,0.0,0.0,0.0,159900.0,-0.2690768361302775
-0.7656956092022585,0.2506856652005099,-0.3710614583360135,-0.5307605709014448,0.08022890648855383,-2.821211572631355,-0.9976828844653559,0.29818073040869925,1.0,0.0,0.0,0.0,0.0,0.0,0.0,0.0,0.0,0.0,0.0,0.0,0.0,0.0,0.0,0.0,0.0,0.0,0.0,0.0,0.0,0.0,0.0,0.0,0.0,0.0,0.0,1.0,0.0,0.0,0.0,0.0,0.0,1.0,0.0,0.0,0.0,0.0,1.0,0.0,0.0,0.0,0.0,148325.0,-0.4137873333062587
-0.7656956092022585,-0.4438966626123607,-0.06789361360236928,-1.0573227239286338,-0.21494292904075868,-1.021987401155326,0.2059921720278468,0.29818073040869925,0.0,0.0,0.0,0.0,0.0,0.0,0.0,0.0,0.0,1.0,0.0,0.0,0.0,0.0,0.0,0.0,0.0,0.0,0.0,0.0,0.0,0.0,0.0,0.0,0.0,0.0,0.0,1.0,0.0,0.0,0.0,0.0,0.0,0.0,1.0,0.0,0.0,0.0,0.0,1.0,0.0,0.0,0.0,125000.0,-0.7053961753477069
-0.7656956092022585,0.21761031625703986,-0.3755362604723035,-1.2452408157152886,-0.426409318673699,-1.021987401155326,0.2059921720278468,-1.0371220601333149,0.0,0.0,0.0,0.0,0.0,0.0,0.0,1.0,0.0,0.0,0.0,0.0,0.0,0.0,0.0,0.0,0.0,0.0,0.0,0.0,0.0,0.0,0.0,0.0,0.0,0.0,0.0,0.0,1.0,0.0,0.0,0.0,0.0,0.0,1.0,0.0,0.0,0.0,0.0,1.0,0.0,0.0,0.0,136500.0,-0.5616233271815052
2.037413171652418,1.1437200866742006,-0.259750755195801,0.21895431612239674,1.2212663005496276,0.7772367703207032,-0.9976828844653559,0.29818073040869925,0.0,0.0,0.0,0.0,0.0,0.0,0.0,0.0,0.0,0.0,0.0,0.0,0.0,0.0,0.0,0.0,0.0,0.0,0.0,0.0,0.0,0.0,0.0,1.0,0.0,0.0,0.0,0.0,1.0,0.0,0.0,0.0,0.0,0.0,0.0,1.0,0.0,0.0,0.0,0.0,1.0,0.0,0.0,319900.0,1.731241051399485
-0.06491841398858939,-0.17929387106460049,-0.21891818570215515,-1.1493242896991835,-0.5365480632741887,-1.021987401155326,0.2059921720278468,-1.0371220601333149,0.0,0.0,0.0,0.0,0.0,1.0,0.0,0.0,0.0,0.0,0.0,0.0,0.0,0.0,0.0,0.0,0.0,0.0,0.0,0.0,0.0,0.0,0.0,0.0,0.0,0.0,0.0,1.0,0.0,0.0,0.0,0.0,0.0,0.0,1.0,0.0,0.0,0.0,0.0,1.0,0.0,0.0,0.0,129000.0,-0.6553882281594628
1.336635976438749,0.9452679930133805,-0.33313751023095617,0.6809196250979231,-0.18190130566061177,0.7772367703207032,0.2059921720278468,0.29818073040869925,0.0,0.0,0.0,0.0,1.0,0.0,0.0,0.0,0.0,0.0,0.0,0.0,0.0,0.0,0.0,0.0,0.0,0.0,0.0,0.0,0.0,0.0,0.0,0.0,0.0,0.0,0.0,0.0,1.0,0.0,0.0,0.0,0.0,1.0,0.0,0.0,0.0,0.0,1.0,0.0,0.0,0.0,0.0,254000.0,0.907360121473164
-0.06491841398858939,1.1106447377307307,0.009296723248632384,-0.06292282155758547,0.9040667161002172,0.7772367703207032,-0.9976828844653559,0.29818073040869925,0.0,0.0,0.0,0.0,1.0,0.0,0.0,0.0,0.0,0.0,0.0,0.0,0.0,0.0,0.0,0.0,0.0,0.0,0.0,0.0,0.0,0.0,0.0,0.0,0.0,0.0,0.0,0.0,1.0,0.0,0.0,0.0,0.0,1.0,0.0,0.0,0.0,0.0,0.0,0.0,1.0,0.0,0.0,271500.0,1.1261448904217317
-0.06491841398858939,0.05223357153968971,-0.7151737426167109,1.9983037477272845,-0.254592877096935,0.7772367703207032,2.613342285014252,0.29818073040869925,0.0,0.0,0.0,0.0,0.0,0.0,0.0,0.0,0.0,0.0,0.0,0.0,0.0,0.0,0.0,0.0,0.0,0.0,0.0,0.0,0.0,0.0,0.0,0.0,0.0,1.0,0.0,0.0,1.0,0.0,0.0,0.0,0.0,0.0,1.0,0.0,0.0,0.0,1.0,0.0,0.0,0.0,0.0,151400.0,-0.37534372390529613
1.336635976438749,1.0775693887872606,0.19488914185125814,1.8945573012200687,0.17274545195296523,0.7772367703207032,1.4096672285210494,1.6334835209507133,0.0,0.0,0.0,1.0,0.0,0.0,0.0,0.0,0.0,0.0,0.0,0.0,0.0,0.0,0.0,0.0,0.0,0.0,0.0,0.0,0.0,0.0,0.0,0.0,0.0,0.0,0.0,0.0,0.0,1.0,0.0,0.0,0.0,1.0,0.0,0.0,0.0,0.0,0.0,0.0,1.0,0.0,0.0,354000.0,2.1575588011792655
-0.06491841398858939,1.1106447377307307,0.24970546802081003,-0.031603139593143,-0.695147855498894,0.7772367703207032,0.2059921720278468,0.29818073040869925,0.0,0.0,0.0,0.0,0.0,0.0,0.0,0.0,0.0,0.0,0.0,0.0,0.0,1.0,0.0,0.0,0.0,0.0,0.0,0.0,0.0,0.0,0.0,0.0,0.0,0.0,0.0,0.0,1.0,0.0,0.0,0.0,0.0,1.0,0.0,0.0,0.0,0.0,1.0,0.0,0.0,0.0,0.0,174000.0,-0.0927988222917172
-2.868027194843266,-1.0723282925382913,0.07943924673497738,-1.2824329380480641,-2.3296068253701616,-1.021987401155326,-2.2013579409585584,-1.0371220601333149,0.0,0.0,0.0,0.0,0.0,0.0,0.0,0.0,0.0,0.0,0.0,0.0,0.0,0.0,0.0,0.0,0.0,0.0,0.0,1.0,0.0,0.0,0.0,0.0,0.0,0.0,0.0,1.0,0.0,0.0,0.0,0.0,0.0,0.0,1.0,0.0,0.0,0.0,0.0,1.0,0.0,0.0,0.0,68104.0,-1.4167092161532904
2.037413171652418,1.0444940398437905,0.22610088675188056,0.868837716884578,1.8468543698804094,0.7772367703207032,0.2059921720278468,1.6334835209507133,0.0,0.0,0.0,1.0,0.0,0.0,0.0,0.0,0.0,0.0,0.0,0.0,0.0,0.0,0.0,0.0,0.0,0.0,0.0,0.0,0.0,0.0,0.0,0.0,0.0,0.0,0.0,0.0,1.0,0.0,0.0,0.0,0.0,0.0,0.0,1.0,0.0,0.0,0.0,0.0,1.0,0.0,0.0,360000.0,2.2325707219616313
0.6358587812250798,0.9452679930133805,-0.26635108834682863,2.5189934603861404,0.24323424849727865,4.375685113272762,3.817017341507455,2.9687863114927273,1.0,0.0,0.0,0.0,0.0,0.0,0.0,0.0,0.0,0.0,0.0,0.0,0.0,0.0,0.0,0.0,0.0,0.0,0.0,0.0,0.0,0.0,0.0,0.0,0.0,0.0,0.0,0.0,0.0,1.0,0.0,0.0,0.0,0.0,1.0,0.0,0.0,0.0,0.0,0.0,1.0,0.0,0.0,269500.0,1.1011409168276096
-0.7656956092022585,0.7468158993525603,0.4318299149678111,-0.9359589563164192,-0.0783708857361514,-1.021987401155326,0.2059921720278468,0.29818073040869925,0.0,0.0,0.0,0.0,0.0,0.0,0.0,1.0,0.0,0.0,0.0,0.0,0.0,0.0,0.0,0.0,0.0,0.0,0.0,0.0,0.0,0.0,0.0,0.0,0.0,0.0,0.0,1.0,0.0,0.0,0.0,0.0,0.0,0.0,1.0,0.0,0.0,0.0,1.0,0.0,0.0,0.0,0.0,139500.0,-0.5241173667903222
-0.06491841398858939,-0.11314317317766043,0.15025299054176586,-0.6814865403553242,-0.3206761238572288,-1.021987401155326,0.2059921720278468,0.29818073040869925,0.0,0.0,0.0,0.0,0.0,0.0,0.0,0.0,0.0,0.0,0.0,0.0,0.0,0.0,1.0,0.0,0.0,0.0,0.0,0.0,0.0,0.0,0.0,0.0,0.0,0.0,0.0,0.0,1.0,0.0,0.0,0.0,0.0,0.0,1.0,0.0,0.0,0.0,0.0,1.0,0.0,0.0,0.0,143450.0,-0.4747345189419312
0.6358587812250798,1.1106447377307307,-0.8026561243811794,-0.6951889012147678,0.19257042598105337,0.7772367703207032,-0.9976828844653559,0.29818073040869925,0.0,0.0,0.0,0.0,0.0,0.0,0.0,0.0,0.0,0.0,0.0,0.0,0.0,0.0,0.0,0.0,0.0,0.0,0.0,0.0,0.0,0.0,0.0,0.0,1.0,0.0,0.0,0.0,1.0,0.0,0.0,0.0,0.0,1.0,0.0,0.0,0.0,0.0,1.0,0.0,0.0,0.0,0.0,160200.0,-0.2653262400911592
-0.06491841398858939,0.9452679930133805,-0.8232402142081131,0.046696065317963165,-0.6643090070107568,0.7772367703207032,-0.9976828844653559,0.29818073040869925,0.0,0.0,0.0,0.0,1.0,0.0,0.0,0.0,0.0,0.0,0.0,0.0,0.0,0.0,0.0,0.0,0.0,0.0,0.0,0.0,0.0,0.0,0.0,0.0,0.0,0.0,0.0,1.0,0.0,0.0,0.0,0.0,0.0,1.0,0.0,0.0,0.0,0.0,1.0,0.0,0.0,0.0,0.0,166000.0,-0.1928147166682053
0.6358587812250798,1.1767954356176706,-0.8026561243811794,-0.45833380635867166,0.4591061879142386,0.7772367703207032,-0.9976828844653559,0.29818073040869925,0.0,0.0,0.0,0.0,0.0,0.0,0.0,0.0,0.0,0.0,0.0,0.0,0.0,0.0,0.0,0.0,0.0,0.0,0.0,0.0,0.0,0.0,0.0,0.0,1.0,0.0,0.0,0.0,1.0,0.0,0.0,0.0,0.0,1.0,0.0,0.0,0.0,0.0,1.0,0.0,0.0,0.0,0.0,159895.0,-0.2691393460642628
-0.06491841398858939,1.1106447377307307,-0.7475041880514057,-0.8380849501775366,-1.124688959440804,-1.021987401155326,-0.9976828844653559,0.29818073040869925,0.0,0.0,0.0,0.0,0.0,0.0,0.0,0.0,0.0,0.0,0.0,0.0,1.0,0.0,0.0,0.0,0.0,0.0,0.0,0.0,0.0,0.0,0.0,0.0,0.0,0.0,0.0,0.0,0.0,0.0,1.0,0.0,0.0,0.0,1.0,0.0,0.0,0.0,1.0,0.0,0.0,0.0,0.0,145500.0,-0.4491054460079561
-0.7656956092022585,-0.47697201155583074,-0.18401472903909352,-0.38003460144756546,-0.14445413249644526,-1.021987401155326,-0.9976828844653559,-1.0371220601333149,0.0,1.0,0.0,0.0,0.0,0.0,0.0,0.0,0.0,0.0,0.0,0.0,0.0,0.0,0.0,0.0,0.0,0.0,0.0,0.0,0.0,0.0,0.0,0.0,0.0,0.0,0.0,1.0,0.0,0.0,0.0,0.0,0.0,0.0,1.0,0.0,0.0,0.0,0.0,1.0,0.0,0.0,0.0,153000.0,-0.3553405450299985
-1.4664728044159276,0.01915822259621968,-0.3531622497908537,-1.2237085343647345,-1.4815384919463908,-1.021987401155326,0.2059921720278468,0.29818073040869925,0.0,0.0,0.0,0.0,0.0,0.0,0.0,1.0,0.0,0.0,0.0,0.0,0.0,0.0,0.0,0.0,0.0,0.0,0.0,0.0,0.0,0.0,0.0,0.0,0.0,0.0,0.0,1.0,0.0,0.0,0.0,0.0,0.0,1.0,0.0,0.0,0.0,0.0,0.0,1.0,0.0,0.0,0.0,117000.0,-0.805412069724195
0.6358587812250798,0.11838426942662977,-0.9035629125545178,-0.8713621122647567,-0.0012737645158085818,0.7772367703207032,-0.9976828844653559,0.29818073040869925,0.0,0.0,0.0,0.0,0.0,0.0,0.0,0.0,0.0,0.0,0.0,0.0,0.0,0.0,0.0,0.0,0.0,0.0,1.0,0.0,0.0,0.0,0.0,0.0,0.0,0.0,0.0,0.0,1.0,0.0,0.0,0.0,0.0,0.0,1.0,0.0,0.0,0.0,1.0,0.0,0.0,0.0,0.0,123000.0,-0.7304001489418289
1.336635976438749,1.1767954356176706,-0.15179615365780588,2.172519478654496,0.27847864676943535,0.7772367703207032,1.4096672285210494,0.29818073040869925,0.0,0.0,0.0,0.0,1.0,0.0,0.0,0.0,0.0,0.0,0.0,0.0,0.0,0.0,0.0,0.0,0.0,0.0,0.0,0.0,0.0,0.0,0.0,0.0,0.0,0.0,0.0,0.0,0.0,1.0,0.0,0.0,0.0,0.0,0.0,1.0,0.0,0.0,1.0,0.0,0.0,0.0,0.0,303477.0,1.525920922231352
-0.06491841398858939,0.2837610141439799,0.011981604530406354,-0.7793605464942069,-0.15326523206448442,-1.021987401155326,-0.9976828844653559,0.29818073040869925,0.0,0.0,0.0,0.0,0.0,0.0,0.0,0.0,0.0,0.0,0.0,0.0,0.0,0.0,1.0,0.0,0.0,0.0,0.0,0.0,0.0,0.0,0.0,0.0,0.0,0.0,0.0,0.0,1.0,0.0,0.0,0.0,0.0,0.0,1.0,0.0,0.0,0.0,1.0,0.0,0.0,0.0,0.0,169000.0,-0.15530875627702226
1.336635976438749,1.0444940398437905,-0.8010899436334779,-0.08641258303091733,0.47452561215830713,0.7772367703207032,-0.9976828844653559,0.29818073040869925,0.0,0.0,0.0,0.0,0.0,0.0,0.0,0.0,0.0,0.0,0.0,0.0,0.0,0.0,0.0,0.0,0.0,0.0,0.0,0.0,0.0,0.0,0.0,0.0,1.0,0.0,0.0,0.0,1.0,0.0,0.0,0.0,0.0,1.0,0.0,0.0,0.0,0.0,1.0,0.0,0.0,0.0,0.0,215000.0,0.4197826363877844
-0.7656956092022585,0.34991171203092,-0.420284281835203,-1.339199861608616,-0.5321425134901692,-1.021987401155326,-0.9976828844653559,0.29818073040869925,0.0,0.0,1.0,0.0,0.0,0.0,0.0,0.0,0.0,0.0,0.0,0.0,0.0,0.0,0.0,0.0,0.0,0.0,0.0,0.0,0.0,0.0,0.0,0.0,0.0,0.0,0.0,1.0,0.0,0.0,0.0,0.0,0.0,0.0,1.0,0.0,0.0,0.0,0.0,1.0,0.0,0.0,0.0,138000.0,-0.5428703469859137
-0.06491841398858939,-0.24544456895154054,0.19444166163762913,-0.10794486438147152,0.15292047792487706,-1.021987401155326,0.2059921720278468,0.29818073040869925,0.0,1.0,0.0,0.0,0.0,0.0,0.0,0.0,0.0,0.0,0.0,0.0,0.0,0.0,0.0,0.0,0.0,0.0,0.0,0.0,0.0,0.0,0.0,0.0,0.0,0.0,0.0,0.0,1.0,0.0,0.0,0.0,0.0,0.0,1.0,0.0,0.0,0.0,0.0,1.0,0.0,0.0,0.0,158000.0,-0.29283061104469343
-0.7656956092022585,-0.5431227094427709,-0.2373767445143512,-1.3215825405036172,-0.512317539462081,-1.021987401155326,-0.9976828844653559,0.29818073040869925,0.0,0.0,0.0,0.0,0.0,0.0,0.0,0.0,0.0,1.0,0.0,0.0,0.0,0.0,0.0,0.0,0.0,0.0,0.0,0.0,0.0,0.0,0.0,0.0,0.0,0.0,0.0,1.0,0.0,0.0,0.0,0.0,0.0,0.0,1.0,0.0,0.0,0.0,0.0,1.0,0.0,0.0,0.0,125000.0,-0.7053961753477069
-0.06491841398858939,0.8460419461829704,0.3096678166470954,-0.013985818488144114,0.9260944650203151,0.7772367703207032,0.2059921720278468,0.29818073040869925,0.0,0.0,0.0,0.0,0.0,0.0,0.0,1.0,0.0,0.0,0.0,0.0,0.0,0.0,0.0,0.0,0.0,0.0,0.0,0.0,0.0,0.0,0.0,0.0,0.0,0.0,0.0,0.0,1.0,0.0,0.0,0.0,0.0,1.0,0.0,0.0,0.0,0.0,1.0,0.0,0.0,0.0,0.0,208900.0,0.3435205169257122
0.6358587812250798,-2.031513411898922,-0.02650169384168723,0.761176310131807,-0.2920400502611015,-1.021987401155326,1.4096672285210494,-1.0371220601333149,0.0,0.0,0.0,0.0,0.0,0.0,0.0,0.0,0.0,1.0,0.0,0.0,0.0,0.0,0.0,0.0,0.0,0.0,0.0,0.0,0.0,0.0,0.0,0.0,0.0,0.0,0.0,1.0,0.0,0.0,0.0,0.0,0.0,0.0,1.0,0.0,0.0,0.0,0.0,1.0,0.0,0.0,0.0,122000.0,-0.74290213573889
0.6358587812250798,0.2837610141439799,0.29624341023822554,1.6694470871006386,-0.4682620416218851,0.7772367703207032,1.4096672285210494,0.29818073040869925,0.0,0.0,0.0,0.0,0.0,0.0,0.0,0.0,0.0,0.0,0.0,0.0,0.0,0.0,1.0,0.0,0.0,0.0,0.0,0.0,0.0,0.0,0.0,0.0,0.0,0.0,0.0,0.0,1.0,0.0,0.0,0.0,0.0,0.0,0.0,1.0,0.0,0.0,1.0,0.0,0.0,0.0,0.0,260000.0,0.9823720422555301
-1.4664728044159276,-0.27851991789501057,0.09823341570739517,-0.23126611211646375,-0.014490413867867351,-1.021987401155326,0.2059921720278468,0.29818073040869925,0.0,0.0,0.0,0.0,0.0,1.0,0.0,0.0,0.0,0.0,0.0,0.0,0.0,0.0,0.0,0.0,0.0,0.0,0.0,0.0,0.0,0.0,0.0,0.0,0.0,0.0,0.0,0.0,1.0,0.0,0.0,0.0,0.0,0.0,1.0,0.0,0.0,0.0,0.0,1.0,0.0,0.0,0.0,148000.0,-0.4178504790153036
-0.7656956092022585,-0.17929387106460049,-0.28604021774650445,-1.1904313722775144,-0.426409318673699,-1.021987401155326,0.2059921720278468,-1.0371220601333149,0.0,0.0,0.0,0.0,0.0,1.0,0.0,0.0,0.0,0.0,0.0,0.0,0.0,0.0,0.0,0.0,0.0,0.0,0.0,0.0,0.0,0.0,0.0,0.0,0.0,0.0,0.0,1.0,0.0,0.0,0.0,0.0,0.0,1.0,0.0,0.0,0.0,0.0,0.0,1.0,0.0,0.0,0.0,137900.0,-0.5441205456656198
-0.06491841398858939,0.2837610141439799,-0.9484228039708246,-0.9163841550886428,-1.1929749810931076,-1.021987401155326,-0.9976828844653559,0.29818073040869925,0.0,0.0,0.0,0.0,0.0,0.0,0.0,0.0,0.0,0.0,0.0,0.0,0.0,0.0,0.0,0.0,0.0,0.0,0.0,0.0,0.0,0.0,1.0,0.0,0.0,0.0,0.0,1.0,0.0,0.0,0.0,0.0,0.0,0.0,1.0,0.0,0.0,0.0,1.0,0.0,0.0,0.0,0.0,116500.0,-0.8116630631227255
0.6358587812250798,1.0444940398437905,-0.10984488363008758,1.162459735301226,-0.3206761238572288,0.7772367703207032,1.4096672285210494,0.29818073040869925,0.0,0.0,0.0,0.0,1.0,0.0,0.0,0.0,0.0,0.0,0.0,0.0,0.0,0.0,0.0,0.0,0.0,0.0,0.0,0.0,0.0,0.0,0.0,0.0,0.0,0.0,0.0,0.0,0.0,1.0,0.0,0.0,0.0,1.0,0.0,0.0,0.0,0.0,1.0,0.0,0.0,0.0,0.0,263000.0,1.0198780026467131
0.6358587812250798,1.1106447377307307,0.07462883443846569,-0.19603146990646597,0.7542780234435511,0.7772367703207032,0.2059921720278468,0.29818073040869925,1.0,0.0,0.0,0.0,0.0,0.0,0.0,0.0,0.0,0.0,0.0,0.0,0.0,0.0,0.0,0.0,0.0,0.0,0.0,0.0,0.0,0.0,0.0,0.0,0.0,0.0,0.0,0.0,1.0,0.0,0.0,0.0,0.0,1.0,0.0,0.0,0.0,0.0,1.0,0.0,0.0,0.0,0.0,186800.0,0.0672266087106638
0.6358587812250798,1.1437200866742006,-0.813283779454868,-0.26650075432646153,0.357778542881788,0.7772367703207032,-0.9976828844653559,0.29818073040869925,0.0,0.0,0.0,0.0,0.0,0.0,0.0,0.0,0.0,0.0,0.0,0.0,0.0,0.0,0.0,0.0,0.0,0.0,0.0,0.0,0.0,0.0,0.0,0.0,1.0,0.0,0.0,0.0,1.0,0.0,0.0,0.0,0.0,1.0,0.0,0.0,0.0,0.0,1.0,0.0,0.0,0.0,0.0,210250.0,0.3603981991017446
-0.7656956092022585,-0.5761980583862408,-0.48740631387955224,-0.22147871150257548,-0.5431563879502181,0.7772367703207032,0.2059921720278468,-1.0371220601333149,0.0,0.0,0.0,0.0,0.0,0.0,0.0,0.0,0.0,1.0,0.0,0.0,0.0,0.0,0.0,0.0,0.0,0.0,0.0,0.0,0.0,0.0,0.0,0.0,0.0,0.0,0.0,0.0,0.0,1.0,0.0,0.0,0.0,1.0,0.0,0.0,0.0,0.0,0.0,1.0,0.0,0.0,0.0,93000.0,-1.1054597528536594
-0.7656956092022585,-0.4108213136688907,-0.2197012760760059,0.4147023284001622,1.2521051490377648,0.7772367703207032,1.4096672285210494,0.29818073040869925,0.0,1.0,0.0,0.0,0.0,0.0,0.0,0.0,0.0,0.0,0.0,0.0,0.0,0.0,0.0,0.0,0.0,0.0,0.0,0.0,0.0,0.0,0.0,0.0,0.0,0.0,0.0,0.0,1.0,0.0,0.0,0.0,0.0,0.0,1.0,0.0,0.0,0.0,0.0,1.0,0.0,0.0,0.0,145000.0,-0.4553564394064866
-0.06491841398858939,1.1106447377307307,0.20797793809990625,-0.34088499899201236,0.5912726814348263,0.7772367703207032,0.2059921720278468,0.29818073040869925,0.0,0.0,0.0,0.0,0.0,0.0,0.0,0.0,0.0,0.0,0.0,0.0,0.0,1.0,0.0,0.0,0.0,0.0,0.0,0.0,0.0,0.0,0.0,0.0,0.0,0.0,0.0,0.0,1.0,0.0,0.0,0.0,0.0,1.0,0.0,0.0,0.0,0.0,1.0,0.0,0.0,0.0,0.0,203000.0,0.2697587948230522
-0.06491841398858939,-1.3700064330295214,-0.45485212833804284,-1.4331589075019435,-0.6378757083066393,-1.021987401155326,-2.2013579409585584,0.29818073040869925,0.0,0.0,0.0,0.0,0.0,0.0,0.0,0.0,0.0,0.0,0.0,0.0,0.0,0.0,0.0,0.0,0.0,0.0,0.0,1.0,0.0,0.0,0.0,0.0,0.0,0.0,0.0,1.0,0.0,0.0,0.0,0.0,0.0,0.0,1.0,0.0,0.0,0.0,0.0,1.0,0.0,0.0,0.0,93850.0,-1.0948330640761574
0.6358587812250798,-1.7007599224642218,-0.3097566690688412,0.590875539450151,-0.5828063360063944,-1.021987401155326,1.4096672285210494,-1.0371220601333149,0.0,0.0,0.0,0.0,0.0,0.0,0.0,0.0,0.0,0.0,0.0,0.0,0.0,0.0,0.0,0.0,1.0,0.0,0.0,0.0,0.0,0.0,0.0,0.0,0.0,0.0,0.0,1.0,0.0,0.0,0.0,0.0,0.0,0.0,1.0,0.0,0.0,0.0,0.0,0.0,0.0,1.0,0.0,200100.0,0.2335030331115753
1.336635976438749,1.0775693887872606,-0.8026561243811794,-0.45246136599033865,0.4370784389941406,0.7772367703207032,-0.9976828844653559,0.29818073040869925,0.0,0.0,0.0,0.0,0.0,0.0,0.0,0.0,0.0,0.0,0.0,0.0,0.0,0.0,0.0,0.0,0.0,0.0,0.0,0.0,0.0,0.0,0.0,0.0,1.0,0.0,0.0,0.0,1.0,0.0,0.0,0.0,0.0,1.0,0.0,0.0,0.0,0.0,1.0,0.0,0.0,0.0,0.0,192000.0,0.13223694005538106
-0.7656956092022585,-1.5684585266903417,-0.48740631387955224,-1.078855005279188,-0.23917345285286642,-1.021987401155326,-0.9976828844653559,0.29818073040869925,0.0,0.0,0.0,0.0,0.0,0.0,0.0,0.0,0.0,0.0,0.0,1.0,0.0,0.0,0.0,0.0,0.0,0.0,0.0,0.0,0.0,0.0,0.0,0.0,0.0,0.0,0.0,1.0,0.0,0.0,0.0,0.0,0.0,0.0,1.0,0.0,0.0,0.0,0.0,1.0,0.0,0.0,0.0,119000.0,-0.780408096130073
0.6358587812250798,0.9452679930133805,-0.23905479531545995,0.76704875050014,-0.1664818814165432,0.7772367703207032,0.2059921720278468,0.29818073040869925,0.0,0.0,0.0,0.0,0.0,0.0,0.0,0.0,0.0,0.0,0.0,0.0,0.0,1.0,0.0,0.0,0.0,0.0,0.0,0.0,0.0,0.0,0.0,0.0,0.0,0.0,0.0,0.0,1.0,0.0,0.0,0.0,0.0,0.0,1.0,0.0,0.0,0.0,1.0,0.0,0.0,0.0,0.0,226750.0,0.5666809812532513
-0.06491841398858939,0.1514596183700998,0.2554108407445797,0.44602201036460465,1.4767881880227638,0.7772367703207032,1.4096672285210494,0.29818073040869925,0.0,0.0,1.0,0.0,0.0,0.0,0.0,0.0,0.0,0.0,0.0,0.0,0.0,0.0,0.0,0.0,0.0,0.0,0.0,0.0,0.0,0.0,0.0,0.0,0.0,0.0,0.0,0.0,1.0,0.0,0.0,0.0,0.0,0.0,1.0,0.0,0.0,0.0,0.0,1.0,0.0,0.0,0.0,150900.0,-0.3815947173038266
-0.7656956092022585,-0.27851991789501057,-0.1853571696799805,-0.7284660633019879,0.1375010536808085,0.7772367703207032,0.2059921720278468,0.29818073040869925,0.0,1.0,0.0,0.0,0.0,0.0,0.0,0.0,0.0,0.0,0.0,0.0,0.0,0.0,0.0,0.0,0.0,0.0,0.0,0.0,0.0,0.0,0.0,0.0,0.0,0.0,0.0,0.0,1.0,0.0,0.0,0.0,0.0,0.0,1.0,0.0,0.0,0.0,0.0,1.0,0.0,0.0,0.0,155000.0,-0.33033657143587647
2.037413171652418,1.1106447377307307,0.20070638462843507,1.6263825243995302,0.7851168719316882,0.7772367703207032,0.2059921720278468,1.6334835209507133,0.0,0.0,0.0,1.0,0.0,0.0,0.0,0.0,0.0,0.0,0.0,0.0,0.0,0.0,0.0,0.0,0.0,0.0,0.0,0.0,0.0,0.0,0.0,0.0,0.0,0.0,0.0,0.0,0.0,1.0,0.0,0.0,0.0,0.0,0.0,1.0,0.0,0.0,0.0,0.0,1.0,0.0,0.0,379000.0,2.4701084711057906
0.6358587812250798,1.1106447377307307,1.009191260602622,1.882812420483403,0.7366558243074727,0.7772367703207032,1.4096672285210494,0.29818073040869925,0.0,0.0,0.0,0.0,0.0,0.0,0.0,0.0,0.0,0.0,0.0,0.0,0.0,1.0,0.0,0.0,0.0,0.0,0.0,0.0,0.0,0.0,0.0,0.0,0.0,0.0,0.0,0.0,1.0,0.0,0.0,0.0,0.0,1.0,0.0,0.0,0.0,0.0,1.0,0.0,0.0,0.0,0.0,320000.0,1.732491250079191
-0.7656956092022585,0.7798912482960303,0.3592262503065066,-0.9985983202453043,-0.14885968228046484,-1.021987401155326,0.2059921720278468,0.29818073040869925,0.0,0.0,0.0,0.0,0.0,0.0,0.0,1.0,0.0,0.0,0.0,0.0,0.0,0.0,0.0,0.0,0.0,0.0,0.0,0.0,0.0,0.0,0.0,0.0,0.0,0.0,0.0,0.0,1.0,0.0,0.0,0.0,0.0,0.0,1.0,0.0,0.0,0.0,1.0,0.0,0.0,0.0,0.0,156000.0,-0.3178345846388155
-0.7656956092022585,0.18453496731356983,-0.23167137179058153,-0.13339210597758103,-0.7524200026911486,-1.021987401155326,0.2059921720278468,0.29818073040869925,0.0,0.0,1.0,0.0,0.0,0.0,0.0,0.0,0.0,0.0,0.0,0.0,0.0,0.0,0.0,0.0,0.0,0.0,0.0,0.0,0.0,0.0,0.0,0.0,0.0,0.0,0.0,0.0,1.0,0.0,0.0,0.0,0.0,0.0,1.0,0.0,0.0,0.0,1.0,0.0,0.0,0.0,0.0,157000.0,-0.3053325978417544
-0.7656956092022585,-0.21236922000807051,-0.06789361360236928,0.24440155771850625,1.249902374145755,0.7772367703207032,1.4096672285210494,0.29818073040869925,0.0,0.0,0.0,0.0,0.0,0.0,0.0,0.0,0.0,0.0,0.0,0.0,0.0,0.0,1.0,0.0,0.0,0.0,0.0,0.0,0.0,0.0,0.0,0.0,0.0,0.0,0.0,1.0,0.0,0.0,0.0,0.0,0.0,0.0,1.0,0.0,0.0,0.0,0.0,1.0,0.0,0.0,0.0,140500.0,-0.5116153799932612
-0.7656956092022585,-0.27851991789501057,-0.21086354185683323,-1.339199861608616,-0.5321425134901692,-1.021987401155326,-0.9976828844653559,0.29818073040869925,0.0,0.0,0.0,0.0,0.0,0.0,0.0,0.0,0.0,0.0,0.0,0.0,0.0,0.0,0.0,0.0,0.0,0.0,0.0,1.0,0.0,0.0,0.0,0.0,0.0,0.0,0.0,0.0,0.0,0.0,0.0,0.0,1.0,0.0,1.0,0.0,0.0,0.0,1.0,0.0,0.0,0.0,0.0,110000.0,-0.8929259773036221
-0.06491841398858939,-0.11314317317766043,0.1838140065639405,-0.21952123137979782,0.7278447247394335,0.7772367703207032,0.2059921720278468,0.29818073040869925,0.0,0.0,0.0,0.0,0.0,0.0,1.0,0.0,0.0,0.0,0.0,0.0,0.0,0.0,0.0,0.0,0.0,0.0,0.0,0.0,0.0,0.0,0.0,0.0,0.0,0.0,0.0,0.0,1.0,0.0,0.0,0.0,0.0,0.0,1.0,0.0,0.0,0.0,1.0,0.0,0.0,0.0,0.0,158900.0,-0.2815788229273385
-1.4664728044159276,-0.04699247529072038,-0.9420462109266113,-0.7989353477219835,-1.1268917343328138,-1.021987401155326,0.2059921720278468,-2.372424850675329,0.0,0.0,0.0,0.0,0.0,0.0,0.0,0.0,0.0,0.0,0.0,0.0,0.0,0.0,0.0,0.0,0.0,0.0,0.0,0.0,0.0,0.0,0.0,0.0,0.0,1.0,0.0,0.0,1.0,0.0,0.0,0.0,0.0,0.0,1.0,0.0,0.0,0.0,0.0,1.0,0.0,0.0,0.0,90500.0,-1.136714719846312
0.6358587812250798,1.0444940398437905,0.16143999588249075,1.9297919434300665,0.14190660346482808,2.5764609417967326,2.613342285014252,0.29818073040869925,0.0,0.0,0.0,0.0,0.0,0.0,0.0,0.0,0.0,0.0,0.0,0.0,0.0,0.0,0.0,1.0,0.0,0.0,0.0,0.0,0.0,0.0,0.0,0.0,0.0,0.0,0.0,0.0,0.0,1.0,0.0,0.0,0.0,1.0,0.0,0.0,0.0,0.0,1.0,0.0,0.0,0.0,0.0,279900.0,1.2311615795170443
0.6358587812250798,1.1767954356176706,-0.005581993854531706,-0.27824563506312744,0.6441392788430613,0.7772367703207032,-0.9976828844653559,0.29818073040869925,0.0,0.0,0.0,1.0,0.0,0.0,0.0,0.0,0.0,0.0,0.0,0.0,0.0,0.0,0.0,0.0,0.0,0.0,0.0,0.0,0.0,0.0,0.0,0.0,0.0,0.0,0.0,0.0,1.0,0.0,0.0,0.0,0.0,1.0,0.0,0.0,0.0,0.0,1.0,0.0,0.0,0.0,0.0,212500.0,0.3885276693951319
-0.06491841398858939,-1.7007599224642218,-0.2726158113376346,-0.18428658916980004,-1.6269216348190372,-1.021987401155326,0.2059921720278468,-2.372424850675329,0.0,0.0,0.0,0.0,0.0,0.0,0.0,0.0,0.0,0.0,0.0,0.0,0.0,0.0,0.0,0.0,0.0,0.0,0.0,1.0,0.0,0.0,0.0,0.0,0.0,0.0,0.0,0.0,1.0,0.0,0.0,0.0,0.0,0.0,0.0,0.0,1.0,0.0,0.0,1.0,0.0,0.0,0.0,89500.0,-1.149216706643373
-0.7656956092022585,-0.04699247529072038,-0.9871298424497327,-1.7032911644452597,-0.9418586434039911,-1.021987401155326,-2.2013579409585584,-2.372424850675329,0.0,0.0,0.0,0.0,0.0,0.0,0.0,0.0,0.0,0.0,0.0,0.0,0.0,0.0,0.0,0.0,0.0,0.0,0.0,0.0,0.0,0.0,0.0,0.0,0.0,1.0,0.0,0.0,1.0,0.0,0.0,0.0,0.0,0.0,0.0,1.0,0.0,0.0,1.0,0.0,0.0,0.0,0.0,92000.0,-1.1179617396507204
-0.06491841398858939,0.7798912482960303,0.09979959645509666,-0.5875274944619968,0.3137230450415921,0.7772367703207032,0.2059921720278468,0.29818073040869925,0.0,0.0,0.0,0.0,0.0,0.0,0.0,1.0,0.0,0.0,0.0,0.0,0.0,0.0,0.0,0.0,0.0,0.0,0.0,0.0,0.0,0.0,0.0,0.0,0.0,0.0,0.0,0.0,1.0,0.0,0.0,0.0,0.0,1.0,0.0,0.0,0.0,0.0,1.0,0.0,0.0,0.0,0.0,177500.0,-0.04904186850200364
-0.7656956092022585,0.01915822259621968,-0.3531622497908537,-1.2452408157152886,-0.426409318673699,-1.021987401155326,0.2059921720278468,-1.0371220601333149,0.0,0.0,0.0,0.0,0.0,0.0,0.0,1.0,0.0,0.0,0.0,0.0,0.0,0.0,0.0,0.0,0.0,0.0,0.0,0.0,0.0,0.0,0.0,0.0,0.0,0.0,0.0,1.0,0.0,0.0,0.0,0.0,0.0,0.0,1.0,0.0,0.0,0.0,0.0,1.0,0.0,0.0,0.0,119900.0,-0.7691563080127181
-0.06491841398858939,1.0444940398437905,-0.6624829474618966,-1.2765604976797311,-0.4616537169458557,-1.021987401155326,-2.2013579409585584,0.29818073040869925,0.0,0.0,0.0,0.0,0.0,0.0,0.0,1.0,0.0,0.0,0.0,0.0,0.0,0.0,0.0,0.0,0.0,0.0,0.0,0.0,0.0,0.0,0.0,0.0,0.0,0.0,0.0,0.0,1.0,0.0,0.0,0.0,0.0,1.0,0.0,0.0,0.0,0.0,1.0,0.0,0.0,0.0,0.0,131500.0,-0.6241332611668103
-0.7656956092022585,-1.6346092245772816,-0.6574487950585705,-0.9359589563164192,-0.0783708857361514,-1.021987401155326,-0.9976828844653559,-1.0371220601333149,0.0,0.0,0.0,0.0,0.0,0.0,0.0,0.0,0.0,1.0,0.0,0.0,0.0,0.0,0.0,0.0,0.0,0.0,0.0,0.0,0.0,0.0,0.0,0.0,0.0,0.0,0.0,1.0,0.0,0.0,0.0,0.0,0.0,0.0,0.0,0.0,1.0,0.0,0.0,0.0,0.0,1.0,0.0,89500.0,-1.149216706643373
0.6358587812250798,0.8129665972395004,0.02059559864276451,1.0508833683028997,-0.8493420979395796,0.7772367703207032,0.2059921720278468,0.29818073040869925,1.0,0.0,0.0,0.0,0.0,0.0,0.0,0.0,0.0,0.0,0.0,0.0,0.0,0.0,0.0,0.0,0.0,0.0,0.0,0.0,0.0,0.0,0.0,0.0,0.0,0.0,0.0,0.0,1.0,0.0,0.0,0.0,0.0,1.0,0.0,0.0,0.0,0.0,1.0,0.0,0.0,0.0,0.0,229000.0,0.5948104515466386
-0.7656956092022585,-0.21236922000807051,-0.1126416349652688,-0.4602912864814493,0.3555757679897782,0.7772367703207032,0.2059921720278468,0.29818073040869925,0.0,1.0,0.0,0.0,0.0,0.0,0.0,0.0,0.0,0.0,0.0,0.0,0.0,0.0,0.0,0.0,0.0,0.0,0.0,0.0,0.0,0.0,0.0,0.0,0.0,0.0,0.0,0.0,1.0,0.0,0.0,0.0,0.0,1.0,0.0,0.0,0.0,0.0,0.0,1.0,0.0,0.0,0.0,179900.0,-0.019037100189057205
-0.06491841398858939,0.2506856652005099,0.7479746858966961,0.16805983293017773,0.6705725775471789,0.7772367703207032,0.2059921720278468,0.29818073040869925,0.0,0.0,0.0,0.0,0.0,0.0,0.0,0.0,0.0,0.0,0.0,0.0,0.0,0.0,1.0,0.0,0.0,0.0,0.0,0.0,0.0,0.0,0.0,0.0,0.0,0.0,0.0,0.0,1.0,0.0,0.0,0.0,0.0,0.0,1.0,0.0,0.0,0.0,1.0,0.0,0.0,0.0,0.0,181000.0,-0.005284914712290088
2.037413171652418,0.18453496731356983,1.5902443179998724,2.826317839662232,-0.14004858271242565,0.7772367703207032,0.2059921720278468,1.6334835209507133,0.0,0.0,0.0,0.0,0.0,0.0,0.0,0.0,0.0,0.0,0.0,0.0,0.0,0.0,0.0,0.0,0.0,0.0,0.0,0.0,1.0,0.0,0.0,0.0,0.0,0.0,0.0,0.0,1.0,0.0,0.0,0.0,0.0,1.0,0.0,0.0,0.0,0.0,1.0,0.0,0.0,0.0,0.0,150000.0,-0.39284650542118155
-0.7656956092022585,-1.5684585266903417,-0.47286320693660994,-1.401839225537501,-0.6026313100344826,-1.021987401155326,-0.9976828844653559,-2.372424850675329,0.0,0.0,0.0,0.0,0.0,0.0,0.0,0.0,0.0,0.0,0.0,1.0,0.0,0.0,0.0,0.0,0.0,0.0,0.0,0.0,0.0,0.0,0.0,0.0,0.0,0.0,0.0,0.0,1.0,0.0,0.0,0.0,0.0,1.0,0.0,0.0,0.0,0.0,0.0,1.0,0.0,0.0,0.0,109500.0,-0.8991769707021526
2.037413171652418,1.1437200866742006,0.6602685640254131,2.1451147569356084,0.42165901475007206,2.5764609417967326,1.4096672285210494,1.6334835209507133,0.0,0.0,0.0,1.0,0.0,0.0,0.0,0.0,0.0,0.0,0.0,0.0,0.0,0.0,0.0,0.0,0.0,0.0,0.0,0.0,0.0,0.0,0.0,0.0,0.0,0.0,0.0,0.0,1.0,0.0,0.0,0.0,0.0,1.0,0.0,0.0,0.0,0.0,0.0,0.0,1.0,0.0,0.0,342643.0,2.0155737371250435
-0.06491841398858939,0.8460419461829704,0.3928991363820885,-0.05900786131203016,-0.5806035611143846,0.7772367703207032,0.2059921720278468,0.29818073040869925,0.0,0.0,0.0,0.0,0.0,0.0,0.0,0.0,0.0,0.0,0.0,0.0,0.0,1.0,0.0,0.0,0.0,0.0,0.0,0.0,0.0,0.0,0.0,0.0,0.0,0.0,0.0,0.0,1.0,0.0,0.0,0.0,0.0,0.0,1.0,0.0,0.0,0.0,1.0,0.0,0.0,0.0,0.0,177000.0,-0.055292861900534146
-0.06491841398858939,-0.4108213136688907,-0.1786449664755456,-0.5992723751986627,0.3005063956895333,-1.021987401155326,0.2059921720278468,-1.0371220601333149,0.0,1.0,0.0,0.0,0.0,0.0,0.0,0.0,0.0,0.0,0.0,0.0,0.0,0.0,0.0,0.0,0.0,0.0,0.0,0.0,0.0,0.0,0.0,0.0,0.0,0.0,0.0,0.0,1.0,0.0,0.0,0.0,0.0,0.0,1.0,0.0,0.0,0.0,0.0,1.0,0.0,0.0,0.0,148000.0,-0.4178504790153036
-0.7656956092022585,-0.24544456895154054,2.924630315041536,0.16022991243906712,1.2476995992537452,0.7772367703207032,1.4096672285210494,0.29818073040869925,0.0,0.0,0.0,0.0,0.0,0.0,1.0,0.0,0.0,0.0,0.0,0.0,0.0,0.0,0.0,0.0,0.0,0.0,0.0,0.0,0.0,0.0,0.0,0.0,0.0,0.0,0.0,0.0,1.0,0.0,0.0,0.0,0.0,0.0,1.0,0.0,0.0,0.0,0.0,1.0,0.0,0.0,0.0,190000.0,0.10723296646125904
-0.7656956092022585,-0.4438966626123607,0.368399594685901,0.8218581939379143,-0.012287638975857556,0.7772367703207032,1.4096672285210494,0.29818073040869925,0.0,0.0,0.0,0.0,0.0,1.0,0.0,0.0,0.0,0.0,0.0,0.0,0.0,0.0,0.0,0.0,0.0,0.0,0.0,0.0,0.0,0.0,0.0,0.0,0.0,0.0,0.0,0.0,1.0,0.0,0.0,0.0,0.0,1.0,0.0,0.0,0.0,0.0,0.0,1.0,0.0,0.0,0.0,172500.0,-0.11155180248730871
2.037413171652418,1.1106447377307307,-0.16868853172230044,0.35989288496238786,1.379866092774333,0.7772367703207032,-0.9976828844653559,0.29818073040869925,0.0,0.0,0.0,1.0,0.0,0.0,0.0,0.0,0.0,0.0,0.0,0.0,0.0,0.0,0.0,0.0,0.0,0.0,0.0,0.0,0.0,0.0,0.0,0.0,0.0,0.0,0.0,0.0,1.0,0.0,0.0,0.0,0.0,0.0,0.0,1.0,0.0,0.0,0.0,0.0,1.0,0.0,0.0,266000.0,1.057383963037896
-0.7656956092022585,-0.17929387106460049,0.14767997931339913,-0.9007243141064215,-0.038720937679975094,-1.021987401155326,0.2059921720278468,-1.0371220601333149,0.0,0.0,0.0,0.0,0.0,1.0,0.0,0.0,0.0,0.0,0.0,0.0,0.0,0.0,0.0,0.0,0.0,0.0,0.0,0.0,0.0,0.0,0.0,0.0,0.0,0.0,0.0,0.0,1.0,0.0,0.0,0.0,0.0,0.0,1.0,0.0,0.0,0.0,0.0,1.0,0.0,0.0,0.0,123000.0,-0.7304001489418289
0.6358587812250798,0.4822131078048001,-0.23692926430072223,-0.40156688279811964,-2.3296068253701616,0.7772367703207032,-0.9976828844653559,-1.0371220601333149,0.0,0.0,0.0,0.0,0.0,0.0,0.0,0.0,0.0,0.0,0.0,0.0,0.0,0.0,0.0,0.0,0.0,0.0,0.0,0.0,0.0,0.0,0.0,0.0,0.0,0.0,1.0,0.0,1.0,0.0,0.0,0.0,0.0,1.0,0.0,0.0,0.0,0.0,0.0,1.0,0.0,0.0,0.0,230000.0,0.6073124383436996
-0.06491841398858939,1.0775693887872606,-0.6621473373016749,-1.2765604976797311,-0.4616537169458557,-1.021987401155326,-2.2013579409585584,0.29818073040869925,0.0,0.0,0.0,0.0,0.0,0.0,0.0,1.0,0.0,0.0,0.0,0.0,0.0,0.0,0.0,0.0,0.0,0.0,0.0,0.0,0.0,0.0,0.0,0.0,0.0,0.0,0.0,0.0,1.0,0.0,0.0,0.0,0.0,1.0,0.0,0.0,0.0,0.0,1.0,0.0,0.0,0.0,0.0,144500.0,-0.4616074328050171
-2.167249999629597,-1.1054036414817612,0.9221563590517825,0.21503935587684145,-0.18850963033664114,0.7772367703207032,1.4096672285210494,-1.0371220601333149,0.0,0.0,0.0,0.0,0.0,0.0,0.0,0.0,0.0,0.0,0.0,0.0,1.0,0.0,0.0,0.0,0.0,0.0,0.0,0.0,0.0,0.0,0.0,0.0,0.0,0.0,0.0,0.0,1.0,0.0,0.0,0.0,0.0,0.0,0.0,0.0,1.0,0.0,0.0,1.0,0.0,0.0,0.0,124000.0,-0.7178981621447679
-0.7656956092022585,-1.733835271407692,-0.2077311803614303,0.03299370445851959,-0.5828063360063944,0.7772367703207032,0.2059921720278468,-2.372424850675329,0.0,0.0,0.0,0.0,0.0,0.0,0.0,0.0,0.0,0.0,0.0,0.0,0.0,0.0,0.0,0.0,0.0,0.0,0.0,1.0,0.0,0.0,0.0,0.0,0.0,0.0,0.0,0.0,1.0,0.0,0.0,0.0,0.0,0.0,0.0,0.0,1.0,0.0,0.0,1.0,0.0,0.0,0.0,115000.0,-0.8304160433183171
-0.7656956092022585,-0.11314317317766043,-0.23569869371324248,-0.5659952131114426,-0.23256512817683705,-1.021987401155326,0.2059921720278468,-1.0371220601333149,0.0,0.0,0.0,0.0,0.0,1.0,0.0,0.0,0.0,0.0,0.0,0.0,0.0,0.0,0.0,0.0,0.0,0.0,0.0,0.0,0.0,0.0,0.0,0.0,0.0,0.0,0.0,0.0,1.0,0.0,0.0,0.0,0.0,0.0,1.0,0.0,0.0,0.0,0.0,1.0,0.0,0.0,0.0,134000.0,-0.5928782941741577
-0.06491841398858939,-0.708499454160121,-0.2565065236469907,-0.7186786626880997,-0.5784007862223749,-1.021987401155326,0.2059921720278468,0.29818073040869925,0.0,1.0,0.0,0.0,0.0,0.0,0.0,0.0,0.0,0.0,0.0,0.0,0.0,0.0,0.0,0.0,0.0,0.0,0.0,0.0,0.0,0.0,0.0,0.0,0.0,0.0,0.0,1.0,0.0,0.0,0.0,0.0,0.0,0.0,1.0,0.0,0.0,0.0,0.0,1.0,0.0,0.0,0.0,128500.0,-0.6616392215579934
-0.06491841398858939,-1.3700064330295214,0.4310468245939603,0.5889180593273734,-0.7942727256393347,-1.021987401155326,0.2059921720278468,0.29818073040869925,0.0,0.0,0.0,0.0,0.0,0.0,0.0,0.0,0.0,0.0,0.0,0.0,0.0,0.0,0.0,0.0,1.0,0.0,0.0,0.0,0.0,0.0,0.0,0.0,0.0,0.0,0.0,0.0,1.0,0.0,0.0,0.0,0.0,0.0,1.0,0.0,0.0,0.0,0.0,1.0,0.0,0.0,0.0,210000.0,0.3572727024024793
-0.06491841398858939,-0.4438966626123607,4.4462867814869345,0.2933385607879476,1.2653217983898235,-1.021987401155326,-0.9976828844653559,0.29818073040869925,0.0,0.0,0.0,0.0,0.0,0.0,0.0,0.0,0.0,0.0,0.0,0.0,0.0,0.0,0.0,1.0,0.0,0.0,0.0,0.0,0.0,0.0,0.0,0.0,0.0,0.0,0.0,0.0,1.0,0.0,0.0,0.0,0.0,0.0,1.0,0.0,0.0,0.0,1.0,0.0,0.0,0.0,0.0,250764.0,0.8669036921978746
1.336635976438749,1.0775693887872606,0.02428731040520372,1.6283400045223078,0.19917875065708276,0.7772367703207032,1.4096672285210494,1.6334835209507133,0.0,0.0,0.0,1.0,0.0,0.0,0.0,0.0,0.0,0.0,0.0,0.0,0.0,0.0,0.0,0.0,0.0,0.0,0.0,0.0,0.0,0.0,0.0,0.0,0.0,0.0,0.0,0.0,0.0,1.0,0.0,0.0,0.0,0.0,0.0,1.0,0.0,0.0,0.0,0.0,1.0,0.0,0.0,316000.0,1.682483302890947
-0.7656956092022585,-0.21236922000807051,-0.05950335959682562,0.32074328250683476,-2.3296068253701616,0.7772367703207032,1.4096672285210494,-2.372424850675329,0.0,0.0,0.0,0.0,0.0,0.0,0.0,0.0,0.0,0.0,0.0,0.0,1.0,0.0,0.0,0.0,0.0,0.0,0.0,0.0,0.0,0.0,0.0,0.0,0.0,0.0,0.0,0.0,1.0,0.0,0.0,0.0,0.0,0.0,1.0,0.0,0.0,0.0,0.0,1.0,0.0,0.0,0.0,100000.0,-1.0179458452742323
0.6358587812250798,0.2837610141439799,0.4204191695202717,-0.05509290106647485,0.6926003264672768,0.7772367703207032,0.2059921720278468,0.29818073040869925,0.0,0.0,0.0,0.0,0.0,0.0,0.0,0.0,0.0,0.0,0.0,0.0,0.0,0.0,1.0,0.0,0.0,0.0,0.0,0.0,0.0,0.0,0.0,0.0,0.0,0.0,0.0,0.0,1.0,0.0,0.0,0.0,0.0,0.0,1.0,0.0,0.0,0.0,1.0,0.0,0.0,0.0,0.0,187500.0,0.0759779994686065
1.336635976438749,1.0775693887872606,-0.08568095209412184,1.904344701833957,0.1881648761970338,0.7772367703207032,1.4096672285210494,1.6334835209507133,0.0,0.0,0.0,1.0,0.0,0.0,0.0,0.0,0.0,0.0,0.0,0.0,0.0,0.0,0.0,0.0,0.0,0.0,0.0,0.0,0.0,0.0,0.0,0.0,0.0,0.0,0.0,0.0,0.0,1.0,0.0,0.0,0.0,1.0,0.0,0.0,0.0,0.0,0.0,0.0,1.0,0.0,0.0,317000.0,1.694985289688008
2.738190366866087,1.2098707845611407,0.34915794549985424,1.5578707201023123,1.463571538670705,0.7772367703207032,0.2059921720278468,1.6334835209507133,0.0,0.0,0.0,1.0,0.0,0.0,0.0,0.0,0.0,0.0,0.0,0.0,0.0,0.0,0.0,0.0,0.0,0.0,0.0,0.0,0.0,0.0,0.0,0.0,0.0,0.0,0.0,0.0,0.0,1.0,0.0,0.0,0.0,0.0,0.0,1.0,0.0,0.0,0.0,0.0,1.0,0.0,0.0,451950.0,3.3821284079513916
-0.06491841398858939,-1.0392529435948212,-0.487294443826145,-1.1375794089625177,-1.007941890164285,-1.021987401155326,0.2059921720278468,-1.0371220601333149,0.0,0.0,0.0,0.0,0.0,0.0,0.0,0.0,0.0,0.0,1.0,0.0,0.0,0.0,0.0,0.0,0.0,0.0,0.0,0.0,0.0,0.0,0.0,0.0,0.0,0.0,0.0,1.0,0.0,0.0,0.0,0.0,0.0,0.0,1.0,0.0,0.0,0.0,0.0,0.0,0.0,1.0,0.0,95000.0,-1.0804557792595373
-0.7656956092022585,1.0114186909003204,-0.03992610025055709,-0.2116913108886872,0.8445917940159526,0.7772367703207032,0.2059921720278468,1.6334835209507133,0.0,0.0,1.0,0.0,0.0,0.0,0.0,0.0,0.0,0.0,0.0,0.0,0.0,0.0,0.0,0.0,0.0,0.0,0.0,0.0,0.0,0.0,0.0,0.0,0.0,0.0,0.0,0.0,1.0,0.0,0.0,0.0,0.0,1.0,0.0,0.0,0.0,0.0,1.0,0.0,0.0,0.0,0.0,215000.0,0.4197826363877844
-0.06491841398858939,-1.6346092245772816,0.13078760124890457,2.0648580719017247,-1.0343751888684023,0.7772367703207032,0.2059921720278468,0.29818073040869925,0.0,0.0,0.0,0.0,0.0,0.0,0.0,0.0,0.0,0.0,0.0,0.0,0.0,0.0,0.0,0.0,1.0,0.0,0.0,0.0,0.0,0.0,0.0,0.0,0.0,0.0,0.0,1.0,0.0,0.0,0.0,0.0,0.0,0.0,1.0,0.0,0.0,0.0,0.0,0.0,1.0,0.0,0.0,191000.0,0.11973495325832005
-0.06491841398858939,0.9121926440699104,-0.31960123376867905,1.5637431604706453,-0.26340397666497417,2.5764609417967326,2.613342285014252,0.29818073040869925,0.0,0.0,0.0,0.0,0.0,0.0,0.0,0.0,0.0,0.0,0.0,0.0,0.0,1.0,0.0,0.0,0.0,0.0,0.0,0.0,0.0,0.0,0.0,0.0,0.0,0.0,0.0,0.0,1.0,0.0,0.0,0.0,0.0,0.0,1.0,0.0,0.0,0.0,1.0,0.0,0.0,0.0,0.0,204000.0,0.28226078162011325
-1.4664728044159276,-1.0061775946513511,-0.3256422166526705,-1.3940093050463904,-0.5938202104664434,-1.021987401155326,-0.9976828844653559,-2.372424850675329,0.0,0.0,0.0,0.0,0.0,0.0,0.0,0.0,0.0,0.0,0.0,1.0,0.0,0.0,0.0,0.0,0.0,0.0,0.0,0.0,0.0,0.0,0.0,0.0,0.0,0.0,0.0,0.0,1.0,0.0,0.0,0.0,0.0,0.0,1.0,0.0,0.0,0.0,0.0,1.0,0.0,0.0,0.0,100000.0,-1.0179458452742323
-0.06491841398858939,0.7798912482960303,0.3002707321608865,0.33444564336627836,-0.609239634710512,0.7772367703207032,0.2059921720278468,0.29818073040869925,0.0,0.0,0.0,0.0,0.0,0.0,0.0,0.0,0.0,0.0,0.0,0.0,0.0,1.0,0.0,0.0,0.0,0.0,0.0,0.0,0.0,0.0,0.0,0.0,0.0,0.0,0.0,0.0,1.0,0.0,0.0,0.0,0.0,0.0,1.0,0.0,0.0,0.0,1.0,0.0,0.0,0.0,0.0,170000.0,-0.14280676947996124
-0.7656956092022585,-0.708499454160121,1.2320364069898617,0.27376375956017107,-2.3296068253701616,-1.021987401155326,0.2059921720278468,0.29818073040869925,0.0,0.0,0.0,0.0,0.0,1.0,0.0,0.0,0.0,0.0,0.0,0.0,0.0,0.0,0.0,0.0,0.0,0.0,0.0,0.0,0.0,0.0,0.0,0.0,0.0,0.0,0.0,0.0,1.0,0.0,0.0,0.0,0.0,0.0,1.0,0.0,0.0,0.0,0.0,1.0,0.0,0.0,0.0,131000.0,-0.6303842545653409
0.6358587812250798,0.7137405504090902,-0.04686204356180651,0.8786251174984663,-0.016693188759877145,0.7772367703207032,0.2059921720278468,0.29818073040869925,1.0,0.0,0.0,0.0,0.0,0.0,0.0,0.0,0.0,0.0,0.0,0.0,0.0,0.0,0.0,0.0,0.0,0.0,0.0,0.0,0.0,0.0,0.0,0.0,0.0,0.0,0.0,0.0,1.0,0.0,0.0,0.0,0.0,1.0,0.0,0.0,0.0,0.0,1.0,0.0,0.0,0.0,0.0,236000.0,0.6823243591260657
-0.7656956092022585,1.1106447377307307,-0.37296324924393676,-0.18037162892424474,-0.7127700546349723,0.7772367703207032,0.2059921720278468,0.29818073040869925,0.0,0.0,0.0,0.0,0.0,0.0,0.0,0.0,0.0,0.0,0.0,0.0,1.0,0.0,0.0,0.0,0.0,0.0,0.0,0.0,0.0,0.0,0.0,0.0,0.0,0.0,0.0,0.0,0.0,1.0,0.0,0.0,0.0,0.0,1.0,0.0,0.0,0.0,1.0,0.0,0.0,0.0,0.0,171500.0,-0.12405378928436972
-0.7656956092022585,-0.5431227094427709,-0.08467412161345661,-0.6854015006008796,0.04498450821639711,-1.021987401155326,-0.9976828844653559,-1.0371220601333149,0.0,1.0,0.0,0.0,0.0,0.0,0.0,0.0,0.0,0.0,0.0,0.0,0.0,0.0,0.0,0.0,0.0,0.0,0.0,0.0,0.0,0.0,0.0,0.0,0.0,0.0,0.0,0.0,1.0,0.0,0.0,0.0,0.0,0.0,1.0,0.0,0.0,0.0,0.0,1.0,0.0,0.0,0.0,144000.0,-0.4678584262035476
-0.06491841398858939,1.0775693887872606,-0.6634897779425618,-1.2765604976797311,-0.4616537169458557,-1.021987401155326,-2.2013579409585584,0.29818073040869925,0.0,0.0,0.0,0.0,0.0,0.0,0.0,1.0,0.0,0.0,0.0,0.0,0.0,0.0,0.0,0.0,0.0,0.0,0.0,0.0,0.0,0.0,0.0,0.0,0.0,0.0,0.0,0.0,1.0,0.0,0.0,0.0,0.0,1.0,0.0,0.0,0.0,0.0,1.0,0.0,0.0,0.0,0.0,143000.0,-0.48036041300060867
0.6358587812250798,0.2506856652005099,0.137276064346525,0.4401495699962717,-1.1423111585768824,0.7772367703207032,0.2059921720278468,0.29818073040869925,0.0,0.0,0.0,0.0,0.0,0.0,0.0,0.0,0.0,0.0,0.0,0.0,0.0,0.0,1.0,0.0,0.0,0.0,0.0,0.0,0.0,0.0,0.0,0.0,0.0,0.0,0.0,0.0,1.0,0.0,0.0,0.0,0.0,0.0,1.0,0.0,0.0,0.0,0.0,1.0,0.0,0.0,0.0,197000.0,0.19474687404068614
0.6358587812250798,0.2506856652005099,1.4809472758209903,0.046696065317963165,0.604489330786885,-2.821211572631355,-3.4050329974517615,0.29818073040869925,0.0,0.0,0.0,0.0,0.0,0.0,1.0,0.0,0.0,0.0,0.0,0.0,0.0,0.0,0.0,0.0,0.0,0.0,0.0,0.0,0.0,0.0,0.0,0.0,0.0,0.0,0.0,0.0,1.0,0.0,0.0,0.0,0.0,1.0,0.0,0.0,0.0,0.0,1.0,0.0,0.0,0.0,0.0,260000.0,0.9823720422555301
0.6358587812250798,1.0775693887872606,-0.58753001167904,-0.7793605464942069,-1.1158778598727648,0.7772367703207032,-0.9976828844653559,0.29818073040869925,0.0,0.0,0.0,0.0,1.0,0.0,0.0,0.0,0.0,0.0,0.0,0.0,0.0,0.0,0.0,0.0,0.0,0.0,0.0,0.0,0.0,0.0,0.0,0.0,0.0,0.0,0.0,1.0,0.0,0.0,0.0,0.0,0.0,1.0,0.0,0.0,0.0,0.0,1.0,0.0,0.0,0.0,0.0,148800.0,-0.40784888957765475
-0.06491841398858939,0.18453496731356983,0.019365028055284776,-0.9711935985264171,-0.18190130566061177,-1.021987401155326,-0.9976828844653559,0.29818073040869925,0.0,0.0,1.0,0.0,0.0,0.0,0.0,0.0,0.0,0.0,0.0,0.0,0.0,0.0,0.0,0.0,0.0,0.0,0.0,0.0,0.0,0.0,0.0,0.0,0.0,0.0,0.0,0.0,1.0,0.0,0.0,0.0,0.0,0.0,1.0,0.0,0.0,0.0,1.0,0.0,0.0,0.0,0.0,135000.0,-0.5803763073770968
1.336635976438749,1.1106447377307307,-0.013077287432817376,1.1702896557923368,-0.06074868660007304,0.7772367703207032,0.2059921720278468,1.6334835209507133,0.0,0.0,0.0,1.0,0.0,0.0,0.0,0.0,0.0,0.0,0.0,0.0,0.0,0.0,0.0,0.0,0.0,0.0,0.0,0.0,0.0,0.0,0.0,0.0,0.0,0.0,0.0,0.0,1.0,0.0,0.0,0.0,0.0,0.0,0.0,1.0,0.0,0.0,1.0,0.0,0.0,0.0,0.0,275500.0,1.1761528376099757
-0.7656956092022585,-0.37774596472542066,-0.16387811942578875,-0.8517873110369801,0.01634843462026978,-1.021987401155326,0.2059921720278468,0.29818073040869925,0.0,1.0,0.0,0.0,0.0,0.0,0.0,0.0,0.0,0.0,0.0,0.0,0.0,0.0,0.0,0.0,0.0,0.0,0.0,0.0,0.0,0.0,0.0,0.0,0.0,0.0,0.0,1.0,0.0,0.0,0.0,0.0,0.0,0.0,1.0,0.0,0.0,0.0,0.0,1.0,0.0,0.0,0.0,126500.0,-0.6866431951521154
1.336635976438749,1.1437200866742006,0.07921550662816287,0.919732200076797,0.06040393246046567,0.7772367703207032,0.2059921720278468,1.6334835209507133,0.0,0.0,0.0,1.0,0.0,0.0,0.0,0.0,0.0,0.0,0.0,0.0,0.0,0.0,0.0,0.0,0.0,0.0,0.0,0.0,0.0,0.0,0.0,0.0,0.0,0.0,0.0,0.0,0.0,1.0,0.0,0.0,0.0,0.0,0.0,1.0,0.0,0.0,1.0,0.0,0.0,0.0,0.0,281000.0,1.2449137649938113
-0.06491841398858939,1.2098707845611407,-0.6868706191046768,-0.47790860758644815,0.19257042598105337,-1.021987401155326,-2.2013579409585584,0.29818073040869925,0.0,0.0,0.0,0.0,1.0,0.0,0.0,0.0,0.0,0.0,0.0,0.0,0.0,0.0,0.0,0.0,0.0,0.0,0.0,0.0,0.0,0.0,0.0,0.0,0.0,0.0,0.0,0.0,1.0,0.0,0.0,0.0,0.0,1.0,0.0,0.0,0.0,0.0,1.0,0.0,0.0,0.0,0.0,195000.0,0.16974290044656412
-0.06491841398858939,0.6475898525221502,-0.3559590011260349,-0.5542503323747767,0.3511702182057586,0.7772367703207032,-0.9976828844653559,0.29818073040869925,1.0,0.0,0.0,0.0,0.0,0.0,0.0,0.0,0.0,0.0,0.0,0.0,0.0,0.0,0.0,0.0,0.0,0.0,0.0,0.0,0.0,0.0,0.0,0.0,0.0,0.0,0.0,0.0,1.0,0.0,0.0,0.0,0.0,1.0,0.0,0.0,0.0,0.0,1.0,0.0,0.0,0.0,0.0,151000.0,-0.3803445186241205
-1.4664728044159276,-1.5353831777468716,-0.599276367286801,-1.4390313478702765,-0.6444840329826687,-1.021987401155326,-0.9976828844653559,-1.0371220601333149,0.0,0.0,0.0,0.0,0.0,0.0,0.0,0.0,0.0,0.0,0.0,1.0,0.0,0.0,0.0,0.0,0.0,0.0,0.0,0.0,0.0,0.0,0.0,0.0,0.0,0.0,0.0,1.0,0.0,0.0,0.0,0.0,0.0,1.0,0.0,0.0,0.0,0.0,0.0,1.0,0.0,0.0,0.0,87000.0,-1.1804716736360255
-0.7656956092022585,-1.866136667181572,0.25820759207976096,-0.16471178794202349,-0.39997601996958143,-1.021987401155326,1.4096672285210494,1.6334835209507133,0.0,0.0,0.0,0.0,0.0,0.0,0.0,0.0,0.0,1.0,0.0,0.0,0.0,0.0,0.0,0.0,0.0,0.0,0.0,0.0,0.0,0.0,0.0,0.0,0.0,0.0,0.0,1.0,0.0,0.0,0.0,0.0,0.0,0.0,1.0,0.0,0.0,0.0,0.0,1.0,0.0,0.0,0.0,153900.0,-0.34408875691264357
-0.7656956092022585,-0.17929387106460049,-0.06688678312170404,-0.8791920327558673,-0.014490413867867351,-1.021987401155326,0.2059921720278468,-1.0371220601333149,0.0,1.0,0.0,0.0,0.0,0.0,0.0,0.0,0.0,0.0,0.0,0.0,0.0,0.0,0.0,0.0,0.0,0.0,0.0,0.0,0.0,0.0,0.0,0.0,0.0,0.0,0.0,0.0,1.0,0.0,0.0,0.0,0.0,0.0,1.0,0.0,0.0,0.0,0.0,1.0,0.0,0.0,0.0,124400.0,-0.7128973674259436
-2.868027194843266,-1.6346092245772816,-0.25382164236521676,-1.9616785406519102,-1.232624929149284,-1.021987401155326,-2.2013579409585584,-1.0371220601333149,0.0,0.0,0.0,0.0,0.0,0.0,0.0,0.0,0.0,0.0,0.0,0.0,1.0,0.0,0.0,0.0,0.0,0.0,0.0,0.0,0.0,0.0,0.0,0.0,0.0,0.0,0.0,1.0,0.0,0.0,0.0,0.0,0.0,0.0,1.0,0.0,0.0,0.0,0.0,1.0,0.0,0.0,0.0,35000.0,-1.8305749870831982
-0.7656956092022585,-1.1715543393687013,-0.4739819074706824,0.07605826715962798,-0.28763450047708194,-1.021987401155326,0.2059921720278468,0.29818073040869925,0.0,0.0,0.0,0.0,0.0,0.0,0.0,0.0,0.0,0.0,0.0,1.0,0.0,0.0,0.0,0.0,0.0,0.0,0.0,0.0,0.0,0.0,0.0,0.0,0.0,0.0,0.0,1.0,0.0,0.0,0.0,0.0,0.0,0.0,1.0,0.0,0.0,0.0,0.0,1.0,0.0,0.0,0.0,141500.0,-0.4991133931962002
-0.7656956092022585,-0.6092734073297109,-0.11006862373690209,-0.6814865403553242,0.20798985022512192,-1.021987401155326,0.2059921720278468,0.29818073040869925,0.0,1.0,0.0,0.0,0.0,0.0,0.0,0.0,0.0,0.0,0.0,0.0,0.0,0.0,0.0,0.0,0.0,0.0,0.0,0.0,0.0,0.0,0.0,0.0,0.0,0.0,0.0,1.0,0.0,0.0,0.0,0.0,0.0,0.0,1.0,0.0,0.0,0.0,0.0,1.0,0.0,0.0,0.0,137500.0,-0.5491213403844443
-0.7656956092022585,0.2506856652005099,-0.3811297631426659,-1.147366809576406,-0.31627057407320924,-1.021987401155326,-0.9976828844653559,0.29818073040869925,0.0,0.0,0.0,0.0,0.0,0.0,0.0,1.0,0.0,0.0,0.0,0.0,0.0,0.0,0.0,0.0,0.0,0.0,0.0,0.0,0.0,0.0,0.0,0.0,0.0,0.0,0.0,0.0,1.0,0.0,0.0,0.0,0.0,0.0,1.0,0.0,0.0,0.0,0.0,1.0,0.0,0.0,0.0,134900.0,-0.5816265060568029
-0.06491841398858939,0.7137405504090902,-0.20996858142957525,0.3520629644712772,-0.37794827104948353,0.7772367703207032,0.2059921720278468,0.29818073040869925,1.0,0.0,0.0,0.0,0.0,0.0,0.0,0.0,0.0,0.0,0.0,0.0,0.0,0.0,0.0,0.0,0.0,0.0,0.0,0.0,0.0,0.0,0.0,0.0,0.0,0.0,0.0,0.0,1.0,0.0,0.0,0.0,0.0,1.0,0.0,0.0,0.0,0.0,1.0,0.0,0.0,0.0,0.0,163000.0,-0.23032067705938836
-0.7656956092022585,-0.5431227094427709,2.7176707162381257,-0.869404632141979,-0.0034765394078183766,-1.021987401155326,0.2059921720278468,0.29818073040869925,0.0,0.0,0.0,0.0,0.0,0.0,0.0,0.0,0.0,0.0,0.0,0.0,0.0,1.0,0.0,0.0,0.0,0.0,0.0,0.0,0.0,0.0,0.0,0.0,0.0,0.0,0.0,0.0,1.0,0.0,0.0,0.0,0.0,0.0,1.0,0.0,0.0,0.0,0.0,1.0,0.0,0.0,0.0,145000.0,-0.4553564394064866
-2.868027194843266,-0.807725500990531,-0.15179615365780588,-1.64456676076193,-2.3296068253701616,-1.021987401155326,-0.9976828844653559,-2.372424850675329,0.0,0.0,0.0,0.0,0.0,1.0,0.0,0.0,0.0,0.0,0.0,0.0,0.0,0.0,0.0,0.0,0.0,0.0,0.0,0.0,0.0,0.0,0.0,0.0,0.0,0.0,0.0,0.0,1.0,0.0,0.0,0.0,0.0,0.0,0.0,0.0,1.0,0.0,0.0,1.0,0.0,0.0,0.0,63900.0,-1.469267568648135
-0.7656956092022585,-0.14621852212113046,-0.00021223129098376435,-0.5601227727431096,0.3445618935297292,0.7772367703207032,0.2059921720278468,-1.0371220601333149,0.0,1.0,0.0,0.0,0.0,0.0,0.0,0.0,0.0,0.0,0.0,0.0,0.0,0.0,0.0,0.0,0.0,0.0,0.0,0.0,0.0,0.0,0.0,0.0,0.0,0.0,0.0,0.0,1.0,0.0,0.0,0.0,0.0,0.0,1.0,0.0,0.0,0.0,0.0,1.0,0.0,0.0,0.0,143000.0,-0.48036041300060867
-0.06491841398858939,-1.7007599224642218,-0.23424438301894823,-0.9555337575441958,-0.10039863465624935,-1.021987401155326,-0.9976828844653559,-1.0371220601333149,0.0,0.0,0.0,0.0,0.0,0.0,0.0,0.0,0.0,0.0,0.0,0.0,0.0,0.0,0.0,0.0,0.0,0.0,0.0,1.0,0.0,0.0,0.0,0.0,0.0,0.0,0.0,1.0,0.0,0.0,0.0,0.0,0.0,0.0,1.0,0.0,0.0,0.0,0.0,1.0,0.0,0.0,0.0,118400.0,-0.7879092882083096
0.6358587812250798,-0.11314317317766043,0.08984316170185151,1.1937794172656686,2.3182481967705053,0.7772367703207032,0.2059921720278468,0.29818073040869925,0.0,1.0,0.0,0.0,0.0,0.0,0.0,0.0,0.0,0.0,0.0,0.0,0.0,0.0,0.0,0.0,0.0,0.0,0.0,0.0,0.0,0.0,0.0,0.0,0.0,0.0,0.0,0.0,1.0,0.0,0.0,0.0,0.0,0.0,0.0,1.0,0.0,0.0,0.0,1.0,0.0,0.0,0.0,244000.0,0.7823402535025539
-0.06491841398858939,-0.11314317317766043,0.07753745582705415,0.4695117718379365,1.5032214867268814,-1.021987401155326,1.4096672285210494,0.29818073040869925,0.0,0.0,0.0,0.0,0.0,0.0,0.0,0.0,0.0,0.0,0.0,0.0,0.0,0.0,1.0,0.0,0.0,0.0,0.0,0.0,0.0,0.0,0.0,0.0,0.0,0.0,0.0,0.0,1.0,0.0,0.0,0.0,0.0,0.0,1.0,0.0,0.0,0.0,0.0,1.0,0.0,0.0,0.0,150000.0,-0.39284650542118155
0.6358587812250798,-2.031513411898922,0.1182581552672927,1.0156487260929021,-0.7259867039870311,-1.021987401155326,0.2059921720278468,0.29818073040869925,0.0,0.0,0.0,0.0,0.0,0.0,0.0,0.0,0.0,0.0,0.0,1.0,0.0,0.0,0.0,0.0,0.0,0.0,0.0,0.0,0.0,0.0,0.0,0.0,0.0,0.0,0.0,1.0,0.0,0.0,0.0,0.0,0.0,1.0,0.0,0.0,0.0,0.0,1.0,0.0,0.0,0.0,0.0,167500.0,-0.17406173647261378
-1.4664728044159276,-0.6092734073297109,-0.48740631387955224,-1.1043022468752977,-0.26780952644899375,-1.021987401155326,-0.9976828844653559,0.29818073040869925,0.0,0.0,0.0,0.0,0.0,0.0,0.0,0.0,0.0,1.0,0.0,0.0,0.0,0.0,0.0,0.0,0.0,0.0,0.0,0.0,0.0,0.0,0.0,0.0,0.0,0.0,0.0,1.0,0.0,0.0,0.0,0.0,0.0,0.0,1.0,0.0,0.0,0.0,0.0,0.0,0.0,1.0,0.0,93000.0,-1.1054597528536594
1.336635976438749,1.1437200866742006,-0.6272438806386132,0.24440155771850625,1.1353580797612455,0.7772367703207032,-0.9976828844653559,0.29818073040869925,0.0,0.0,0.0,0.0,0.0,0.0,0.0,0.0,0.0,0.0,0.0,0.0,0.0,0.0,0.0,0.0,1.0,0.0,0.0,0.0,0.0,0.0,0.0,0.0,0.0,0.0,0.0,0.0,1.0,0.0,0.0,0.0,0.0,1.0,0.0,0.0,0.0,0.0,1.0,0.0,0.0,0.0,0.0,235000.0,0.6698223723290047
-0.7656956092022585,-1.1715543393687013,-0.5746649555372063,-1.215878613873624,-0.501303665002032,-1.021987401155326,-0.9976828844653559,-1.0371220601333149,0.0,0.0,0.0,0.0,0.0,0.0,0.0,0.0,0.0,0.0,1.0,0.0,0.0,0.0,0.0,0.0,0.0,0.0,0.0,0.0,0.0,0.0,0.0,0.0,0.0,0.0,0.0,1.0,0.0,0.0,0.0,0.0,0.0,0.0,1.0,0.0,0.0,0.0,0.0,1.0,0.0,0.0,0.0,80000.0,-1.2679855812154526
-0.06491841398858939,0.9452679930133805,-0.24990619049596308,0.5869605792045958,-0.1664818814165432,0.7772367703207032,0.2059921720278468,0.29818073040869925,0.0,0.0,0.0,0.0,0.0,0.0,0.0,0.0,0.0,0.0,0.0,0.0,0.0,1.0,0.0,0.0,0.0,0.0,0.0,0.0,0.0,0.0,0.0,0.0,0.0,0.0,0.0,0.0,1.0,0.0,0.0,0.0,0.0,0.0,1.0,0.0,0.0,0.0,1.0,0.0,0.0,0.0,0.0,179000.0,-0.030288888306412118
2.738190366866087,1.1437200866742006,0.37197943639493297,2.82827531978501,0.7763057723636491,2.5764609417967326,0.2059921720278468,1.6334835209507133,0.0,0.0,0.0,0.0,0.0,0.0,0.0,0.0,0.0,0.0,0.0,0.0,0.0,0.0,0.0,0.0,0.0,0.0,0.0,0.0,0.0,0.0,0.0,1.0,0.0,0.0,0.0,0.0,0.0,1.0,0.0,0.0,0.0,1.0,0.0,0.0,0.0,0.0,0.0,0.0,1.0,0.0,0.0,438780.0,3.2174772418340982
-0.06491841398858939,0.08530892048315974,-0.26366620706505467,0.7376865486584752,0.05820115756845588,0.7772367703207032,1.4096672285210494,0.29818073040869925,0.0,0.0,0.0,0.0,0.0,0.0,0.0,0.0,0.0,0.0,0.0,0.0,0.0,0.0,1.0,0.0,0.0,0.0,0.0,0.0,0.0,0.0,0.0,0.0,0.0,0.0,0.0,0.0,1.0,0.0,0.0,0.0,0.0,0.0,1.0,0.0,0.0,0.0,0.0,1.0,0.0,0.0,0.0,178900.0,-0.031539086986118216
1.336635976438749,0.9783433419568505,-0.608225971559381,-0.31739523751868054,0.6177059801389437,0.7772367703207032,-0.9976828844653559,0.29818073040869925,0.0,0.0,0.0,0.0,0.0,0.0,0.0,0.0,0.0,0.0,0.0,0.0,0.0,0.0,0.0,0.0,0.0,0.0,0.0,0.0,0.0,0.0,0.0,1.0,0.0,0.0,0.0,0.0,1.0,0.0,0.0,0.0,0.0,1.0,0.0,0.0,0.0,0.0,1.0,0.0,0.0,0.0,0.0,213500.0,0.4010296561921929
0.6358587812250798,0.8791172951264404,-0.024264292773542254,0.3520629644712772,1.3049717464459998,0.7772367703207032,0.2059921720278468,0.29818073040869925,0.0,0.0,0.0,0.0,0.0,0.0,0.0,0.0,0.0,0.0,0.0,0.0,0.0,0.0,1.0,0.0,0.0,0.0,0.0,0.0,0.0,0.0,0.0,0.0,0.0,0.0,0.0,0.0,1.0,0.0,0.0,0.0,0.0,1.0,0.0,0.0,0.0,0.0,0.0,0.0,1.0,0.0,0.0,213250.0,0.3979041594929276
1.336635976438749,-1.3038557351425815,0.023839830191574728,2.401544653019481,-0.45063984248580674,0.7772367703207032,0.2059921720278468,0.29818073040869925,0.0,0.0,0.0,0.0,0.0,0.0,0.0,0.0,0.0,0.0,0.0,0.0,0.0,0.0,0.0,0.0,1.0,0.0,0.0,0.0,0.0,0.0,0.0,0.0,0.0,0.0,0.0,1.0,0.0,0.0,0.0,0.0,0.0,1.0,0.0,0.0,0.0,0.0,1.0,0.0,0.0,0.0,0.0,315000.0,1.669981316093886
0.6358587812250798,1.1437200866742006,0.31850555086626803,-0.08249762278536202,-0.9903196910282065,0.7772367703207032,0.2059921720278468,0.29818073040869925,0.0,0.0,0.0,0.0,0.0,0.0,0.0,0.0,0.0,0.0,0.0,0.0,0.0,1.0,0.0,0.0,0.0,0.0,0.0,0.0,0.0,0.0,0.0,0.0,0.0,0.0,0.0,0.0,0.0,1.0,0.0,0.0,0.0,1.0,0.0,0.0,0.0,0.0,1.0,0.0,0.0,0.0,0.0,168165.0,-0.1657479152525682
-0.7656956092022585,-0.4438966626123607,-0.1548166450998016,-0.875277072510312,-0.10920973422428853,-1.021987401155326,0.2059921720278468,0.29818073040869925,0.0,1.0,0.0,0.0,0.0,0.0,0.0,0.0,0.0,0.0,0.0,0.0,0.0,0.0,0.0,0.0,0.0,0.0,0.0,0.0,0.0,0.0,0.0,0.0,0.0,0.0,0.0,0.0,0.0,0.0,0.0,1.0,0.0,0.0,0.0,1.0,0.0,0.0,0.0,1.0,0.0,0.0,0.0,150000.0,-0.39284650542118155
1.336635976438749,0.7137405504090902,-0.5550876961909378,-0.3193527176414582,0.615503205246934,0.7772367703207032,-0.9976828844653559,0.29818073040869925,0.0,0.0,0.0,0.0,0.0,0.0,0.0,0.0,0.0,0.0,0.0,0.0,0.0,0.0,0.0,0.0,0.0,0.0,0.0,0.0,0.0,0.0,0.0,1.0,0.0,0.0,0.0,0.0,1.0,0.0,0.0,0.0,0.0,1.0,0.0,0.0,0.0,0.0,1.0,0.0,0.0,0.0,0.0,180000.0,-0.017786901509351104
0.6358587812250798,0.8791172951264404,-0.16029827771675678,0.438192089873494,-0.39116492040154227,0.7772367703207032,0.2059921720278468,0.29818073040869925,0.0,0.0,0.0,0.0,0.0,0.0,0.0,1.0,0.0,0.0,0.0,0.0,0.0,0.0,0.0,0.0,0.0,0.0,0.0,0.0,0.0,0.0,0.0,0.0,0.0,0.0,0.0,0.0,1.0,0.0,0.0,0.0,0.0,1.0,0.0,0.0,0.0,0.0,1.0,0.0,0.0,0.0,0.0,188000.0,0.08222899286713702
-0.06491841398858939,-0.34467061578195063,0.1250822285251349,0.14848503170240118,0.3313452441776705,-1.021987401155326,1.4096672285210494,0.29818073040869925,0.0,1.0,0.0,0.0,0.0,0.0,0.0,0.0,0.0,0.0,0.0,0.0,0.0,0.0,0.0,0.0,0.0,0.0,0.0,0.0,0.0,0.0,0.0,0.0,0.0,0.0,0.0,0.0,0.0,1.0,0.0,0.0,0.0,0.0,1.0,0.0,0.0,0.0,0.0,1.0,0.0,0.0,0.0,174500.0,-0.08654782889318668
-0.7656956092022585,-0.21236922000807051,-0.1327782445785736,-0.5601227727431096,0.3445618935297292,-1.021987401155326,-0.9976828844653559,0.29818073040869925,0.0,0.0,0.0,0.0,0.0,0.0,0.0,0.0,0.0,0.0,0.0,0.0,1.0,0.0,0.0,0.0,0.0,0.0,0.0,0.0,0.0,0.0,0.0,0.0,0.0,0.0,0.0,1.0,0.0,0.0,0.0,0.0,0.0,0.0,1.0,0.0,0.0,0.0,0.0,1.0,0.0,0.0,0.0,140000.0,-0.5178663733917916
-0.06491841398858939,-0.14621852212113046,0.011086644103148365,0.6437275027651477,1.699268452115753,0.7772367703207032,1.4096672285210494,0.29818073040869925,0.0,0.0,0.0,0.0,0.0,0.0,0.0,0.0,0.0,0.0,0.0,0.0,0.0,0.0,1.0,0.0,0.0,0.0,0.0,0.0,0.0,0.0,0.0,0.0,0.0,0.0,0.0,0.0,1.0,0.0,0.0,0.0,0.0,0.0,1.0,0.0,0.0,0.0,0.0,1.0,0.0,0.0,0.0,218500.0,0.46353959017749796
-1.4664728044159276,-1.965362714011982,-0.4645848229844735,1.428677031998987,-0.5784007862223749,-1.021987401155326,2.613342285014252,-1.0371220601333149,0.0,0.0,0.0,0.0,0.0,0.0,0.0,0.0,0.0,0.0,1.0,0.0,0.0,0.0,0.0,0.0,0.0,0.0,0.0,0.0,0.0,0.0,0.0,0.0,0.0,0.0,0.0,1.0,0.0,0.0,0.0,0.0,0.0,0.0,1.0,0.0,0.0,0.0,0.0,1.0,0.0,0.0,0.0,118500.0,-0.7866590895286035
-0.06491841398858939,-0.3115952668384806,-0.21891818570215515,0.07214330691407267,0.5758532571907576,-1.021987401155326,0.2059921720278468,0.29818073040869925,0.0,1.0,0.0,0.0,0.0,0.0,0.0,0.0,0.0,0.0,0.0,0.0,0.0,0.0,0.0,0.0,0.0,0.0,0.0,0.0,0.0,0.0,0.0,0.0,0.0,0.0,0.0,0.0,1.0,0.0,0.0,0.0,0.0,1.0,0.0,0.0,0.0,0.0,0.0,1.0,0.0,0.0,0.0,174000.0,-0.0927988222917172
-0.7656956092022585,-1.5353831777468716,0.6634009255208161,-0.29194799592257104,-0.3449066476693366,-1.021987401155326,0.2059921720278468,0.29818073040869925,0.0,0.0,0.0,0.0,0.0,0.0,0.0,0.0,0.0,0.0,0.0,0.0,1.0,0.0,0.0,0.0,0.0,0.0,0.0,0.0,0.0,0.0,0.0,0.0,0.0,0.0,0.0,1.0,0.0,0.0,0.0,0.0,0.0,0.0,1.0,0.0,0.0,0.0,0.0,1.0,0.0,0.0,0.0,122000.0,-0.74290213573889
0.6358587812250798,0.6145145035786802,1.150881583073323e-05,-0.11381730474980448,-0.32508167364124846,0.7772367703207032,0.2059921720278468,0.29818073040869925,1.0,0.0,0.0,0.0,0.0,0.0,0.0,0.0,0.0,0.0,0.0,0.0,0.0,0.0,0.0,0.0,0.0,0.0,0.0,0.0,0.0,0.0,0.0,0.0,0.0,0.0,0.0,0.0,1.0,0.0,0.0,0.0,0.0,1.0,0.0,0.0,0.0,0.0,1.0,0.0,0.0,0.0,0.0,179900.0,-0.019037100189057205
-0.06491841398858939,0.1514596183700998,-0.9004305510591148,0.09367558826462687,-0.5585758121942866,0.7772367703207032,0.2059921720278468,0.29818073040869925,0.0,0.0,0.0,0.0,0.0,0.0,0.0,0.0,0.0,0.0,0.0,0.0,0.0,0.0,0.0,0.0,0.0,0.0,1.0,0.0,0.0,0.0,0.0,0.0,0.0,0.0,0.0,1.0,0.0,0.0,0.0,0.0,0.0,1.0,0.0,0.0,0.0,0.0,1.0,0.0,0.0,0.0,0.0,155000.0,-0.33033657143587647
-0.7656956092022585,-0.5100473604993008,-0.17976366700961807,-0.5836125342164415,0.3181285948256117,-1.021987401155326,0.2059921720278468,-1.0371220601333149,0.0,1.0,0.0,0.0,0.0,0.0,0.0,0.0,0.0,0.0,0.0,0.0,0.0,0.0,0.0,0.0,0.0,0.0,0.0,0.0,0.0,0.0,0.0,0.0,0.0,0.0,0.0,0.0,1.0,0.0,0.0,0.0,0.0,0.0,1.0,0.0,0.0,0.0,0.0,1.0,0.0,0.0,0.0,120000.0,-0.767906109333012
-0.7656956092022585,-0.5100473604993008,-0.08791835316226682,-0.836127470054759,0.03397063375634814,-1.021987401155326,-0.9976828844653559,-1.0371220601333149,0.0,0.0,0.0,0.0,0.0,0.0,0.0,0.0,0.0,0.0,0.0,0.0,1.0,0.0,0.0,0.0,0.0,0.0,0.0,0.0,0.0,0.0,0.0,0.0,0.0,0.0,0.0,0.0,1.0,0.0,0.0,0.0,0.0,0.0,1.0,0.0,0.0,0.0,0.0,1.0,0.0,0.0,0.0,121500.0,-0.7491531291374205
-1.4664728044159276,-0.04699247529072038,-0.9467447531697158,-0.7989353477219835,-1.1268917343328138,-1.021987401155326,0.2059921720278468,-1.0371220601333149,0.0,0.0,0.0,0.0,0.0,0.0,0.0,0.0,0.0,0.0,0.0,0.0,0.0,0.0,0.0,0.0,0.0,0.0,0.0,0.0,0.0,0.0,0.0,0.0,0.0,1.0,0.0,0.0,0.0,0.0,0.0,0.0,1.0,0.0,1.0,0.0,0.0,0.0,0.0,1.0,0.0,0.0,0.0,71000.0,-1.3805034623890018
-0.7656956092022585,0.1514596183700998,0.1278789798603161,0.3520629644712772,1.3710549932062936,0.7772367703207032,1.4096672285210494,0.29818073040869925,0.0,0.0,0.0,0.0,0.0,0.0,0.0,0.0,0.0,0.0,0.0,0.0,0.0,0.0,1.0,0.0,0.0,0.0,0.0,0.0,0.0,0.0,0.0,0.0,0.0,0.0,0.0,1.0,0.0,0.0,0.0,0.0,0.0,0.0,1.0,0.0,0.0,0.0,0.0,1.0,0.0,0.0,0.0,136905.0,-0.5565600225286955
-0.06491841398858939,-0.24544456895154054,-0.06677491306829679,0.6867920654662562,-0.5189258641381104,0.7772367703207032,0.2059921720278468,0.29818073040869925,0.0,1.0,0.0,0.0,0.0,0.0,0.0,0.0,0.0,0.0,0.0,0.0,0.0,0.0,0.0,0.0,0.0,0.0,0.0,0.0,0.0,0.0,0.0,0.0,0.0,0.0,0.0,0.0,1.0,0.0,0.0,0.0,0.0,1.0,0.0,0.0,0.0,0.0,0.0,1.0,0.0,0.0,0.0,187000.0,0.069727006070076
0.6358587812250798,1.1437200866742006,-0.8003068532596271,-0.6951889012147678,0.19257042598105337,0.7772367703207032,-0.9976828844653559,0.29818073040869925,0.0,0.0,0.0,0.0,0.0,0.0,0.0,0.0,0.0,0.0,0.0,0.0,0.0,0.0,0.0,0.0,0.0,0.0,0.0,0.0,0.0,0.0,0.0,0.0,1.0,0.0,0.0,0.0,1.0,0.0,0.0,0.0,0.0,1.0,0.0,0.0,0.0,0.0,1.0,0.0,0.0,0.0,0.0,160000.0,-0.2678266374505714
-0.06491841398858939,0.7137405504090902,0.1405202958953352,0.6261101816601489,-0.426409318673699,0.7772367703207032,0.2059921720278468,0.29818073040869925,1.0,0.0,0.0,0.0,0.0,0.0,0.0,0.0,0.0,0.0,0.0,0.0,0.0,0.0,0.0,0.0,0.0,0.0,0.0,0.0,0.0,0.0,0.0,0.0,0.0,0.0,0.0,0.0,1.0,0.0,0.0,0.0,0.0,1.0,0.0,0.0,0.0,0.0,1.0,0.0,0.0,0.0,0.0,191750.0,0.12911144335611582
-0.06491841398858939,0.21761031625703986,-0.8941658280683089,0.09367558826462687,-0.5585758121942866,0.7772367703207032,0.2059921720278468,0.29818073040869925,0.0,0.0,0.0,0.0,0.0,0.0,0.0,0.0,0.0,0.0,0.0,0.0,0.0,0.0,0.0,0.0,0.0,0.0,1.0,0.0,0.0,0.0,0.0,0.0,0.0,0.0,0.0,1.0,0.0,0.0,0.0,0.0,0.0,0.0,1.0,0.0,0.0,0.0,1.0,0.0,0.0,0.0,0.0,147000.0,-0.4303524658123646
-0.7656956092022585,-0.11314317317766043,-0.21332468303179272,-1.1571542101902943,-0.3867593706175227,-1.021987401155326,0.2059921720278468,-1.0371220601333149,0.0,0.0,0.0,0.0,0.0,1.0,0.0,0.0,0.0,0.0,0.0,0.0,0.0,0.0,0.0,0.0,0.0,0.0,0.0,0.0,0.0,0.0,0.0,0.0,0.0,0.0,0.0,0.0,1.0,0.0,0.0,0.0,0.0,0.0,1.0,0.0,0.0,0.0,0.0,1.0,0.0,0.0,0.0,116000.0,-0.817914056521256
0.6358587812250798,-0.34467061578195063,0.19746215307962486,-0.9809809991403053,-0.25018732731291543,-1.021987401155326,0.2059921720278468,0.29818073040869925,0.0,1.0,0.0,0.0,0.0,0.0,0.0,0.0,0.0,0.0,0.0,0.0,0.0,0.0,0.0,0.0,0.0,0.0,0.0,0.0,0.0,0.0,0.0,0.0,0.0,0.0,0.0,0.0,1.0,0.0,0.0,0.0,0.0,0.0,0.0,1.0,0.0,0.0,0.0,1.0,0.0,0.0,0.0,178400.0,-0.037790080384648726
-0.7656956092022585,-0.11314317317766043,0.1338080926909003,-0.6677841794958806,-0.014490413867867351,-1.021987401155326,0.2059921720278468,-1.0371220601333149,0.0,0.0,0.0,0.0,0.0,1.0,0.0,0.0,0.0,0.0,0.0,0.0,0.0,0.0,0.0,0.0,0.0,0.0,0.0,0.0,0.0,0.0,0.0,0.0,0.0,0.0,0.0,0.0,1.0,0.0,0.0,0.0,0.0,0.0,1.0,0.0,0.0,0.0,0.0,1.0,0.0,0.0,0.0,158000.0,-0.29283061104469343
-0.7656956092022585,-0.3115952668384806,-0.3755362604723035,-0.9300865159480863,-0.07176256106012202,-1.021987401155326,0.2059921720278468,-2.372424850675329,0.0,1.0,0.0,0.0,0.0,0.0,0.0,0.0,0.0,0.0,0.0,0.0,0.0,0.0,0.0,0.0,0.0,0.0,0.0,0.0,0.0,0.0,0.0,0.0,0.0,0.0,0.0,0.0,1.0,0.0,0.0,0.0,0.0,0.0,1.0,0.0,0.0,0.0,0.0,1.0,0.0,0.0,0.0,124000.0,-0.7178981621447679
2.037413171652418,1.0775693887872606,-0.17036658252340917,1.4169321512623212,0.8908500667481584,0.7772367703207032,1.4096672285210494,1.6334835209507133,0.0,0.0,0.0,1.0,0.0,0.0,0.0,0.0,0.0,0.0,0.0,0.0,0.0,0.0,0.0,0.0,0.0,0.0,0.0,0.0,0.0,0.0,0.0,0.0,0.0,0.0,0.0,0.0,1.0,0.0,0.0,0.0,0.0,0.0,0.0,1.0,0.0,0.0,0.0,0.0,1.0,0.0,0.0,350000.0,2.1075508539910213
-0.7656956092022585,-1.1054036414817612,-0.45328594759034135,-1.0690676046652998,-0.3030539247211505,-1.021987401155326,-0.9976828844653559,-1.0371220601333149,0.0,0.0,0.0,0.0,0.0,0.0,0.0,0.0,0.0,0.0,0.0,0.0,0.0,0.0,0.0,0.0,1.0,0.0,0.0,0.0,0.0,0.0,0.0,0.0,0.0,0.0,0.0,0.0,0.0,0.0,1.0,0.0,0.0,0.0,0.0,0.0,1.0,0.0,0.0,0.0,0.0,1.0,0.0,119750.0,-0.7710316060322773
0.6358587812250798,1.0444940398437905,-0.24945871028233407,0.2992110011562806,-0.5409536130582083,0.7772367703207032,0.2059921720278468,0.29818073040869925,0.0,0.0,0.0,0.0,1.0,0.0,0.0,0.0,0.0,0.0,0.0,0.0,0.0,0.0,0.0,0.0,0.0,0.0,0.0,0.0,0.0,0.0,0.0,0.0,0.0,0.0,0.0,0.0,1.0,0.0,0.0,0.0,0.0,1.0,0.0,0.0,0.0,0.0,1.0,0.0,0.0,0.0,0.0,209000.0,0.34477071560541833
1.336635976438749,0.6145145035786802,-0.5860757009847457,-0.35067239960590063,0.5604338329466891,-1.021987401155326,-2.2013579409585584,0.29818073040869925,0.0,0.0,0.0,0.0,0.0,0.0,0.0,0.0,0.0,0.0,0.0,0.0,0.0,0.0,0.0,0.0,0.0,0.0,0.0,0.0,0.0,0.0,0.0,1.0,0.0,0.0,0.0,0.0,1.0,0.0,0.0,0.0,0.0,1.0,0.0,0.0,0.0,0.0,1.0,0.0,0.0,0.0,0.0,212000.0,0.38227667599660137
1.336635976438749,1.2098707845611407,-0.24968245038914857,0.6574298636245913,1.7146878763598217,0.7772367703207032,0.2059921720278468,0.29818073040869925,0.0,0.0,0.0,0.0,1.0,0.0,0.0,0.0,0.0,0.0,0.0,0.0,0.0,0.0,0.0,0.0,0.0,0.0,0.0,0.0,0.0,0.0,0.0,0.0,0.0,0.0,0.0,0.0,1.0,0.0,0.0,0.0,0.0,1.0,0.0,0.0,0.0,0.0,1.0,0.0,0.0,0.0,0.0,264500.0,1.0386309828423046
-0.06491841398858939,1.1106447377307307,-0.7475041880514057,-0.8380849501775366,-1.124688959440804,-1.021987401155326,-0.9976828844653559,0.29818073040869925,0.0,0.0,0.0,0.0,0.0,0.0,0.0,0.0,0.0,0.0,0.0,0.0,1.0,0.0,0.0,0.0,0.0,0.0,0.0,0.0,0.0,0.0,0.0,0.0,0.0,0.0,0.0,0.0,0.0,0.0,1.0,0.0,0.0,0.0,1.0,0.0,0.0,0.0,1.0,0.0,0.0,0.0,0.0,148000.0,-0.4178504790153036
0.6358587812250798,1.1106447377307307,0.37969847008003316,1.3934423897889894,1.4151104910464896,0.7772367703207032,0.2059921720278468,1.6334835209507133,0.0,0.0,0.0,0.0,0.0,0.0,0.0,0.0,0.0,0.0,0.0,0.0,0.0,1.0,0.0,0.0,0.0,0.0,0.0,0.0,0.0,0.0,0.0,0.0,0.0,0.0,0.0,0.0,1.0,0.0,0.0,0.0,0.0,1.0,0.0,0.0,0.0,0.0,1.0,0.0,0.0,0.0,0.0,309000.0,1.5949693953115198
0.6358587812250798,1.1437200866742006,-0.15291485419187836,-0.004198417874255843,0.9701499628605109,0.7772367703207032,-0.9976828844653559,0.29818073040869925,0.0,0.0,0.0,0.0,0.0,0.0,0.0,1.0,0.0,0.0,0.0,0.0,0.0,0.0,0.0,0.0,0.0,0.0,0.0,0.0,0.0,0.0,0.0,0.0,0.0,0.0,0.0,0.0,1.0,0.0,0.0,0.0,0.0,1.0,0.0,0.0,0.0,0.0,1.0,0.0,0.0,0.0,0.0,204900.0,0.29351256973746814
-0.7656956092022585,0.18453496731356983,-0.11980131838333273,-0.45441884611311634,0.46351173769825815,-1.021987401155326,0.2059921720278468,-1.0371220601333149,0.0,0.0,0.0,0.0,0.0,0.0,0.0,1.0,0.0,0.0,0.0,0.0,0.0,0.0,0.0,0.0,0.0,0.0,0.0,0.0,0.0,0.0,0.0,0.0,0.0,0.0,0.0,1.0,0.0,0.0,0.0,0.0,0.0,1.0,0.0,0.0,0.0,0.0,1.0,0.0,0.0,0.0,0.0,143500.0,-0.47410941960207814
0.6358587812250798,0.8460419461829704,0.29635528029163277,1.440421912735653,-0.20613182947271952,0.7772367703207032,1.4096672285210494,0.29818073040869925,0.0,0.0,0.0,0.0,0.0,0.0,0.0,0.0,0.0,0.0,0.0,0.0,0.0,1.0,0.0,0.0,0.0,0.0,0.0,0.0,0.0,0.0,0.0,0.0,0.0,0.0,0.0,0.0,0.0,1.0,0.0,0.0,0.0,1.0,0.0,0.0,0.0,0.0,1.0,0.0,0.0,0.0,0.0,222000.0,0.5072965439672115
0.6358587812250798,1.1437200866742006,0.20932037874079323,0.4695117718379365,1.4613687637786952,0.7772367703207032,1.4096672285210494,1.6334835209507133,0.0,0.0,0.0,1.0,0.0,0.0,0.0,0.0,0.0,0.0,0.0,0.0,0.0,0.0,0.0,0.0,0.0,0.0,0.0,0.0,0.0,0.0,0.0,0.0,0.0,0.0,0.0,0.0,1.0,0.0,0.0,0.0,0.0,1.0,0.0,0.0,0.0,0.0,0.0,0.0,1.0,0.0,0.0,293000.0,1.3949376065585435
-0.7656956092022585,-0.47697201155583074,0.23258934984950097,0.6339401021512594,1.688254577655704,0.7772367703207032,2.613342285014252,0.29818073040869925,0.0,1.0,0.0,0.0,0.0,0.0,0.0,0.0,0.0,0.0,0.0,0.0,0.0,0.0,0.0,0.0,0.0,0.0,0.0,0.0,0.0,0.0,0.0,0.0,0.0,0.0,0.0,1.0,0.0,0.0,0.0,0.0,0.0,0.0,1.0,0.0,0.0,0.0,0.0,1.0,0.0,0.0,0.0,146000.0,-0.4428544526094256
-0.7656956092022585,-0.708499454160121,-0.3531622497908537,-0.8850644731242002,-2.3296068253701616,-1.021987401155326,0.2059921720278468,0.29818073040869925,0.0,1.0,0.0,0.0,0.0,0.0,0.0,0.0,0.0,0.0,0.0,0.0,0.0,0.0,0.0,0.0,0.0,0.0,0.0,0.0,0.0,0.0,0.0,0.0,0.0,0.0,0.0,1.0,0.0,0.0,0.0,0.0,0.0,0.0,1.0,0.0,0.0,0.0,0.0,1.0,0.0,0.0,0.0,98300.0,-1.039199222829236
1.336635976438749,0.8791172951264404,-0.07796191840902168,0.9314770808134629,-0.029909838111935916,0.7772367703207032,0.2059921720278468,1.6334835209507133,0.0,0.0,0.0,0.0,0.0,0.0,0.0,0.0,1.0,0.0,0.0,0.0,0.0,0.0,0.0,0.0,0.0,0.0,0.0,0.0,0.0,0.0,0.0,0.0,0.0,0.0,0.0,0.0,1.0,0.0,0.0,0.0,0.0,1.0,0.0,0.0,0.0,0.0,1.0,0.0,0.0,0.0,0.0,286000.0,1.3074236989791164
1.336635976438749,0.6806652014656203,-0.035339428060859886,0.812070793324026,-0.32948722342526804,0.7772367703207032,0.2059921720278468,0.29818073040869925,1.0,0.0,0.0,0.0,0.0,0.0,0.0,0.0,0.0,0.0,0.0,0.0,0.0,0.0,0.0,0.0,0.0,0.0,0.0,0.0,0.0,0.0,0.0,0.0,0.0,0.0,0.0,0.0,1.0,0.0,0.0,0.0,0.0,1.0,0.0,0.0,0.0,0.0,1.0,0.0,0.0,0.0,0.0,220000.0,0.4822925703730895
-1.4664728044159276,-0.47697201155583074,-0.4241997337044567,-0.836127470054759,0.03397063375634814,-1.021987401155326,0.2059921720278468,0.29818073040869925,0.0,0.0,0.0,0.0,0.0,0.0,0.0,0.0,0.0,0.0,0.0,0.0,0.0,0.0,0.0,0.0,0.0,0.0,0.0,1.0,0.0,0.0,0.0,0.0,0.0,0.0,0.0,1.0,0.0,0.0,0.0,0.0,0.0,0.0,1.0,0.0,0.0,0.0,0.0,1.0,0.0,0.0,0.0,140000.0,-0.5178663733917916
-0.06491841398858939,0.2506856652005099,0.004821921112342431,-0.2880330356770157,0.44368676367017,0.7772367703207032,-0.9976828844653559,0.29818073040869925,0.0,0.0,0.0,0.0,0.0,0.0,0.0,0.0,0.0,0.0,0.0,0.0,0.0,0.0,1.0,0.0,0.0,0.0,0.0,0.0,0.0,0.0,0.0,0.0,0.0,0.0,0.0,0.0,1.0,0.0,0.0,0.0,0.0,0.0,1.0,0.0,0.0,0.0,1.0,0.0,0.0,0.0,0.0,192350.0,0.13661263543435243
-0.7656956092022585,-0.14621852212113046,-0.28604021774650445,-1.1767290114180708,-0.426409318673699,-1.021987401155326,0.2059921720278468,-1.0371220601333149,0.0,0.0,0.0,0.0,0.0,1.0,0.0,0.0,0.0,0.0,0.0,0.0,0.0,0.0,0.0,0.0,0.0,0.0,0.0,0.0,0.0,0.0,0.0,0.0,0.0,0.0,0.0,0.0,1.0,0.0,0.0,0.0,0.0,1.0,0.0,0.0,0.0,0.0,0.0,1.0,0.0,0.0,0.0,130000.0,-0.6428862413624018
-1.4664728044159276,-0.013917126347250347,-0.23077641136332352,-1.2295809747330675,-0.43962596802575776,-1.021987401155326,0.2059921720278468,2.9687863114927273,0.0,1.0,0.0,0.0,0.0,0.0,0.0,0.0,0.0,0.0,0.0,0.0,0.0,0.0,0.0,0.0,0.0,0.0,0.0,0.0,0.0,0.0,0.0,0.0,0.0,0.0,0.0,1.0,0.0,0.0,0.0,0.0,0.0,0.0,1.0,0.0,0.0,0.0,0.0,1.0,0.0,0.0,0.0,123000.0,-0.7304001489418289
-0.06491841398858939,0.9452679930133805,-0.01072801631126515,0.5713007382223745,-0.26780952644899375,0.7772367703207032,0.2059921720278468,0.29818073040869925,0.0,0.0,0.0,0.0,0.0,0.0,0.0,0.0,0.0,0.0,0.0,0.0,0.0,1.0,0.0,0.0,0.0,0.0,0.0,0.0,0.0,0.0,0.0,0.0,0.0,0.0,0.0,0.0,1.0,0.0,0.0,0.0,0.0,0.0,1.0,0.0,0.0,0.0,1.0,0.0,0.0,0.0,0.0,186500.0,0.0634760126715455
-0.06491841398858939,0.9783433419568505,-0.6985051046590307,-0.3193527176414582,0.615503205246934,0.7772367703207032,-0.9976828844653559,0.29818073040869925,0.0,1.0,0.0,0.0,0.0,0.0,0.0,0.0,0.0,0.0,0.0,0.0,0.0,0.0,0.0,0.0,0.0,0.0,0.0,0.0,0.0,0.0,0.0,0.0,0.0,0.0,0.0,0.0,1.0,0.0,0.0,0.0,0.0,1.0,0.0,0.0,0.0,0.0,1.0,0.0,0.0,0.0,0.0,155000.0,-0.33033657143587647
-0.06491841398858939,0.11838426942662977,-0.2815654156102145,-0.9555337575441958,-0.17969853076860196,0.7772367703207032,1.4096672285210494,-2.372424850675329,0.0,0.0,0.0,0.0,0.0,0.0,0.0,0.0,0.0,0.0,0.0,0.0,1.0,0.0,0.0,0.0,0.0,0.0,0.0,0.0,0.0,0.0,0.0,0.0,0.0,0.0,0.0,0.0,1.0,0.0,0.0,0.0,0.0,0.0,1.0,0.0,0.0,0.0,1.0,0.0,0.0,0.0,0.0,127500.0,-0.6741412083550543
0.6358587812250798,0.5152884567482701,0.18157660549579552,-0.13143462585480337,0.8269695948798743,-1.021987401155326,-2.2013579409585584,0.29818073040869925,1.0,0.0,0.0,0.0,0.0,0.0,0.0,0.0,0.0,0.0,0.0,0.0,0.0,0.0,0.0,0.0,0.0,0.0,0.0,0.0,0.0,0.0,0.0,0.0,0.0,0.0,0.0,0.0,1.0,0.0,0.0,0.0,0.0,1.0,0.0,0.0,0.0,0.0,1.0,0.0,0.0,0.0,0.0,270000.0,1.1073919102261403
2.037413171652418,1.1437200866742006,0.4747880154761946,0.6613448238701466,1.7190934261438413,0.7772367703207032,-0.9976828844653559,1.6334835209507133,0.0,0.0,0.0,0.0,0.0,0.0,0.0,0.0,0.0,0.0,0.0,0.0,0.0,0.0,0.0,1.0,0.0,0.0,0.0,0.0,0.0,0.0,0.0,0.0,0.0,0.0,0.0,0.0,1.0,0.0,0.0,0.0,0.0,0.0,0.0,1.0,0.0,0.0,0.0,0.0,1.0,0.0,0.0,315000.0,1.669981316093886
-0.7656956092022585,-1.4361571309164616,-0.36311868454409885,-0.6991038614603231,-0.10920973422428853,-1.021987401155326,-0.9976828844653559,-1.0371220601333149,0.0,0.0,0.0,0.0,0.0,0.0,0.0,0.0,0.0,0.0,0.0,1.0,0.0,0.0,0.0,0.0,0.0,0.0,0.0,0.0,0.0,0.0,0.0,0.0,0.0,0.0,0.0,1.0,0.0,0.0,0.0,0.0,0.0,0.0,1.0,0.0,0.0,0.0,0.0,1.0,0.0,0.0,0.0,138000.0,-0.5428703469859137
-0.7656956092022585,-0.5431227094427709,0.018134457467805037,-0.8674471520192014,-0.0012737645158085818,-1.021987401155326,0.2059921720278468,-1.0371220601333149,0.0,0.0,0.0,0.0,0.0,0.0,0.0,0.0,0.0,0.0,0.0,0.0,1.0,0.0,0.0,0.0,0.0,0.0,0.0,0.0,0.0,0.0,0.0,0.0,0.0,0.0,0.0,0.0,1.0,0.0,0.0,0.0,0.0,1.0,0.0,0.0,0.0,0.0,0.0,1.0,0.0,0.0,0.0,137000.0,-0.5553723337829747
-0.7656956092022585,-3.189150624920373,-0.4491467556142732,-0.9398739165619746,-0.6114424096025217,-1.021987401155326,-0.9976828844653559,-2.372424850675329,0.0,0.0,0.0,0.0,0.0,1.0,0.0,0.0,0.0,0.0,0.0,0.0,0.0,0.0,0.0,0.0,0.0,0.0,0.0,0.0,0.0,0.0,0.0,0.0,0.0,0.0,0.0,0.0,1.0,0.0,0.0,0.0,0.0,0.0,1.0,0.0,0.0,0.0,0.0,1.0,0.0,0.0,0.0,94000.0,-1.0929577660565983
-0.06491841398858939,0.08530892048315974,-0.21779948516808267,-0.9281290358253087,-0.19291518012066075,-1.021987401155326,-0.9976828844653559,0.29818073040869925,0.0,0.0,1.0,0.0,0.0,0.0,0.0,0.0,0.0,0.0,0.0,0.0,0.0,0.0,0.0,0.0,0.0,0.0,0.0,0.0,0.0,0.0,0.0,0.0,0.0,0.0,0.0,0.0,1.0,0.0,0.0,0.0,0.0,0.0,1.0,0.0,0.0,0.0,1.0,0.0,0.0,0.0,0.0,143000.0,-0.48036041300060867
-0.06491841398858939,1.1106447377307307,-0.16902414188252218,-0.0002834576287005348,-0.6775256563628156,0.7772367703207032,0.2059921720278468,0.29818073040869925,0.0,0.0,0.0,0.0,0.0,0.0,0.0,1.0,0.0,0.0,0.0,0.0,0.0,0.0,0.0,0.0,0.0,0.0,0.0,0.0,0.0,0.0,0.0,0.0,0.0,0.0,0.0,0.0,1.0,0.0,0.0,0.0,0.0,1.0,0.0,0.0,0.0,0.0,1.0,0.0,0.0,0.0,0.0,173900.0,-0.09404902097142329
0.6358587812250798,0.9452679930133805,-0.0045751633738664674,0.7141967871851432,-0.14445413249644526,0.7772367703207032,0.2059921720278468,1.6334835209507133,0.0,0.0,0.0,0.0,0.0,0.0,0.0,1.0,0.0,0.0,0.0,0.0,0.0,0.0,0.0,0.0,0.0,0.0,0.0,0.0,0.0,0.0,0.0,0.0,0.0,0.0,0.0,0.0,1.0,0.0,0.0,0.0,0.0,1.0,0.0,0.0,0.0,0.0,1.0,0.0,0.0,0.0,0.0,235000.0,0.6698223723290047
0.6358587812250798,-3.0237738802030227,0.8982161676226313,3.9009744270671645,0.9084722658842367,2.5764609417967326,0.2059921720278468,1.6334835209507133,0.0,0.0,0.0,0.0,0.0,0.0,0.0,0.0,0.0,1.0,0.0,0.0,0.0,0.0,0.0,0.0,0.0,0.0,0.0,0.0,0.0,0.0,0.0,0.0,0.0,0.0,0.0,0.0,1.0,0.0,0.0,0.0,0.0,1.0,0.0,0.0,0.0,0.0,0.0,1.0,0.0,0.0,0.0,295000.0,1.4199415801526656
-0.06491841398858939,-1.833061318238102,-0.1681291814552642,-1.072982564910855,-0.23256512817683705,-1.021987401155326,-0.9976828844653559,-1.0371220601333149,0.0,0.0,0.0,0.0,0.0,0.0,0.0,0.0,0.0,0.0,0.0,1.0,0.0,0.0,0.0,0.0,0.0,0.0,0.0,0.0,0.0,0.0,0.0,0.0,0.0,0.0,0.0,1.0,0.0,0.0,0.0,0.0,0.0,0.0,0.0,0.0,1.0,0.0,0.0,1.0,0.0,0.0,0.0,121000.0,-0.7554041225359509
0.6358587812250798,0.2837610141439799,-0.968447543530722,0.3912125669268303,-1.38241362180595,0.7772367703207032,-0.9976828844653559,-1.0371220601333149,0.0,0.0,0.0,0.0,0.0,0.0,1.0,0.0,0.0,0.0,0.0,0.0,0.0,0.0,0.0,0.0,0.0,0.0,0.0,0.0,0.0,0.0,0.0,0.0,0.0,0.0,0.0,0.0,0.0,0.0,1.0,0.0,0.0,1.0,0.0,0.0,0.0,0.0,1.0,0.0,0.0,0.0,0.0,148400.0,-0.41284968429647917
-0.7656956092022585,0.6806652014656203,0.008066152661152647,-0.41722672378034087,-0.9550752927560497,-1.021987401155326,0.2059921720278468,0.29818073040869925,0.0,0.0,1.0,0.0,0.0,0.0,0.0,0.0,0.0,0.0,0.0,0.0,0.0,0.0,0.0,0.0,0.0,0.0,0.0,0.0,0.0,0.0,0.0,0.0,0.0,0.0,0.0,1.0,0.0,0.0,0.0,0.0,0.0,0.0,1.0,0.0,0.0,0.0,1.0,0.0,0.0,0.0,0.0,130000.0,-0.6428862413624018
0.6358587812250798,1.1437200866742006,0.033013174570969125,-0.01202833836536646,0.9613388632924718,0.7772367703207032,0.2059921720278468,1.6334835209507133,0.0,0.0,0.0,0.0,0.0,0.0,0.0,1.0,0.0,0.0,0.0,0.0,0.0,0.0,0.0,0.0,0.0,0.0,0.0,0.0,0.0,0.0,0.0,0.0,0.0,0.0,0.0,0.0,1.0,0.0,0.0,0.0,0.0,1.0,0.0,0.0,0.0,0.0,1.0,0.0,0.0,0.0,0.0,279500.0,1.2261607847982199
1.336635976438749,1.2429461335046108,-0.19206937288441545,-0.3643747604653442,0.5340005342425715,0.7772367703207032,0.2059921720278468,0.29818073040869925,0.0,0.0,0.0,0.0,1.0,0.0,0.0,0.0,0.0,0.0,0.0,0.0,0.0,0.0,0.0,0.0,0.0,0.0,0.0,0.0,0.0,0.0,0.0,0.0,0.0,0.0,0.0,0.0,1.0,0.0,0.0,0.0,0.0,1.0,0.0,0.0,0.0,0.0,1.0,0.0,0.0,0.0,0.0,229456.0,0.6005113575260984
-0.7656956092022585,-0.8408008499340011,0.8583904286096508,3.1042800170966593,1.1904274520614904,2.5764609417967326,0.2059921720278468,-2.372424850675329,0.0,0.0,0.0,0.0,0.0,0.0,1.0,0.0,0.0,0.0,0.0,0.0,0.0,0.0,0.0,0.0,0.0,0.0,0.0,0.0,0.0,0.0,0.0,0.0,0.0,0.0,0.0,0.0,1.0,0.0,0.0,0.0,0.0,0.0,0.0,1.0,0.0,0.0,0.0,1.0,0.0,0.0,0.0,200500.0,0.2385038278303997
-0.06491841398858939,-2.196890156616272,0.04956994247524195,0.806198352955693,-1.2678693274214405,0.7772367703207032,0.2059921720278468,0.29818073040869925,0.0,0.0,0.0,0.0,0.0,0.0,0.0,0.0,0.0,1.0,0.0,0.0,0.0,0.0,0.0,0.0,0.0,0.0,0.0,0.0,0.0,0.0,0.0,0.0,0.0,0.0,0.0,1.0,0.0,0.0,0.0,0.0,0.0,0.0,1.0,0.0,0.0,0.0,0.0,0.0,0.0,1.0,0.0,163000.0,-0.23032067705938836
-1.4664728044159276,-0.34467061578195063,2.4730109094364727,0.2385291173501733,0.42165901475007206,-1.021987401155326,0.2059921720278468,2.9687863114927273,0.0,0.0,1.0,0.0,0.0,0.0,0.0,0.0,0.0,0.0,0.0,0.0,0.0,0.0,0.0,0.0,0.0,0.0,0.0,0.0,0.0,0.0,0.0,0.0,0.0,0.0,0.0,0.0,0.0,0.0,0.0,1.0,0.0,0.0,1.0,0.0,0.0,0.0,0.0,1.0,0.0,0.0,0.0,168000.0,-0.16781074307408328
0.6358587812250798,-0.21236922000807051,0.37399309735626346,0.6261101816601489,-0.426409318673699,-1.021987401155326,1.4096672285210494,0.29818073040869925,0.0,1.0,0.0,0.0,0.0,0.0,0.0,0.0,0.0,0.0,0.0,0.0,0.0,0.0,0.0,0.0,0.0,0.0,0.0,0.0,0.0,0.0,0.0,0.0,0.0,0.0,0.0,0.0,1.0,0.0,0.0,0.0,0.0,1.0,0.0,0.0,0.0,0.0,0.0,1.0,0.0,0.0,0.0,201800.0,0.254756410666579
0.6358587812250798,1.0444940398437905,-0.7693188484658192,-0.1862440692925777,0.7652918979036001,0.7772367703207032,-0.9976828844653559,0.29818073040869925,0.0,0.0,0.0,1.0,0.0,0.0,0.0,0.0,0.0,0.0,0.0,0.0,0.0,0.0,0.0,0.0,0.0,0.0,0.0,0.0,0.0,0.0,0.0,0.0,0.0,0.0,0.0,0.0,1.0,0.0,0.0,0.0,0.0,1.0,0.0,0.0,0.0,0.0,1.0,0.0,0.0,0.0,0.0,173000.0,-0.1053008090887782
-0.7656956092022585,-0.34467061578195063,-0.2077311803614303,-0.5190156901647789,0.3908201662619349,-1.021987401155326,-0.9976828844653559,0.29818073040869925,0.0,1.0,0.0,0.0,0.0,0.0,0.0,0.0,0.0,0.0,0.0,0.0,0.0,0.0,0.0,0.0,0.0,0.0,0.0,0.0,0.0,0.0,0.0,0.0,0.0,0.0,0.0,0.0,1.0,0.0,0.0,0.0,0.0,0.0,1.0,0.0,0.0,0.0,0.0,1.0,0.0,0.0,0.0,98600.0,-1.0354486267901177
1.336635976438749,1.2098707845611407,-0.016880869248663836,0.30899840177016885,1.2256718503336472,0.7772367703207032,0.2059921720278468,1.6334835209507133,0.0,0.0,0.0,0.0,1.0,0.0,0.0,0.0,0.0,0.0,0.0,0.0,0.0,0.0,0.0,0.0,0.0,0.0,0.0,0.0,0.0,0.0,0.0,0.0,0.0,0.0,0.0,0.0,1.0,0.0,0.0,0.0,0.0,1.0,0.0,0.0,0.0,0.0,1.0,0.0,0.0,0.0,0.0,257500.0,0.9511170752628775
-0.06491841398858939,0.9452679930133805,0.05538718525241888,0.33444564336627836,-0.21714570393276847,0.7772367703207032,0.2059921720278468,0.29818073040869925,0.0,0.0,0.0,0.0,0.0,0.0,0.0,0.0,0.0,0.0,0.0,0.0,0.0,1.0,0.0,0.0,0.0,0.0,0.0,0.0,0.0,0.0,0.0,0.0,0.0,0.0,0.0,0.0,1.0,0.0,0.0,0.0,0.0,0.0,1.0,0.0,0.0,0.0,1.0,0.0,0.0,0.0,0.0,173000.0,-0.1053008090887782
0.6358587812250798,1.0775693887872606,-0.025942343574650986,0.18371967391239896,-0.4660592667298753,0.7772367703207032,0.2059921720278468,0.29818073040869925,0.0,0.0,0.0,0.0,0.0,0.0,0.0,0.0,0.0,0.0,0.0,0.0,0.0,1.0,0.0,0.0,0.0,0.0,0.0,0.0,0.0,0.0,0.0,0.0,0.0,0.0,0.0,0.0,1.0,0.0,0.0,0.0,0.0,1.0,0.0,0.0,0.0,0.0,1.0,0.0,0.0,0.0,0.0,195500.0,0.17599389384509462
-0.06491841398858939,1.0775693887872606,-0.3291101883082952,0.1817621937896213,-0.48147869097394386,0.7772367703207032,0.2059921720278468,0.29818073040869925,0.0,0.0,0.0,0.0,0.0,0.0,0.0,0.0,0.0,0.0,0.0,0.0,0.0,1.0,0.0,0.0,0.0,0.0,0.0,0.0,0.0,0.0,0.0,0.0,0.0,0.0,0.0,0.0,1.0,0.0,0.0,0.0,0.0,0.0,1.0,0.0,0.0,0.0,0.0,1.0,0.0,0.0,0.0,193000.0,0.14473892685244208
-0.7656956092022585,-0.5431227094427709,-0.33190693964347645,-0.7871904669853176,0.08904000605659301,-1.021987401155326,0.2059921720278468,-1.0371220601333149,0.0,1.0,0.0,0.0,0.0,0.0,0.0,0.0,0.0,0.0,0.0,0.0,0.0,0.0,0.0,0.0,0.0,0.0,0.0,0.0,0.0,0.0,0.0,0.0,0.0,0.0,0.0,0.0,1.0,0.0,0.0,0.0,0.0,0.0,1.0,0.0,0.0,0.0,0.0,1.0,0.0,0.0,0.0,135000.0,-0.5803763073770968
0.6358587812250798,0.9783433419568505,0.6631771854140016,-0.13730706622313635,0.7829140970396784,0.7772367703207032,0.2059921720278468,0.29818073040869925,0.0,0.0,0.0,0.0,0.0,0.0,0.0,1.0,0.0,0.0,0.0,0.0,0.0,0.0,0.0,0.0,0.0,0.0,0.0,0.0,0.0,0.0,0.0,0.0,0.0,0.0,0.0,0.0,1.0,0.0,0.0,0.0,0.0,1.0,0.0,0.0,0.0,0.0,1.0,0.0,0.0,0.0,0.0,187100.0,0.0709772047497821
1.336635976438749,1.2098707845611407,-0.1318832841513156,-0.06292282155758547,0.9040667161002172,0.7772367703207032,0.2059921720278468,1.6334835209507133,0.0,0.0,0.0,0.0,0.0,0.0,0.0,1.0,0.0,0.0,0.0,0.0,0.0,0.0,0.0,0.0,0.0,0.0,0.0,0.0,0.0,0.0,0.0,0.0,0.0,0.0,0.0,0.0,1.0,0.0,0.0,0.0,0.0,1.0,0.0,0.0,0.0,0.0,1.0,0.0,0.0,0.0,0.0,239900.0,0.7310821076346037
-0.7656956092022585,-0.807725500990531,-0.07080223499095775,-0.8948518737380885,-0.26340397666497417,-1.021987401155326,-0.9976828844653559,-1.0371220601333149,0.0,1.0,0.0,0.0,0.0,0.0,0.0,0.0,0.0,0.0,0.0,0.0,0.0,0.0,0.0,0.0,0.0,0.0,0.0,0.0,0.0,0.0,0.0,0.0,0.0,0.0,0.0,1.0,0.0,0.0,0.0,0.0,0.0,0.0,1.0,0.0,0.0,0.0,0.0,1.0,0.0,0.0,0.0,137000.0,-0.5553723337829747
-0.06491841398858939,-0.0800678242341904,-0.2714971108035621,-0.9281290358253087,-0.06955978616811222,-1.021987401155326,0.2059921720278468,0.29818073040869925,0.0,1.0,0.0,0.0,0.0,0.0,0.0,0.0,0.0,0.0,0.0,0.0,0.0,0.0,0.0,0.0,0.0,0.0,0.0,0.0,0.0,0.0,0.0,0.0,0.0,0.0,0.0,1.0,0.0,0.0,0.0,0.0,0.0,1.0,0.0,0.0,0.0,0.0,0.0,1.0,0.0,0.0,0.0,156000.0,-0.3178345846388155
-0.7656956092022585,-0.5100473604993008,0.32924507599336394,-1.1199620878575187,-0.2854317255850721,-1.021987401155326,-0.9976828844653559,-1.0371220601333149,0.0,1.0,0.0,0.0,0.0,0.0,0.0,0.0,0.0,0.0,0.0,0.0,0.0,0.0,0.0,0.0,0.0,0.0,0.0,0.0,0.0,0.0,0.0,0.0,0.0,0.0,0.0,0.0,1.0,0.0,0.0,0.0,0.0,0.0,1.0,0.0,0.0,0.0,1.0,0.0,0.0,0.0,0.0,132000.0,-0.6178822677682798
-0.06491841398858939,-0.47697201155583074,0.18247156592305352,-0.5013983690597801,0.4106451402900231,-1.021987401155326,0.2059921720278468,-1.0371220601333149,0.0,1.0,0.0,0.0,0.0,0.0,0.0,0.0,0.0,0.0,0.0,0.0,0.0,0.0,0.0,0.0,0.0,0.0,0.0,0.0,0.0,0.0,0.0,0.0,0.0,0.0,0.0,0.0,1.0,0.0,0.0,0.0,0.0,0.0,1.0,0.0,0.0,0.0,0.0,1.0,0.0,0.0,0.0,150000.0,-0.39284650542118155
-0.7656956092022585,-0.14621852212113046,-0.08467412161345661,-0.7030188217058784,0.18375932641301418,-1.021987401155326,0.2059921720278468,-1.0371220601333149,0.0,1.0,0.0,0.0,0.0,0.0,0.0,0.0,0.0,0.0,0.0,0.0,0.0,0.0,0.0,0.0,0.0,0.0,0.0,0.0,0.0,0.0,0.0,0.0,0.0,0.0,0.0,0.0,1.0,0.0,0.0,0.0,0.0,0.0,1.0,0.0,0.0,0.0,0.0,1.0,0.0,0.0,0.0,158000.0,-0.29283061104469343
-1.4664728044159276,-0.8408008499340011,0.08313095849741658,-1.1160471276119635,-2.3296068253701616,-1.021987401155326,-0.9976828844653559,-1.0371220601333149,0.0,0.0,0.0,0.0,0.0,0.0,0.0,0.0,0.0,0.0,0.0,0.0,1.0,0.0,0.0,0.0,0.0,0.0,0.0,0.0,0.0,0.0,0.0,0.0,0.0,0.0,0.0,1.0,0.0,0.0,0.0,0.0,0.0,1.0,0.0,0.0,0.0,0.0,0.0,1.0,0.0,0.0,0.0,84900.0,-1.2067258459098535
0.6358587812250798,0.1514596183700998,0.013771525384922335,0.9079873193401311,-0.5607785870862965,0.7772367703207032,1.4096672285210494,0.29818073040869925,0.0,0.0,0.0,0.0,0.0,0.0,0.0,0.0,0.0,0.0,0.0,0.0,0.0,0.0,1.0,0.0,0.0,0.0,0.0,0.0,0.0,0.0,0.0,0.0,0.0,0.0,0.0,0.0,1.0,0.0,0.0,0.0,0.0,0.0,1.0,0.0,0.0,0.0,0.0,1.0,0.0,0.0,0.0,205000.0,0.29476276841717425
-0.7656956092022585,0.6475898525221502,0.03972537777540405,-1.0299180022097467,-0.18410408055262156,-1.021987401155326,0.2059921720278468,-2.372424850675329,0.0,0.0,1.0,0.0,0.0,0.0,0.0,0.0,0.0,0.0,0.0,0.0,0.0,0.0,0.0,0.0,0.0,0.0,0.0,0.0,0.0,0.0,0.0,0.0,0.0,0.0,0.0,0.0,1.0,0.0,0.0,0.0,0.0,0.0,1.0,0.0,0.0,0.0,1.0,0.0,0.0,0.0,0.0,93500.0,-1.099208759455129
-1.4664728044159276,-0.5100473604993008,-0.19363555363211693,-1.0416628829464125,-2.3296068253701616,-1.021987401155326,-0.9976828844653559,-1.0371220601333149,0.0,0.0,0.0,0.0,0.0,0.0,0.0,0.0,0.0,1.0,0.0,0.0,0.0,0.0,0.0,0.0,0.0,0.0,0.0,0.0,0.0,0.0,0.0,0.0,0.0,0.0,0.0,0.0,1.0,0.0,0.0,0.0,0.0,0.0,1.0,0.0,0.0,0.0,0.0,1.0,0.0,0.0,0.0,104500.0,-0.9616869046874577
-0.7656956092022585,-0.6423487562731809,0.06635045048632927,-0.8537447911597578,-0.426409318673699,-1.021987401155326,-0.9976828844653559,-1.0371220601333149,0.0,1.0,0.0,0.0,0.0,0.0,0.0,0.0,0.0,0.0,0.0,0.0,0.0,0.0,0.0,0.0,0.0,0.0,0.0,0.0,0.0,0.0,0.0,0.0,0.0,0.0,0.0,1.0,0.0,0.0,0.0,0.0,0.0,0.0,0.0,0.0,1.0,0.0,0.0,1.0,0.0,0.0,0.0,135000.0,-0.5803763073770968
-0.7656956092022585,0.38298706097439,-0.1646612097996395,-1.1708565710497378,-0.426409318673699,-1.021987401155326,-0.9976828844653559,0.29818073040869925,0.0,0.0,1.0,0.0,0.0,0.0,0.0,0.0,0.0,0.0,0.0,0.0,0.0,0.0,0.0,0.0,0.0,0.0,0.0,0.0,0.0,0.0,0.0,0.0,0.0,0.0,0.0,0.0,1.0,0.0,0.0,0.0,0.0,0.0,1.0,0.0,0.0,0.0,1.0,0.0,0.0,0.0,0.0,131000.0,-0.6303842545653409
0.6358587812250798,1.2429461335046108,0.7974212495027001,0.0153763833535207,0.9921777117806089,-1.021987401155326,-2.2013579409585584,0.29818073040869925,0.0,0.0,0.0,0.0,0.0,0.0,0.0,0.0,0.0,0.0,0.0,0.0,1.0,0.0,0.0,0.0,0.0,0.0,0.0,0.0,0.0,0.0,0.0,0.0,0.0,0.0,0.0,0.0,1.0,0.0,0.0,0.0,0.0,1.0,0.0,0.0,0.0,0.0,1.0,0.0,0.0,0.0,0.0,308030.0,1.5828424681183706
2.037413171652418,1.1106447377307307,0.13649297397267426,0.6613448238701466,1.7190934261438413,0.7772367703207032,0.2059921720278468,1.6334835209507133,0.0,0.0,0.0,0.0,0.0,0.0,0.0,0.0,0.0,0.0,0.0,0.0,0.0,0.0,0.0,1.0,0.0,0.0,0.0,0.0,0.0,0.0,0.0,0.0,0.0,0.0,0.0,0.0,1.0,0.0,0.0,0.0,0.0,0.0,1.0,0.0,0.0,0.0,1.0,0.0,0.0,0.0,0.0,359900.0,2.2313205232819255
0.6358587812250798,0.8460419461829704,-0.36882405726786854,-0.3056503567820146,0.6309226294910025,0.7772367703207032,-0.9976828844653559,2.9687863114927273,0.0,0.0,1.0,0.0,0.0,0.0,0.0,0.0,0.0,0.0,0.0,0.0,0.0,0.0,0.0,0.0,0.0,0.0,0.0,0.0,0.0,0.0,0.0,0.0,0.0,0.0,0.0,0.0,1.0,0.0,0.0,0.0,0.0,0.0,1.0,0.0,0.0,0.0,1.0,0.0,0.0,0.0,0.0,206300.0,0.31101535125335356
1.336635976438749,1.0114186909003204,0.44458310105623744,0.5869605792045958,1.6353879802474691,0.7772367703207032,0.2059921720278468,1.6334835209507133,0.0,0.0,0.0,0.0,0.0,0.0,0.0,0.0,0.0,0.0,0.0,0.0,0.0,0.0,0.0,1.0,0.0,0.0,0.0,0.0,0.0,0.0,0.0,0.0,0.0,0.0,0.0,0.0,1.0,0.0,0.0,0.0,0.0,1.0,0.0,0.0,0.0,0.0,0.0,0.0,1.0,0.0,0.0,312500.0,1.6387263491012334
2.037413171652418,1.0775693887872606,0.6349859319553749,0.6848345853434785,1.7080795516837923,0.7772367703207032,0.2059921720278468,1.6334835209507133,0.0,0.0,0.0,1.0,0.0,0.0,0.0,0.0,0.0,0.0,0.0,0.0,0.0,0.0,0.0,0.0,0.0,0.0,0.0,0.0,0.0,0.0,0.0,0.0,0.0,0.0,0.0,0.0,1.0,0.0,0.0,0.0,0.0,1.0,0.0,0.0,0.0,0.0,0.0,0.0,1.0,0.0,0.0,326000.0,1.807503170861557
0.6358587812250798,1.1106447377307307,0.14410013760436718,0.45776689110127056,1.4900048373748225,0.7772367703207032,0.2059921720278468,0.29818073040869925,0.0,0.0,0.0,0.0,0.0,0.0,0.0,1.0,0.0,0.0,0.0,0.0,0.0,0.0,0.0,0.0,0.0,0.0,0.0,0.0,0.0,0.0,0.0,0.0,0.0,0.0,0.0,0.0,1.0,0.0,0.0,0.0,0.0,1.0,0.0,0.0,0.0,0.0,1.0,0.0,0.0,0.0,0.0,260000.0,0.9823720422555301
-0.7656956092022585,0.1514596183700998,0.04599010076620999,-0.12360470536369275,0.8357806944479135,0.7772367703207032,0.2059921720278468,0.29818073040869925,0.0,0.0,0.0,0.0,0.0,0.0,0.0,0.0,0.0,0.0,0.0,0.0,0.0,0.0,0.0,0.0,0.0,0.0,0.0,0.0,1.0,0.0,0.0,0.0,0.0,0.0,0.0,0.0,1.0,0.0,0.0,0.0,0.0,1.0,0.0,0.0,0.0,0.0,1.0,0.0,0.0,0.0,0.0,218000.0,0.45728859677896744
0.6358587812250798,0.8791172951264404,0.09588414458584295,0.755303869763474,-0.28102617580105255,0.7772367703207032,1.4096672285210494,0.29818073040869925,0.0,0.0,0.0,0.0,0.0,0.0,0.0,0.0,0.0,0.0,0.0,0.0,0.0,1.0,0.0,0.0,0.0,0.0,0.0,0.0,0.0,0.0,0.0,0.0,0.0,0.0,0.0,0.0,1.0,0.0,0.0,0.0,0.0,1.0,0.0,0.0,0.0,0.0,1.0,0.0,0.0,0.0,0.0,199900.0,0.2310026357521631
0.6358587812250798,1.2098707845611407,0.21446640119752666,-0.14122202646869164,0.7917251966077176,0.7772367703207032,0.2059921720278468,0.29818073040869925,0.0,0.0,0.0,0.0,1.0,0.0,0.0,0.0,0.0,0.0,0.0,0.0,0.0,0.0,0.0,0.0,0.0,0.0,0.0,0.0,0.0,0.0,0.0,0.0,0.0,0.0,0.0,0.0,1.0,0.0,0.0,0.0,0.0,0.0,0.0,1.0,0.0,0.0,1.0,0.0,0.0,0.0,0.0,227680.0,0.578307828974518
0.6358587812250798,1.1106447377307307,-0.8026561243811794,-0.5483778920064437,0.357778542881788,0.7772367703207032,-0.9976828844653559,0.29818073040869925,0.0,0.0,0.0,0.0,0.0,0.0,0.0,0.0,0.0,0.0,0.0,0.0,0.0,0.0,0.0,0.0,0.0,0.0,0.0,0.0,0.0,0.0,0.0,0.0,1.0,0.0,0.0,0.0,1.0,0.0,0.0,0.0,0.0,1.0,0.0,0.0,0.0,0.0,1.0,0.0,0.0,0.0,0.0,180000.0,-0.017786901509351104
-0.7656956092022585,0.18453496731356983,0.5877767694175159,-0.7323810235475432,0.15071770303286727,0.7772367703207032,0.2059921720278468,0.29818073040869925,0.0,0.0,0.0,0.0,0.0,0.0,0.0,0.0,0.0,0.0,0.0,0.0,0.0,0.0,1.0,0.0,0.0,0.0,0.0,0.0,0.0,0.0,0.0,0.0,0.0,0.0,0.0,0.0,1.0,0.0,0.0,0.0,0.0,0.0,0.0,1.0,0.0,0.0,1.0,0.0,0.0,0.0,0.0,175000.0,-0.08029683549465617
1.336635976438749,0.9783433419568505,0.7319772682594596,2.248861203442824,0.9282972399123248,0.7772367703207032,1.4096672285210494,1.6334835209507133,0.0,0.0,0.0,1.0,0.0,0.0,0.0,0.0,0.0,0.0,0.0,0.0,0.0,0.0,0.0,0.0,0.0,0.0,0.0,0.0,0.0,0.0,0.0,0.0,0.0,0.0,0.0,0.0,1.0,0.0,0.0,0.0,0.0,1.0,0.0,0.0,0.0,0.0,0.0,0.0,1.0,0.0,0.0,421250.0,2.998317413281619
-0.7656956092022585,-0.708499454160121,0.5865461988300361,1.5950628424350877,0.24323424849727865,0.7772367703207032,1.4096672285210494,-1.0371220601333149,0.0,0.0,0.0,0.0,0.0,0.0,0.0,0.0,0.0,0.0,0.0,0.0,0.0,0.0,0.0,0.0,1.0,0.0,0.0,0.0,0.0,0.0,0.0,0.0,0.0,0.0,0.0,0.0,1.0,0.0,0.0,0.0,0.0,0.0,1.0,0.0,0.0,0.0,1.0,0.0,0.0,0.0,0.0,257000.0,0.9448660818643471
-0.7656956092022585,-0.7415748031035909,-0.4572013994595951,0.9823715640056819,-0.12462915846835709,0.7772367703207032,1.4096672285210494,1.6334835209507133,0.0,0.0,0.0,0.0,0.0,0.0,0.0,0.0,0.0,0.0,0.0,0.0,0.0,0.0,0.0,0.0,1.0,0.0,0.0,0.0,0.0,0.0,0.0,0.0,0.0,0.0,0.0,0.0,0.0,0.0,0.0,1.0,0.0,0.0,1.0,0.0,0.0,0.0,0.0,1.0,0.0,0.0,0.0,145000.0,-0.4553564394064866
-1.4664728044159276,-0.774650152047061,-0.026277953734872732,-1.2354534151014003,-2.3296068253701616,-1.021987401155326,-2.2013579409585584,-1.0371220601333149,0.0,0.0,0.0,0.0,0.0,0.0,0.0,0.0,0.0,1.0,0.0,0.0,0.0,0.0,0.0,0.0,0.0,0.0,0.0,0.0,0.0,0.0,0.0,0.0,0.0,0.0,0.0,1.0,0.0,0.0,0.0,0.0,0.0,0.0,1.0,0.0,0.0,0.0,0.0,1.0,0.0,0.0,0.0,89900.0,-1.1442159119245485
-0.7656956092022585,-0.14621852212113046,-0.06789361360236928,-1.0181731214730807,-0.1708874312005628,0.7772367703207032,0.2059921720278468,-1.0371220601333149,0.0,1.0,0.0,0.0,0.0,0.0,0.0,0.0,0.0,0.0,0.0,0.0,0.0,0.0,0.0,0.0,0.0,0.0,0.0,0.0,0.0,0.0,0.0,0.0,0.0,0.0,0.0,0.0,1.0,0.0,0.0,0.0,0.0,0.0,1.0,0.0,0.0,0.0,0.0,1.0,0.0,0.0,0.0,135500.0,-0.5741253139785663
-0.7656956092022585,-1.5353831777468716,-0.4739819074706824,-0.9496613171758629,-0.6378757083066393,-1.021987401155326,0.2059921720278468,-1.0371220601333149,0.0,0.0,0.0,0.0,0.0,0.0,0.0,0.0,0.0,0.0,0.0,1.0,0.0,0.0,0.0,0.0,0.0,0.0,0.0,0.0,0.0,0.0,0.0,0.0,0.0,0.0,0.0,1.0,0.0,0.0,0.0,0.0,0.0,0.0,1.0,0.0,0.0,0.0,0.0,1.0,0.0,0.0,0.0,88000.0,-1.1679696868389644
-1.4664728044159276,0.01915822259621968,-0.9471922333833448,-0.7989353477219835,-1.1268917343328138,-1.021987401155326,0.2059921720278468,-1.0371220601333149,0.0,0.0,0.0,0.0,0.0,0.0,0.0,0.0,0.0,0.0,0.0,0.0,0.0,0.0,0.0,0.0,0.0,0.0,0.0,0.0,0.0,0.0,0.0,0.0,0.0,1.0,0.0,0.0,1.0,0.0,0.0,0.0,0.0,0.0,1.0,0.0,0.0,0.0,0.0,1.0,0.0,0.0,0.0,85500.0,-1.199224653831617
-0.7656956092022585,-0.708499454160121,-0.3531622497908537,-1.0025132804908596,-0.39997601996958143,-1.021987401155326,0.2059921720278468,-1.0371220601333149,0.0,1.0,0.0,0.0,0.0,0.0,0.0,0.0,0.0,0.0,0.0,0.0,0.0,0.0,0.0,0.0,0.0,0.0,0.0,0.0,0.0,0.0,0.0,0.0,0.0,0.0,0.0,0.0,1.0,0.0,0.0,0.0,0.0,0.0,1.0,0.0,0.0,0.0,0.0,1.0,0.0,0.0,0.0,119000.0,-0.780408096130073
1.336635976438749,1.1767954356176706,-0.16018640766334954,-0.06683778180314077,0.8996611663161975,0.7772367703207032,0.2059921720278468,1.6334835209507133,0.0,0.0,0.0,0.0,0.0,0.0,0.0,0.0,0.0,0.0,0.0,0.0,0.0,0.0,0.0,1.0,0.0,0.0,0.0,0.0,0.0,0.0,0.0,0.0,0.0,0.0,0.0,0.0,1.0,0.0,0.0,0.0,0.0,1.0,0.0,0.0,0.0,0.0,1.0,0.0,0.0,0.0,0.0,201000.0,0.2447548212289302
1.336635976438749,0.6806652014656203,0.08693454031326305,1.4188896313850987,0.7322502745234531,0.7772367703207032,1.4096672285210494,1.6334835209507133,0.0,0.0,0.0,0.0,0.0,0.0,0.0,0.0,1.0,0.0,0.0,0.0,0.0,0.0,0.0,0.0,0.0,0.0,0.0,0.0,0.0,0.0,0.0,0.0,0.0,0.0,0.0,0.0,1.0,0.0,0.0,0.0,0.0,1.0,0.0,0.0,0.0,0.0,1.0,0.0,0.0,0.0,0.0,285000.0,1.2949217121820553
-0.7656956092022585,-0.6423487562731809,0.6070184186035626,-1.1277920083486295,-0.2942428251531113,-1.021987401155326,-0.9976828844653559,-1.0371220601333149,0.0,0.0,0.0,0.0,0.0,0.0,0.0,0.0,0.0,1.0,0.0,0.0,0.0,0.0,0.0,0.0,0.0,0.0,0.0,0.0,0.0,0.0,0.0,0.0,0.0,0.0,0.0,1.0,0.0,0.0,0.0,0.0,0.0,0.0,1.0,0.0,0.0,0.0,0.0,1.0,0.0,0.0,0.0,112500.0,-0.8616710103109696
0.6358587812250798,1.0444940398437905,-0.18132984775731956,0.10346298887851514,1.0913025819210498,0.7772367703207032,0.2059921720278468,0.29818073040869925,0.0,0.0,0.0,0.0,1.0,0.0,0.0,0.0,0.0,0.0,0.0,0.0,0.0,0.0,0.0,0.0,0.0,0.0,0.0,0.0,0.0,0.0,0.0,0.0,0.0,0.0,0.0,0.0,1.0,0.0,0.0,0.0,0.0,1.0,0.0,0.0,0.0,0.0,1.0,0.0,0.0,0.0,0.0,234500.0,0.6635713789304742
-2.868027194843266,-1.0392529435948212,-0.4957965678850959,-1.7385258066552576,-2.3296068253701616,-1.021987401155326,-2.2013579409585584,-1.0371220601333149,0.0,0.0,0.0,0.0,0.0,0.0,0.0,0.0,0.0,1.0,0.0,0.0,0.0,0.0,0.0,0.0,0.0,0.0,0.0,0.0,0.0,0.0,0.0,0.0,0.0,0.0,0.0,1.0,0.0,0.0,0.0,0.0,0.0,0.0,1.0,0.0,0.0,0.0,0.0,1.0,0.0,0.0,0.0,45000.0,-1.7055551191125882
-0.06491841398858939,-1.5353831777468716,-0.4682765347469127,0.21112439563128613,-0.17969853076860196,0.7772367703207032,0.2059921720278468,-1.0371220601333149,0.0,0.0,0.0,0.0,0.0,0.0,0.0,0.0,0.0,0.0,1.0,0.0,0.0,0.0,0.0,0.0,0.0,0.0,0.0,0.0,0.0,0.0,0.0,0.0,0.0,0.0,0.0,1.0,0.0,0.0,0.0,0.0,0.0,1.0,0.0,0.0,0.0,0.0,0.0,1.0,0.0,0.0,0.0,137450.0,-0.5497464397242973
-0.06491841398858939,-0.013917126347250347,0.03469122537207786,0.1700173130529554,1.1661969282493827,0.7772367703207032,0.2059921720278468,0.29818073040869925,0.0,1.0,0.0,0.0,0.0,0.0,0.0,0.0,0.0,0.0,0.0,0.0,0.0,0.0,0.0,0.0,0.0,0.0,0.0,0.0,0.0,0.0,0.0,0.0,0.0,0.0,0.0,0.0,1.0,0.0,0.0,0.0,0.0,0.0,1.0,0.0,0.0,0.0,0.0,1.0,0.0,0.0,0.0,167300.0,-0.17656213383202599
0.6358587812250798,0.7468158993525603,-0.17976366700961807,0.7983684324645824,-0.3140677991811995,0.7772367703207032,1.4096672285210494,0.29818073040869925,0.0,0.0,0.0,0.0,0.0,0.0,0.0,1.0,0.0,0.0,0.0,0.0,0.0,0.0,0.0,0.0,0.0,0.0,0.0,0.0,0.0,0.0,0.0,0.0,0.0,0.0,0.0,0.0,1.0,0.0,0.0,0.0,0.0,1.0,0.0,0.0,0.0,0.0,1.0,0.0,0.0,0.0,0.0,210000.0,0.3572727024024793
-0.06491841398858939,-1.5684585266903417,0.15439218251783407,0.6398125425195924,-0.4616537169458557,-1.021987401155326,-0.9976828844653559,-1.0371220601333149,0.0,0.0,0.0,0.0,0.0,0.0,0.0,0.0,0.0,0.0,0.0,1.0,0.0,0.0,0.0,0.0,0.0,0.0,0.0,0.0,0.0,0.0,0.0,0.0,0.0,0.0,0.0,1.0,0.0,0.0,0.0,0.0,0.0,0.0,1.0,0.0,0.0,0.0,0.0,1.0,0.0,0.0,0.0,202500.0,0.26350780142452174
-1.4664728044159276,-0.04699247529072038,-0.9871298424497327,-0.3056503567820146,-1.1268917343328138,-1.021987401155326,0.2059921720278468,-2.372424850675329,0.0,0.0,0.0,0.0,0.0,0.0,0.0,0.0,0.0,0.0,0.0,0.0,0.0,0.0,0.0,0.0,0.0,0.0,0.0,0.0,0.0,0.0,0.0,0.0,0.0,1.0,0.0,0.0,1.0,0.0,0.0,0.0,0.0,0.0,1.0,0.0,0.0,0.0,0.0,1.0,0.0,0.0,0.0,97000.0,-1.0554518056654154
2.037413171652418,1.2098707845611407,0.0011302093499032213,0.4753842122062695,1.5010187118348715,0.7772367703207032,0.2059921720278468,1.6334835209507133,0.0,0.0,0.0,1.0,0.0,0.0,0.0,0.0,0.0,0.0,0.0,0.0,0.0,0.0,0.0,0.0,0.0,0.0,0.0,0.0,0.0,0.0,0.0,0.0,0.0,0.0,0.0,0.0,1.0,0.0,0.0,0.0,0.0,0.0,0.0,1.0,0.0,0.0,0.0,0.0,1.0,0.0,0.0,335000.0,1.9200210520351062
-1.4664728044159276,-1.866136667181572,0.005940621646414919,1.7164266100473022,0.562636607838699,0.7772367703207032,0.2059921720278468,0.29818073040869925,0.0,0.0,0.0,0.0,0.0,0.0,0.0,0.0,0.0,1.0,0.0,0.0,0.0,0.0,0.0,0.0,0.0,0.0,0.0,0.0,0.0,0.0,0.0,0.0,0.0,0.0,0.0,1.0,0.0,0.0,0.0,0.0,0.0,1.0,0.0,0.0,0.0,0.0,0.0,1.0,0.0,0.0,0.0,142900.0,-0.4816106116803147
1.336635976438749,1.1767954356176706,-0.19206937288441545,0.5713007382223745,-0.3559205221293856,0.7772367703207032,0.2059921720278468,0.29818073040869925,0.0,0.0,0.0,0.0,1.0,0.0,0.0,0.0,0.0,0.0,0.0,0.0,0.0,0.0,0.0,0.0,0.0,0.0,0.0,0.0,0.0,0.0,0.0,0.0,0.0,0.0,0.0,0.0,1.0,0.0,0.0,0.0,0.0,1.0,0.0,0.0,0.0,0.0,1.0,0.0,0.0,0.0,0.0,255000.0,0.919862108270225
-0.06491841398858939,1.0444940398437905,-0.6624829474618966,-1.2765604976797311,-0.4616537169458557,-1.021987401155326,-2.2013579409585584,0.29818073040869925,0.0,0.0,0.0,0.0,0.0,0.0,0.0,1.0,0.0,0.0,0.0,0.0,0.0,0.0,0.0,0.0,0.0,0.0,0.0,0.0,0.0,0.0,0.0,0.0,0.0,0.0,0.0,0.0,1.0,0.0,0.0,0.0,0.0,1.0,0.0,0.0,0.0,0.0,1.0,0.0,0.0,0.0,0.0,136500.0,-0.5616233271815052
-0.06491841398858939,-0.24544456895154054,0.02719593179379219,0.5380235761351544,-1.155527807928941,0.7772367703207032,0.2059921720278468,0.29818073040869925,0.0,1.0,0.0,0.0,0.0,0.0,0.0,0.0,0.0,0.0,0.0,0.0,0.0,0.0,0.0,0.0,0.0,0.0,0.0,0.0,0.0,0.0,0.0,0.0,0.0,0.0,0.0,0.0,1.0,0.0,0.0,0.0,0.0,0.0,1.0,0.0,0.0,0.0,0.0,1.0,0.0,0.0,0.0,136300.0,-0.5641237245409174
1.336635976438749,1.1437200866742006,0.16412487716426472,0.3618503650851655,1.3820688676663426,0.7772367703207032,-0.9976828844653559,1.6334835209507133,0.0,0.0,0.0,0.0,1.0,0.0,0.0,0.0,0.0,0.0,0.0,0.0,0.0,0.0,0.0,0.0,0.0,0.0,0.0,0.0,0.0,0.0,0.0,0.0,0.0,0.0,0.0,0.0,1.0,0.0,0.0,0.0,0.0,1.0,0.0,0.0,0.0,0.0,1.0,0.0,0.0,0.0,0.0,253000.0,0.894858134676103
0.6358587812250798,-0.11314317317766043,-0.018447049996365317,0.8218581939379143,-1.0740251369245788,2.5764609417967326,1.4096672285210494,0.29818073040869925,0.0,0.0,0.0,0.0,0.0,0.0,0.0,0.0,0.0,0.0,0.0,0.0,0.0,0.0,1.0,0.0,0.0,0.0,0.0,0.0,0.0,0.0,0.0,0.0,0.0,0.0,0.0,0.0,1.0,0.0,0.0,0.0,0.0,1.0,0.0,0.0,0.0,0.0,0.0,1.0,0.0,0.0,0.0,170000.0,-0.14280676947996124
0.6358587812250798,0.11838426942662977,6.757410214827288,0.06431338642296205,1.0472470840808539,0.7772367703207032,-0.9976828844653559,0.29818073040869925,0.0,0.0,0.0,0.0,0.0,0.0,1.0,0.0,0.0,0.0,0.0,0.0,0.0,0.0,0.0,0.0,0.0,0.0,0.0,0.0,0.0,0.0,0.0,0.0,0.0,0.0,0.0,0.0,1.0,0.0,0.0,0.0,0.0,1.0,0.0,0.0,0.0,0.0,1.0,0.0,0.0,0.0,0.0,280000.0,1.2324117781967503
-0.06491841398858939,0.7137405504090902,-0.28190102577043624,0.1386976310885129,-0.5695896866543356,0.7772367703207032,0.2059921720278468,0.29818073040869925,0.0,0.0,0.0,0.0,0.0,0.0,0.0,0.0,0.0,0.0,0.0,0.0,0.0,1.0,0.0,0.0,0.0,0.0,0.0,0.0,0.0,0.0,0.0,0.0,0.0,0.0,0.0,0.0,1.0,0.0,0.0,0.0,0.0,0.0,1.0,0.0,0.0,0.0,1.0,0.0,0.0,0.0,0.0,178000.0,-0.04279087510347313
-0.06491841398858939,-0.4108213136688907,-0.12494734084006617,-1.0025132804908596,-0.15326523206448442,0.7772367703207032,0.2059921720278468,-1.0371220601333149,0.0,1.0,0.0,0.0,0.0,0.0,0.0,0.0,0.0,0.0,0.0,0.0,0.0,0.0,0.0,0.0,0.0,0.0,0.0,0.0,0.0,0.0,0.0,0.0,0.0,0.0,0.0,0.0,1.0,0.0,0.0,0.0,0.0,1.0,0.0,0.0,0.0,0.0,0.0,1.0,0.0,0.0,0.0,149500.0,-0.39909749881971207
-0.06491841398858939,0.11838426942662977,0.1250822285251349,0.1015055087557375,-0.7590283273671781,0.7772367703207032,0.2059921720278468,0.29818073040869925,0.0,0.0,0.0,0.0,0.0,0.0,0.0,0.0,0.0,0.0,0.0,0.0,0.0,0.0,1.0,0.0,0.0,0.0,0.0,0.0,0.0,0.0,0.0,0.0,0.0,0.0,0.0,0.0,1.0,0.0,0.0,0.0,0.0,0.0,1.0,0.0,0.0,0.0,1.0,0.0,0.0,0.0,0.0,179900.0,-0.019037100189057205
-0.06491841398858939,-0.0800678242341904,-0.1827841584516138,-0.81851014894976,-0.18630685544463135,-1.021987401155326,0.2059921720278468,0.29818073040869925,0.0,0.0,0.0,0.0,0.0,0.0,0.0,0.0,0.0,0.0,0.0,0.0,0.0,0.0,1.0,0.0,0.0,0.0,0.0,0.0,0.0,0.0,0.0,0.0,0.0,0.0,0.0,0.0,1.0,0.0,0.0,0.0,0.0,0.0,1.0,0.0,0.0,0.0,1.0,0.0,0.0,0.0,0.0,162500.0,-0.23657167045791885
1.336635976438749,1.1437200866742006,-0.15179615365780588,0.8981999187262428,0.06701225713649506,0.7772367703207032,0.2059921720278468,1.6334835209507133,0.0,0.0,0.0,0.0,1.0,0.0,0.0,0.0,0.0,0.0,0.0,0.0,0.0,0.0,0.0,0.0,0.0,0.0,0.0,0.0,0.0,0.0,0.0,0.0,0.0,0.0,0.0,0.0,1.0,0.0,0.0,0.0,0.0,1.0,0.0,0.0,0.0,0.0,1.0,0.0,0.0,0.0,0.0,270000.0,1.1073919102261403
-2.167249999629597,-0.873876198877471,0.22475844611099355,-1.509500632290272,-2.3296068253701616,-1.021987401155326,-0.9976828844653559,-2.372424850675329,0.0,0.0,0.0,0.0,0.0,0.0,0.0,0.0,0.0,0.0,0.0,0.0,0.0,0.0,0.0,0.0,0.0,0.0,0.0,1.0,0.0,0.0,0.0,0.0,0.0,0.0,0.0,0.0,1.0,0.0,0.0,0.0,0.0,0.0,1.0,0.0,0.0,0.0,0.0,1.0,0.0,0.0,0.0,51689.0,-1.621929329427047
-0.7656956092022585,-0.013917126347250347,-0.20661247982735778,-0.881149512878645,-0.03211261300394571,-1.021987401155326,0.2059921720278468,-1.0371220601333149,0.0,1.0,0.0,0.0,0.0,0.0,0.0,0.0,0.0,0.0,0.0,0.0,0.0,0.0,0.0,0.0,0.0,0.0,0.0,0.0,0.0,0.0,0.0,0.0,0.0,0.0,0.0,0.0,1.0,0.0,0.0,0.0,0.0,0.0,1.0,0.0,0.0,0.0,1.0,0.0,0.0,0.0,0.0,143000.0,-0.48036041300060867
0.6358587812250798,1.1437200866742006,-0.3531622497908537,-0.38982200206145373,0.518581109998503,0.7772367703207032,-0.9976828844653559,0.29818073040869925,0.0,0.0,0.0,0.0,1.0,0.0,0.0,0.0,0.0,0.0,0.0,0.0,0.0,0.0,0.0,0.0,0.0,0.0,0.0,0.0,0.0,0.0,0.0,0.0,0.0,0.0,0.0,0.0,1.0,0.0,0.0,0.0,0.0,1.0,0.0,0.0,0.0,0.0,1.0,0.0,0.0,0.0,0.0,187750.0,0.07910349616787175
-1.4664728044159276,-1.0061775946513511,-0.6979457543919945,-1.5799699167102674,-0.803083825207374,-1.021987401155326,-0.9976828844653559,-2.372424850675329,0.0,0.0,0.0,0.0,0.0,0.0,0.0,0.0,0.0,1.0,0.0,0.0,0.0,0.0,0.0,0.0,0.0,0.0,0.0,0.0,0.0,0.0,0.0,0.0,0.0,0.0,0.0,0.0,1.0,0.0,0.0,0.0,0.0,0.0,0.0,0.0,1.0,0.0,0.0,1.0,0.0,0.0,0.0,52500.0,-1.6117902181346304
-0.7656956092022585,0.1514596183700998,-0.0108398863646724,0.7278991480445869,-2.3296068253701616,0.7772367703207032,1.4096672285210494,0.29818073040869925,0.0,0.0,1.0,0.0,0.0,0.0,0.0,0.0,0.0,0.0,0.0,0.0,0.0,0.0,0.0,0.0,0.0,0.0,0.0,0.0,0.0,0.0,0.0,0.0,0.0,0.0,0.0,0.0,1.0,0.0,0.0,0.0,0.0,0.0,1.0,0.0,0.0,0.0,0.0,1.0,0.0,0.0,0.0,100000.0,-1.0179458452742323
-0.06491841398858939,1.1106447377307307,0.9102981333906142,-0.3447999592375677,0.5868671316508066,0.7772367703207032,0.2059921720278468,0.29818073040869925,0.0,0.0,0.0,0.0,0.0,0.0,0.0,0.0,0.0,0.0,0.0,0.0,0.0,1.0,0.0,0.0,0.0,0.0,0.0,0.0,0.0,0.0,0.0,0.0,0.0,0.0,0.0,0.0,1.0,0.0,0.0,0.0,0.0,1.0,0.0,0.0,0.0,0.0,1.0,0.0,0.0,0.0,0.0,199500.0,0.22600184103333867
-0.06491841398858939,-0.24544456895154054,-0.09586112695418149,0.9334345609362406,-0.5321425134901692,-1.021987401155326,1.4096672285210494,0.29818073040869925,0.0,1.0,0.0,0.0,0.0,0.0,0.0,0.0,0.0,0.0,0.0,0.0,0.0,0.0,0.0,0.0,0.0,0.0,0.0,0.0,0.0,0.0,0.0,0.0,0.0,0.0,0.0,0.0,1.0,0.0,0.0,0.0,0.0,0.0,1.0,0.0,0.0,0.0,0.0,1.0,0.0,0.0,0.0,165000.0,-0.20531670346526631
-0.06491841398858939,0.1514596183700998,0.2688352471534496,1.072415649653454,1.9834264131850166,2.5764609417967326,2.613342285014252,0.29818073040869925,0.0,0.0,1.0,0.0,0.0,0.0,0.0,0.0,0.0,0.0,0.0,0.0,0.0,0.0,0.0,0.0,0.0,0.0,0.0,0.0,0.0,0.0,0.0,0.0,0.0,0.0,0.0,0.0,0.0,0.0,0.0,1.0,0.0,0.0,1.0,0.0,0.0,0.0,0.0,1.0,0.0,0.0,0.0,170000.0,-0.14280676947996124
-0.7656956092022585,-0.013917126347250347,-0.3807941529824442,-1.2256660144875122,-0.426409318673699,-1.021987401155326,0.2059921720278468,-1.0371220601333149,0.0,0.0,1.0,0.0,0.0,0.0,0.0,0.0,0.0,0.0,0.0,0.0,0.0,0.0,0.0,0.0,0.0,0.0,0.0,0.0,0.0,0.0,0.0,0.0,0.0,0.0,0.0,1.0,0.0,0.0,0.0,0.0,0.0,0.0,1.0,0.0,0.0,0.0,0.0,1.0,0.0,0.0,0.0,130000.0,-0.6428862413624018
2.037413171652418,0.9121926440699104,-0.6989525848726598,0.11129290936962576,1.1001136814890888,0.7772367703207032,-0.9976828844653559,0.29818073040869925,0.0,0.0,0.0,0.0,1.0,0.0,0.0,0.0,0.0,0.0,0.0,0.0,0.0,0.0,0.0,0.0,0.0,0.0,0.0,0.0,0.0,0.0,0.0,0.0,0.0,0.0,0.0,0.0,1.0,0.0,0.0,0.0,0.0,0.0,0.0,1.0,0.0,0.0,1.0,0.0,0.0,0.0,0.0,305000.0,1.5449614481232756
0.6358587812250798,1.0444940398437905,0.17822050389357807,-0.20777635064313188,-1.4837412668384005,0.7772367703207032,0.2059921720278468,0.29818073040869925,0.0,0.0,0.0,0.0,0.0,0.0,0.0,0.0,0.0,0.0,0.0,0.0,0.0,1.0,0.0,0.0,0.0,0.0,0.0,0.0,0.0,0.0,0.0,0.0,0.0,0.0,0.0,0.0,0.0,1.0,0.0,0.0,0.0,1.0,0.0,0.0,0.0,0.0,1.0,0.0,0.0,0.0,0.0,165500.0,-0.19906571006673582
-0.06491841398858939,-0.3115952668384806,-0.13501564564671856,-0.1353495861003587,0.0912427809486028,-1.021987401155326,0.2059921720278468,-1.0371220601333149,0.0,1.0,0.0,0.0,0.0,0.0,0.0,0.0,0.0,0.0,0.0,0.0,0.0,0.0,0.0,0.0,0.0,0.0,0.0,0.0,0.0,0.0,0.0,0.0,0.0,0.0,0.0,0.0,0.0,0.0,1.0,0.0,0.0,0.0,1.0,0.0,0.0,0.0,1.0,0.0,0.0,0.0,0.0,165000.0,-0.20531670346526631
0.6358587812250798,1.1437200866742006,-0.22249802741118713,0.36968028557627614,1.390879967234382,0.7772367703207032,0.2059921720278468,0.29818073040869925,0.0,0.0,0.0,0.0,0.0,0.0,0.0,0.0,0.0,0.0,0.0,0.0,0.0,0.0,0.0,1.0,0.0,0.0,0.0,0.0,0.0,0.0,0.0,0.0,0.0,0.0,0.0,0.0,1.0,0.0,0.0,0.0,0.0,1.0,0.0,0.0,0.0,0.0,1.0,0.0,0.0,0.0,0.0,231713.0,0.6287283417270652
-0.06491841398858939,-0.17929387106460049,-0.13725304671486355,0.25810391857794984,-0.5673869117623259,-1.021987401155326,1.4096672285210494,0.29818073040869925,0.0,0.0,0.0,0.0,0.0,0.0,0.0,0.0,0.0,0.0,0.0,0.0,0.0,0.0,1.0,0.0,0.0,0.0,0.0,0.0,0.0,0.0,0.0,0.0,0.0,0.0,0.0,0.0,1.0,0.0,0.0,0.0,0.0,1.0,0.0,0.0,0.0,0.0,0.0,1.0,0.0,0.0,0.0,173000.0,-0.1053008090887782
-0.7656956092022585,-1.7007599224642218,-0.062300110932006846,-0.9555337575441958,-0.5321425134901692,-1.021987401155326,-0.9976828844653559,-1.0371220601333149,1.0,0.0,0.0,0.0,0.0,0.0,0.0,0.0,0.0,0.0,0.0,0.0,0.0,0.0,0.0,0.0,0.0,0.0,0.0,0.0,0.0,0.0,0.0,0.0,0.0,0.0,0.0,1.0,0.0,0.0,0.0,0.0,0.0,0.0,1.0,0.0,0.0,0.0,0.0,1.0,0.0,0.0,0.0,67500.0,-1.4242604161787151
-0.7656956092022585,-0.4108213136688907,0.7325366185264959,-0.3369700387464571,0.6441392788430613,-1.021987401155326,-0.9976828844653559,-1.0371220601333149,0.0,0.0,0.0,0.0,0.0,0.0,0.0,0.0,0.0,0.0,0.0,0.0,0.0,0.0,0.0,1.0,0.0,0.0,0.0,0.0,0.0,0.0,0.0,0.0,0.0,0.0,0.0,0.0,1.0,0.0,0.0,0.0,0.0,0.0,1.0,0.0,0.0,0.0,0.0,1.0,0.0,0.0,0.0,170000.0,-0.14280676947996124
-0.06491841398858939,0.05223357153968971,-0.928398064410927,-0.5522928522519991,-0.8493420979395796,-1.021987401155326,1.4096672285210494,-1.0371220601333149,0.0,0.0,0.0,0.0,0.0,0.0,0.0,0.0,0.0,0.0,0.0,0.0,0.0,0.0,0.0,0.0,0.0,0.0,0.0,0.0,0.0,1.0,0.0,0.0,0.0,0.0,0.0,1.0,0.0,0.0,0.0,0.0,0.0,0.0,0.0,1.0,0.0,0.0,0.0,1.0,0.0,0.0,0.0,113700.0,-0.8466686261544963
-0.06491841398858939,0.4822131078048001,0.230351948781356,0.29529604091072525,1.208049651197569,0.7772367703207032,0.2059921720278468,0.29818073040869925,0.0,0.0,0.0,0.0,0.0,0.0,0.0,0.0,0.0,0.0,0.0,0.0,0.0,0.0,0.0,1.0,0.0,0.0,0.0,0.0,0.0,0.0,0.0,0.0,0.0,0.0,0.0,0.0,1.0,0.0,0.0,0.0,0.0,0.0,1.0,0.0,0.0,0.0,1.0,0.0,0.0,0.0,0.0,184000.0,0.03222104567889295
1.336635976438749,0.1514596183700998,1.0859341172399948,0.4753842122062695,-0.2017262796886999,-2.821211572631355,-3.4050329974517615,0.29818073040869925,0.0,0.0,0.0,0.0,0.0,0.0,1.0,0.0,0.0,0.0,0.0,0.0,0.0,0.0,0.0,0.0,0.0,0.0,0.0,0.0,0.0,0.0,0.0,0.0,0.0,0.0,0.0,0.0,1.0,0.0,0.0,0.0,0.0,1.0,0.0,0.0,0.0,0.0,1.0,0.0,0.0,0.0,0.0,279000.0,1.2199097913996892
-0.7656956092022585,-0.27851991789501057,2.771703952033827,0.14065511121129057,1.1331553048692358,-1.021987401155326,0.2059921720278468,1.6334835209507133,0.0,0.0,0.0,0.0,0.0,0.0,0.0,0.0,0.0,0.0,0.0,0.0,0.0,0.0,0.0,1.0,0.0,0.0,0.0,0.0,0.0,0.0,0.0,0.0,0.0,0.0,0.0,0.0,0.0,0.0,0.0,1.0,0.0,0.0,1.0,0.0,0.0,0.0,0.0,1.0,0.0,0.0,0.0,186700.0,0.0659764100309577
-0.06491841398858939,1.0775693887872606,-0.22272176751800163,0.27376375956017107,-0.5717924615463454,0.7772367703207032,0.2059921720278468,0.29818073040869925,1.0,0.0,0.0,0.0,0.0,0.0,0.0,0.0,0.0,0.0,0.0,0.0,0.0,0.0,0.0,0.0,0.0,0.0,0.0,0.0,0.0,0.0,0.0,0.0,0.0,0.0,0.0,0.0,1.0,0.0,0.0,0.0,0.0,1.0,0.0,0.0,0.0,0.0,1.0,0.0,0.0,0.0,0.0,173000.0,-0.1053008090887782
0.6358587812250798,0.9121926440699104,-0.5032918614633816,-0.3193527176414582,0.7652918979036001,0.7772367703207032,-0.9976828844653559,0.29818073040869925,0.0,1.0,0.0,0.0,0.0,0.0,0.0,0.0,0.0,0.0,0.0,0.0,0.0,0.0,0.0,0.0,0.0,0.0,0.0,0.0,0.0,0.0,0.0,0.0,0.0,0.0,0.0,0.0,1.0,0.0,0.0,0.0,0.0,1.0,0.0,0.0,0.0,0.0,1.0,0.0,0.0,0.0,0.0,184000.0,0.03222104567889295
1.336635976438749,1.1437200866742006,-0.1362462162341983,-0.13339210597758103,0.8027390710677665,0.7772367703207032,0.2059921720278468,0.29818073040869925,0.0,0.0,0.0,0.0,1.0,0.0,0.0,0.0,0.0,0.0,0.0,0.0,0.0,0.0,0.0,0.0,0.0,0.0,0.0,0.0,0.0,0.0,0.0,0.0,0.0,0.0,0.0,0.0,1.0,0.0,0.0,0.0,0.0,1.0,0.0,0.0,0.0,0.0,0.0,0.0,1.0,0.0,0.0,245000.0,0.7948422402996148
-0.06491841398858939,-0.34467061578195063,0.04956994247524195,0.5341086158895991,0.562636607838699,0.7772367703207032,0.2059921720278468,0.29818073040869925,0.0,1.0,0.0,0.0,0.0,0.0,0.0,0.0,0.0,0.0,0.0,0.0,0.0,0.0,0.0,0.0,0.0,0.0,0.0,0.0,0.0,0.0,0.0,0.0,0.0,0.0,0.0,0.0,1.0,0.0,0.0,0.0,0.0,0.0,1.0,0.0,0.0,0.0,0.0,1.0,0.0,0.0,0.0,183000.0,0.019719058881831942
-0.7656956092022585,-1.5353831777468716,-0.3433176850910158,0.19742203477184256,-0.26780952644899375,0.7772367703207032,0.2059921720278468,-2.372424850675329,0.0,0.0,0.0,0.0,0.0,0.0,0.0,0.0,0.0,0.0,0.0,0.0,0.0,0.0,0.0,0.0,0.0,0.0,0.0,1.0,0.0,0.0,0.0,0.0,0.0,0.0,0.0,0.0,1.0,0.0,0.0,0.0,0.0,0.0,1.0,0.0,0.0,0.0,0.0,1.0,0.0,0.0,0.0,129850.0,-0.644761539381961
0.6358587812250798,0.7137405504090902,0.02070746869617176,1.7966832950811862,0.5582310580546793,0.7772367703207032,0.2059921720278468,1.6334835209507133,0.0,0.0,0.0,0.0,0.0,0.0,0.0,0.0,1.0,0.0,0.0,0.0,0.0,0.0,0.0,0.0,0.0,0.0,0.0,0.0,0.0,0.0,0.0,0.0,0.0,0.0,0.0,0.0,1.0,0.0,0.0,0.0,0.0,1.0,0.0,0.0,0.0,0.0,1.0,0.0,0.0,0.0,0.0,341000.0,1.9950329728174723
-0.7656956092022585,-0.013917126347250347,0.01600892645306731,-0.7656581856347634,-1.510174565542518,-1.021987401155326,0.2059921720278468,-1.0371220601333149,0.0,1.0,0.0,0.0,0.0,0.0,0.0,0.0,0.0,0.0,0.0,0.0,0.0,0.0,0.0,0.0,0.0,0.0,0.0,0.0,0.0,0.0,0.0,0.0,0.0,0.0,0.0,0.0,0.0,1.0,0.0,0.0,0.0,0.0,1.0,0.0,0.0,0.0,0.0,1.0,0.0,0.0,0.0,139000.0,-0.5303683601888527
-0.06491841398858939,0.7468158993525603,-0.21198224239090574,0.43231964950516105,-0.2854317255850721,0.7772367703207032,0.2059921720278468,0.29818073040869925,1.0,0.0,0.0,0.0,0.0,0.0,0.0,0.0,0.0,0.0,0.0,0.0,0.0,0.0,0.0,0.0,0.0,0.0,0.0,0.0,0.0,0.0,0.0,0.0,0.0,0.0,0.0,0.0,1.0,0.0,0.0,0.0,0.0,1.0,0.0,0.0,0.0,0.0,1.0,0.0,0.0,0.0,0.0,201000.0,0.2447548212289302
1.336635976438749,1.1437200866742006,0.43283674544847633,0.9256046404451299,1.9327625906687913,0.7772367703207032,0.2059921720278468,1.6334835209507133,0.0,0.0,0.0,1.0,0.0,0.0,0.0,0.0,0.0,0.0,0.0,0.0,0.0,0.0,0.0,0.0,0.0,0.0,0.0,0.0,0.0,0.0,0.0,0.0,0.0,0.0,0.0,0.0,1.0,0.0,0.0,0.0,0.0,1.0,0.0,0.0,0.0,0.0,1.0,0.0,0.0,0.0,0.0,395000.0,2.670140259858767
-0.06491841398858939,-0.21236922000807051,-0.12942214297635612,-0.7128062223197666,0.17274545195296523,-1.021987401155326,0.2059921720278468,-1.0371220601333149,0.0,1.0,0.0,0.0,0.0,0.0,0.0,0.0,0.0,0.0,0.0,0.0,0.0,0.0,0.0,0.0,0.0,0.0,0.0,0.0,0.0,0.0,0.0,0.0,0.0,0.0,0.0,0.0,1.0,0.0,0.0,0.0,0.0,0.0,1.0,0.0,0.0,0.0,0.0,1.0,0.0,0.0,0.0,140000.0,-0.5178663733917916
0.6358587812250798,0.8791172951264404,-0.16041014777016405,-0.23126611211646375,-1.4837412668384005,0.7772367703207032,0.2059921720278468,0.29818073040869925,0.0,0.0,0.0,0.0,0.0,0.0,0.0,0.0,0.0,0.0,0.0,0.0,0.0,1.0,0.0,0.0,0.0,0.0,0.0,0.0,0.0,0.0,0.0,0.0,0.0,0.0,0.0,0.0,0.0,1.0,0.0,0.0,0.0,0.0,1.0,0.0,0.0,0.0,1.0,0.0,0.0,0.0,0.0,177500.0,-0.04904186850200364
-1.4664728044159276,-0.8408008499340011,-0.6798228057400202,-1.5584376353597134,-1.0960528858446767,-1.021987401155326,-0.9976828844653559,-1.0371220601333149,0.0,0.0,0.0,0.0,0.0,1.0,0.0,0.0,0.0,0.0,0.0,0.0,0.0,0.0,0.0,0.0,0.0,0.0,0.0,0.0,0.0,0.0,0.0,0.0,0.0,0.0,0.0,0.0,0.0,0.0,0.0,0.0,1.0,0.0,0.0,0.0,1.0,0.0,0.0,0.0,0.0,1.0,0.0,88750.0,-1.1585931967411687
-1.4664728044159276,-1.6015338756338118,-0.49859331922027716,-1.2354534151014003,-1.360385872885852,-1.021987401155326,-0.9976828844653559,-2.372424850675329,0.0,0.0,0.0,0.0,0.0,0.0,0.0,0.0,0.0,0.0,0.0,1.0,0.0,0.0,0.0,0.0,0.0,0.0,0.0,0.0,0.0,0.0,0.0,0.0,0.0,0.0,0.0,0.0,1.0,0.0,0.0,0.0,0.0,0.0,0.0,0.0,1.0,0.0,1.0,0.0,0.0,0.0,0.0,85500.0,-1.199224653831617
-0.06491841398858939,0.9452679930133805,-0.19005571192308496,0.761176310131807,-0.1664818814165432,0.7772367703207032,0.2059921720278468,0.29818073040869925,0.0,0.0,0.0,0.0,0.0,0.0,0.0,0.0,0.0,0.0,0.0,0.0,0.0,1.0,0.0,0.0,0.0,0.0,0.0,0.0,0.0,0.0,0.0,0.0,0.0,0.0,0.0,0.0,1.0,0.0,0.0,0.0,0.0,0.0,1.0,0.0,0.0,0.0,1.0,0.0,0.0,0.0,0.0,215000.0,0.4197826363877844
-0.7656956092022585,-0.5100473604993008,-0.2972272230872293,-0.6951889012147678,-1.6665715828752135,-1.021987401155326,0.2059921720278468,0.29818073040869925,0.0,1.0,0.0,0.0,0.0,0.0,0.0,0.0,0.0,0.0,0.0,0.0,0.0,0.0,0.0,0.0,0.0,0.0,0.0,0.0,0.0,0.0,0.0,0.0,0.0,0.0,0.0,1.0,0.0,0.0,0.0,0.0,0.0,0.0,1.0,0.0,0.0,0.0,1.0,0.0,0.0,0.0,0.0,127000.0,-0.6803922017535848
-0.7656956092022585,-0.9731022457078812,-0.4328137278168149,-0.6854015006008796,-0.5695896866543356,-1.021987401155326,0.2059921720278468,-1.0371220601333149,0.0,0.0,0.0,0.0,0.0,0.0,0.0,0.0,0.0,0.0,0.0,0.0,1.0,0.0,0.0,0.0,0.0,0.0,0.0,0.0,0.0,0.0,0.0,0.0,0.0,0.0,0.0,0.0,0.0,1.0,0.0,0.0,0.0,0.0,1.0,0.0,0.0,0.0,0.0,1.0,0.0,0.0,0.0,128000.0,-0.6678902149565239
-0.06491841398858939,0.7468158993525603,-0.023481202399691512,0.3794676861901644,-1.4661190677023221,0.7772367703207032,0.2059921720278468,0.29818073040869925,0.0,0.0,0.0,0.0,0.0,0.0,0.0,0.0,0.0,0.0,0.0,0.0,0.0,1.0,0.0,0.0,0.0,0.0,0.0,0.0,0.0,0.0,0.0,0.0,0.0,0.0,0.0,0.0,0.0,1.0,0.0,0.0,0.0,0.0,1.0,0.0,0.0,0.0,1.0,0.0,0.0,0.0,0.0,160000.0,-0.2678266374505714
-0.7656956092022585,-0.4108213136688907,-0.31960123376867905,-0.4974834088142247,0.41505069007404266,-1.021987401155326,0.2059921720278468,-1.0371220601333149,0.0,1.0,0.0,0.0,0.0,0.0,0.0,0.0,0.0,0.0,0.0,0.0,0.0,0.0,0.0,0.0,0.0,0.0,0.0,0.0,0.0,0.0,0.0,0.0,0.0,0.0,0.0,0.0,1.0,0.0,0.0,0.0,0.0,1.0,0.0,0.0,0.0,0.0,0.0,1.0,0.0,0.0,0.0,154000.0,-0.34283855823293746
0.6358587812250798,-0.21236922000807051,22.920843011320223,1.0489258881801222,2.37552034396276,0.7772367703207032,0.2059921720278468,0.29818073040869925,0.0,0.0,0.0,0.0,0.0,0.0,0.0,0.0,0.0,0.0,0.0,0.0,0.0,0.0,0.0,1.0,0.0,0.0,0.0,0.0,0.0,0.0,0.0,0.0,0.0,0.0,0.0,0.0,1.0,0.0,0.0,0.0,0.0,0.0,1.0,0.0,0.0,0.0,1.0,0.0,0.0,0.0,0.0,375000.0,2.420100523917547
0.6358587812250798,0.38298706097439,0.05236669381042317,-0.47007868709533757,0.4458895385621798,0.7772367703207032,0.2059921720278468,0.29818073040869925,0.0,0.0,0.0,0.0,0.0,0.0,0.0,0.0,0.0,0.0,0.0,0.0,0.0,0.0,1.0,0.0,0.0,0.0,0.0,0.0,0.0,0.0,0.0,0.0,0.0,0.0,0.0,0.0,1.0,0.0,0.0,0.0,0.0,0.0,1.0,0.0,0.0,0.0,1.0,0.0,0.0,0.0,0.0,181900.0,0.005966873405064825
0.6358587812250798,1.0444940398437905,0.061316298083003075,1.6185526039084195,0.15732602770889664,0.7772367703207032,1.4096672285210494,0.29818073040869925,0.0,0.0,0.0,0.0,0.0,0.0,0.0,1.0,0.0,0.0,0.0,0.0,0.0,0.0,0.0,0.0,0.0,0.0,0.0,0.0,0.0,0.0,0.0,0.0,0.0,0.0,0.0,0.0,0.0,1.0,0.0,0.0,0.0,1.0,0.0,0.0,0.0,0.0,1.0,0.0,0.0,0.0,0.0,240000.0,0.7323323063143098
-1.4664728044159276,-0.04699247529072038,-0.9879129328235834,-1.7032911644452597,-0.9418586434039911,-1.021987401155326,-2.2013579409585584,-1.0371220601333149,0.0,0.0,0.0,0.0,0.0,0.0,0.0,0.0,0.0,0.0,0.0,0.0,0.0,0.0,0.0,0.0,0.0,0.0,0.0,0.0,0.0,0.0,0.0,0.0,0.0,1.0,0.0,0.0,1.0,0.0,0.0,0.0,0.0,1.0,0.0,0.0,0.0,0.0,1.0,0.0,0.0,0.0,0.0,86000.0,-1.1929736604330865
2.738190366866087,-2.6268696928813826,1.4087910913733148,4.126084641186595,0.10886498008468116,0.7772367703207032,1.4096672285210494,1.6334835209507133,0.0,0.0,0.0,0.0,0.0,0.0,0.0,0.0,0.0,1.0,0.0,0.0,0.0,0.0,0.0,0.0,0.0,0.0,0.0,0.0,0.0,0.0,0.0,0.0,0.0,0.0,0.0,1.0,0.0,0.0,0.0,0.0,0.0,0.0,0.0,1.0,0.0,0.0,0.0,1.0,0.0,0.0,0.0,475000.0,3.670299203623648
1.336635976438749,1.0444940398437905,0.16054503545523274,1.5324234785062028,-0.10920973422428853,0.7772367703207032,1.4096672285210494,1.6334835209507133,0.0,0.0,0.0,0.0,0.0,0.0,0.0,0.0,0.0,0.0,0.0,0.0,0.0,1.0,0.0,0.0,0.0,0.0,0.0,0.0,0.0,0.0,0.0,0.0,0.0,0.0,0.0,0.0,0.0,1.0,0.0,0.0,0.0,1.0,0.0,0.0,0.0,0.0,1.0,0.0,0.0,0.0,0.0,270000.0,1.1073919102261403
-0.7656956092022585,-1.0392529435948212,0.3717556962881185,0.1308677105974023,-0.4792759160819341,-1.021987401155326,-0.9976828844653559,0.29818073040869925,0.0,0.0,0.0,0.0,0.0,0.0,0.0,0.0,0.0,0.0,0.0,0.0,0.0,0.0,0.0,0.0,1.0,0.0,0.0,0.0,0.0,0.0,0.0,0.0,0.0,0.0,0.0,1.0,0.0,0.0,0.0,0.0,0.0,0.0,1.0,0.0,0.0,0.0,0.0,1.0,0.0,0.0,0.0,205000.0,0.29476276841717425
-0.7656956092022585,-2.693020390768323,-0.4970271384725757,-0.8224251091953153,-0.8229087992354621,-1.021987401155326,0.2059921720278468,-2.372424850675329,0.0,0.0,0.0,0.0,0.0,0.0,0.0,0.0,0.0,1.0,0.0,0.0,0.0,0.0,0.0,0.0,0.0,0.0,0.0,0.0,0.0,0.0,0.0,0.0,0.0,0.0,0.0,0.0,1.0,0.0,0.0,0.0,0.0,1.0,0.0,0.0,0.0,0.0,0.0,0.0,0.0,1.0,0.0,95000.0,-1.0804557792595373
0.6358587812250798,-0.013917126347250347,0.809950695484312,1.6929368485739704,1.6419963049234985,0.7772367703207032,0.2059921720278468,0.29818073040869925,0.0,0.0,0.0,0.0,0.0,0.0,0.0,0.0,0.0,0.0,0.0,0.0,0.0,0.0,0.0,0.0,1.0,0.0,0.0,0.0,0.0,0.0,0.0,0.0,0.0,0.0,0.0,0.0,1.0,0.0,0.0,0.0,0.0,0.0,0.0,1.0,0.0,0.0,1.0,0.0,0.0,0.0,0.0,315000.0,1.669981316093886
-1.4664728044159276,-0.708499454160121,-0.3531622497908537,-1.2452408157152886,-1.0608084875725199,-1.021987401155326,-0.9976828844653559,-1.0371220601333149,0.0,0.0,0.0,0.0,0.0,0.0,0.0,0.0,0.0,1.0,0.0,0.0,0.0,0.0,0.0,0.0,0.0,0.0,0.0,0.0,0.0,0.0,0.0,0.0,0.0,0.0,0.0,1.0,0.0,0.0,0.0,0.0,0.0,0.0,1.0,0.0,0.0,0.0,0.0,1.0,0.0,0.0,0.0,105000.0,-0.9554359112889272
-0.7656956092022585,-0.14621852212113046,-0.20538190923987806,-1.1512817698219613,-0.3206761238572288,-1.021987401155326,0.2059921720278468,-1.0371220601333149,0.0,0.0,0.0,0.0,0.0,1.0,0.0,0.0,0.0,0.0,0.0,0.0,0.0,0.0,0.0,0.0,0.0,0.0,0.0,0.0,0.0,0.0,0.0,0.0,0.0,0.0,0.0,1.0,0.0,0.0,0.0,0.0,0.0,0.0,1.0,0.0,0.0,0.0,0.0,1.0,0.0,0.0,0.0,125000.0,-0.7053961753477069
-0.7656956092022585,-2.031513411898922,-0.4820365513160043,0.3520629644712772,-0.44403151780977734,0.7772367703207032,-0.9976828844653559,0.29818073040869925,0.0,0.0,0.0,0.0,0.0,0.0,0.0,0.0,0.0,0.0,1.0,0.0,0.0,0.0,0.0,0.0,0.0,0.0,0.0,0.0,0.0,0.0,0.0,0.0,0.0,0.0,0.0,1.0,0.0,0.0,0.0,0.0,0.0,0.0,1.0,0.0,0.0,0.0,0.0,1.0,0.0,0.0,0.0,114900.0,-0.8316662419980232
0.6358587812250798,0.11838426942662977,0.07753745582705415,-0.6012298553214404,0.260856447633357,0.7772367703207032,0.2059921720278468,0.29818073040869925,0.0,0.0,0.0,0.0,0.0,0.0,0.0,0.0,0.0,0.0,0.0,0.0,0.0,0.0,1.0,0.0,0.0,0.0,0.0,0.0,0.0,0.0,0.0,0.0,0.0,0.0,0.0,0.0,1.0,0.0,0.0,0.0,0.0,0.0,1.0,0.0,0.0,0.0,0.0,1.0,0.0,0.0,0.0,158000.0,-0.29283061104469343
2.037413171652418,1.1106447377307307,-0.3405209337558346,0.11912282986073637,1.108924781057128,0.7772367703207032,-0.9976828844653559,0.29818073040869925,0.0,0.0,0.0,1.0,0.0,0.0,0.0,0.0,0.0,0.0,0.0,0.0,0.0,0.0,0.0,0.0,0.0,0.0,0.0,0.0,0.0,0.0,0.0,0.0,0.0,0.0,0.0,0.0,1.0,0.0,0.0,0.0,0.0,0.0,0.0,1.0,0.0,0.0,0.0,0.0,1.0,0.0,0.0,277500.0,1.2011568112040978
0.6358587812250798,-0.013917126347250347,1.1563003808331542,0.38338264643571973,1.4062993914784503,0.7772367703207032,0.2059921720278468,0.29818073040869925,0.0,0.0,0.0,0.0,0.0,0.0,0.0,0.0,0.0,0.0,0.0,0.0,0.0,0.0,0.0,0.0,1.0,0.0,0.0,0.0,0.0,0.0,0.0,0.0,0.0,0.0,0.0,0.0,1.0,0.0,0.0,0.0,0.0,0.0,1.0,0.0,0.0,0.0,1.0,0.0,0.0,0.0,0.0,198000.0,0.20724886083774716
-0.7656956092022585,0.05223357153968971,-0.9169873189633876,-0.26454327420368384,-0.6444840329826687,-1.021987401155326,0.2059921720278468,0.29818073040869925,0.0,0.0,0.0,0.0,0.0,0.0,0.0,0.0,0.0,0.0,0.0,0.0,0.0,0.0,0.0,0.0,0.0,0.0,0.0,0.0,0.0,1.0,0.0,0.0,0.0,0.0,0.0,0.0,1.0,0.0,0.0,0.0,0.0,1.0,0.0,0.0,0.0,0.0,0.0,1.0,0.0,0.0,0.0,125500.0,-0.6991451819491764
0.6358587812250798,-0.708499454160121,-0.06453751200015181,0.8844975578667992,-0.17969853076860196,-1.021987401155326,1.4096672285210494,-1.0371220601333149,0.0,0.0,0.0,0.0,0.0,0.0,0.0,0.0,0.0,0.0,0.0,0.0,0.0,0.0,0.0,0.0,0.0,0.0,0.0,1.0,0.0,0.0,0.0,0.0,0.0,0.0,0.0,1.0,0.0,0.0,0.0,0.0,0.0,1.0,0.0,0.0,0.0,0.0,0.0,1.0,0.0,0.0,0.0,212300.0,0.3860272720357197
-0.06491841398858939,1.1106447377307307,-0.1928524632582662,-0.04726298057536424,-0.7039589550669332,0.7772367703207032,0.2059921720278468,0.29818073040869925,0.0,0.0,0.0,0.0,0.0,0.0,0.0,1.0,0.0,0.0,0.0,0.0,0.0,0.0,0.0,0.0,0.0,0.0,0.0,0.0,0.0,0.0,0.0,0.0,0.0,0.0,0.0,0.0,1.0,0.0,0.0,0.0,0.0,1.0,0.0,0.0,0.0,0.0,1.0,0.0,0.0,0.0,0.0,173500.0,-0.09904981569024769
-1.4664728044159276,1.0444940398437905,-0.20258515790469683,-0.7421684241614315,0.1397038285728183,0.7772367703207032,-0.9976828844653559,0.29818073040869925,0.0,0.0,0.0,0.0,0.0,0.0,0.0,0.0,0.0,0.0,0.0,0.0,1.0,0.0,0.0,0.0,0.0,0.0,0.0,0.0,0.0,0.0,0.0,0.0,0.0,0.0,0.0,0.0,1.0,0.0,0.0,0.0,0.0,0.0,1.0,0.0,0.0,0.0,1.0,0.0,0.0,0.0,0.0,140000.0,-0.5178663733917916
0.6358587812250798,1.0444940398437905,-0.8078021468379128,-0.1862440692925777,0.7652918979036001,0.7772367703207032,-0.9976828844653559,0.29818073040869925,0.0,0.0,0.0,1.0,0.0,0.0,0.0,0.0,0.0,0.0,0.0,0.0,0.0,0.0,0.0,0.0,0.0,0.0,0.0,0.0,0.0,0.0,0.0,0.0,0.0,0.0,0.0,0.0,1.0,0.0,0.0,0.0,0.0,1.0,0.0,0.0,0.0,0.0,1.0,0.0,0.0,0.0,0.0,171750.0,-0.12092829258510447
-0.7656956092022585,-0.5100473604993008,-0.1786449664755456,-0.6971463813375455,0.24543702338928844,-1.021987401155326,0.2059921720278468,-1.0371220601333149,0.0,1.0,0.0,0.0,0.0,0.0,0.0,0.0,0.0,0.0,0.0,0.0,0.0,0.0,0.0,0.0,0.0,0.0,0.0,0.0,0.0,0.0,0.0,0.0,0.0,0.0,0.0,0.0,1.0,0.0,0.0,0.0,0.0,0.0,1.0,0.0,0.0,0.0,0.0,1.0,0.0,0.0,0.0,150000.0,-0.39284650542118155
-0.06491841398858939,0.8460419461829704,-0.12539482105369518,-0.01202833836536646,0.9282972399123248,0.7772367703207032,0.2059921720278468,0.29818073040869925,0.0,0.0,0.0,0.0,0.0,0.0,0.0,1.0,0.0,0.0,0.0,0.0,0.0,0.0,0.0,0.0,0.0,0.0,0.0,0.0,0.0,0.0,0.0,0.0,0.0,0.0,0.0,0.0,1.0,0.0,0.0,0.0,0.0,1.0,0.0,0.0,0.0,0.0,1.0,0.0,0.0,0.0,0.0,217000.0,0.44478660998190644
-0.06491841398858939,0.8460419461829704,-0.18513342957316603,0.2032944751401755,-0.2898372753690917,0.7772367703207032,0.2059921720278468,0.29818073040869925,0.0,0.0,0.0,0.0,0.0,0.0,0.0,0.0,0.0,0.0,0.0,0.0,0.0,1.0,0.0,0.0,0.0,0.0,0.0,0.0,0.0,0.0,0.0,0.0,0.0,0.0,0.0,0.0,1.0,0.0,0.0,0.0,0.0,0.0,1.0,0.0,0.0,0.0,0.0,1.0,0.0,0.0,0.0,187500.0,0.0759779994686065
-0.7656956092022585,-0.5761980583862408,-0.20415133865239832,-0.3976519225525644,0.5273922095665422,-1.021987401155326,0.2059921720278468,0.29818073040869925,0.0,1.0,0.0,0.0,0.0,0.0,0.0,0.0,0.0,0.0,0.0,0.0,0.0,0.0,0.0,0.0,0.0,0.0,0.0,0.0,0.0,0.0,0.0,0.0,0.0,0.0,0.0,0.0,1.0,0.0,0.0,0.0,0.0,0.0,1.0,0.0,0.0,0.0,0.0,1.0,0.0,0.0,0.0,153000.0,-0.3553405450299985
0.6358587812250798,-1.8992120161250419,0.04956994247524195,0.5243212152757109,-0.39116492040154227,-1.021987401155326,-0.9976828844653559,0.29818073040869925,0.0,0.0,0.0,0.0,0.0,0.0,0.0,0.0,0.0,1.0,0.0,0.0,0.0,0.0,0.0,0.0,0.0,0.0,0.0,0.0,0.0,0.0,0.0,0.0,0.0,0.0,0.0,1.0,0.0,0.0,0.0,0.0,0.0,0.0,1.0,0.0,0.0,0.0,1.0,0.0,0.0,0.0,0.0,163000.0,-0.23032067705938836
-1.4664728044159276,-0.24544456895154054,0.06064507776255958,-0.5405479715153331,-2.3296068253701616,0.7772367703207032,-0.9976828844653559,1.6334835209507133,0.0,1.0,0.0,0.0,0.0,0.0,0.0,0.0,0.0,0.0,0.0,0.0,0.0,0.0,0.0,0.0,0.0,0.0,0.0,0.0,0.0,0.0,0.0,0.0,0.0,0.0,0.0,0.0,0.0,0.0,0.0,0.0,1.0,0.0,1.0,0.0,0.0,0.0,0.0,1.0,0.0,0.0,0.0,103000.0,-0.9804398848830492
-0.06491841398858939,0.1514596183700998,-0.9148617879486499,-0.08641258303091733,-0.44623429270178716,0.7772367703207032,0.2059921720278468,0.29818073040869925,0.0,0.0,0.0,0.0,0.0,0.0,0.0,0.0,0.0,0.0,0.0,0.0,0.0,0.0,0.0,0.0,0.0,0.0,1.0,0.0,0.0,0.0,0.0,0.0,0.0,0.0,0.0,0.0,1.0,0.0,0.0,0.0,0.0,0.0,1.0,0.0,0.0,0.0,1.0,0.0,0.0,0.0,0.0,144000.0,-0.4678584262035476
1.336635976438749,0.7468158993525603,0.2124527402361962,2.1960092401278275,0.8930528416401682,0.7772367703207032,0.2059921720278468,0.29818073040869925,0.0,0.0,0.0,0.0,0.0,0.0,0.0,0.0,1.0,0.0,0.0,0.0,0.0,0.0,0.0,0.0,0.0,0.0,0.0,0.0,0.0,0.0,0.0,0.0,0.0,0.0,0.0,0.0,1.0,0.0,0.0,0.0,0.0,1.0,0.0,0.0,0.0,0.0,0.0,0.0,1.0,0.0,0.0,325000.0,1.795001184064496
-0.7656956092022585,-0.14621852212113046,-0.17540073492673539,-1.0945148462614094,-0.3206761238572288,-1.021987401155326,0.2059921720278468,-1.0371220601333149,0.0,0.0,0.0,0.0,0.0,1.0,0.0,0.0,0.0,0.0,0.0,0.0,0.0,0.0,0.0,0.0,0.0,0.0,0.0,0.0,0.0,0.0,0.0,0.0,0.0,0.0,0.0,0.0,1.0,0.0,0.0,0.0,0.0,0.0,1.0,0.0,0.0,0.0,0.0,1.0,0.0,0.0,0.0,129200.0,-0.6528878308000506
0.6358587812250798,1.1767954356176706,-0.15257924403165662,-0.3878645219386761,0.5384060840265912,0.7772367703207032,0.2059921720278468,0.29818073040869925,0.0,0.0,0.0,0.0,0.0,0.0,0.0,0.0,0.0,0.0,0.0,0.0,0.0,1.0,0.0,0.0,0.0,0.0,0.0,0.0,0.0,0.0,0.0,0.0,0.0,0.0,0.0,0.0,1.0,0.0,0.0,0.0,0.0,1.0,0.0,0.0,0.0,0.0,1.0,0.0,0.0,0.0,0.0,176485.0,-0.06173138510102057
1.336635976438749,1.1106447377307307,0.2205073840815181,2.0374533501828376,0.20138152554909255,2.5764609417967326,1.4096672285210494,1.6334835209507133,0.0,0.0,0.0,0.0,0.0,0.0,0.0,0.0,0.0,0.0,0.0,0.0,0.0,0.0,0.0,0.0,0.0,0.0,0.0,0.0,0.0,0.0,0.0,1.0,0.0,0.0,0.0,0.0,0.0,1.0,0.0,0.0,0.0,0.0,0.0,1.0,0.0,0.0,0.0,0.0,1.0,0.0,0.0,349265.0,2.0983618936951816
-0.7656956092022585,-0.34467061578195063,-0.3763193508461542,-0.5170582100420013,-0.3206761238572288,-1.021987401155326,0.2059921720278468,-1.0371220601333149,0.0,0.0,0.0,0.0,0.0,1.0,0.0,0.0,0.0,0.0,0.0,0.0,0.0,0.0,0.0,0.0,0.0,0.0,0.0,0.0,0.0,0.0,0.0,0.0,0.0,0.0,0.0,0.0,1.0,0.0,0.0,0.0,0.0,0.0,1.0,0.0,0.0,0.0,0.0,1.0,0.0,0.0,0.0,135000.0,-0.5803763073770968
-0.7656956092022585,-0.11314317317766043,-0.03500381790063814,-0.5953574149531075,0.30491194547355294,-1.021987401155326,0.2059921720278468,-1.0371220601333149,0.0,0.0,0.0,0.0,0.0,0.0,0.0,0.0,0.0,0.0,0.0,0.0,1.0,0.0,0.0,0.0,0.0,0.0,0.0,0.0,0.0,0.0,0.0,0.0,0.0,0.0,0.0,0.0,1.0,0.0,0.0,0.0,0.0,0.0,1.0,0.0,0.0,0.0,1.0,0.0,0.0,0.0,0.0,144000.0,-0.4678584262035476
2.037413171652418,0.9783433419568505,-0.07124971520458674,0.8747101572529109,0.6595587030871299,0.7772367703207032,0.2059921720278468,1.6334835209507133,0.0,0.0,0.0,0.0,0.0,0.0,0.0,1.0,0.0,0.0,0.0,0.0,0.0,0.0,0.0,0.0,0.0,0.0,0.0,0.0,0.0,0.0,0.0,0.0,0.0,0.0,0.0,0.0,0.0,1.0,0.0,0.0,0.0,1.0,0.0,0.0,0.0,0.0,1.0,0.0,0.0,0.0,0.0,274000.0,1.1573998574143842
-0.7656956092022585,-0.14621852212113046,-0.21914192580896966,-1.090599886015854,-0.2523901022049252,-1.021987401155326,-0.9976828844653559,0.29818073040869925,0.0,0.0,0.0,0.0,0.0,1.0,0.0,0.0,0.0,0.0,0.0,0.0,0.0,0.0,0.0,0.0,0.0,0.0,0.0,0.0,0.0,0.0,0.0,0.0,0.0,0.0,0.0,1.0,0.0,0.0,0.0,0.0,0.0,0.0,1.0,0.0,0.0,0.0,0.0,1.0,0.0,0.0,0.0,134500.0,-0.5866273007756273
-0.06491841398858939,-1.866136667181572,-0.13568686596716206,0.4225322488912728,-0.545359162842228,0.7772367703207032,1.4096672285210494,0.29818073040869925,0.0,0.0,0.0,0.0,0.0,0.0,0.0,0.0,0.0,0.0,0.0,1.0,0.0,0.0,0.0,0.0,0.0,0.0,0.0,0.0,0.0,0.0,0.0,0.0,0.0,0.0,0.0,1.0,0.0,0.0,0.0,0.0,0.0,1.0,0.0,0.0,0.0,0.0,0.0,1.0,0.0,0.0,0.0,162500.0,-0.23657167045791885
-1.4664728044159276,-1.4361571309164616,-0.28559273753287545,0.9412644814273512,0.14190660346482808,0.7772367703207032,1.4096672285210494,0.29818073040869925,0.0,0.0,0.0,0.0,0.0,0.0,0.0,0.0,0.0,0.0,1.0,0.0,0.0,0.0,0.0,0.0,0.0,0.0,0.0,0.0,0.0,0.0,0.0,0.0,0.0,0.0,0.0,1.0,0.0,0.0,0.0,0.0,0.0,1.0,0.0,0.0,0.0,0.0,0.0,1.0,0.0,0.0,0.0,135000.0,-0.5803763073770968
-1.4664728044159276,0.7798912482960303,0.8406030901178981,0.3520629644712772,1.3710549932062936,0.7772367703207032,1.4096672285210494,0.29818073040869925,0.0,0.0,0.0,0.0,0.0,0.0,0.0,0.0,0.0,0.0,0.0,0.0,0.0,0.0,0.0,0.0,1.0,0.0,0.0,0.0,0.0,0.0,0.0,0.0,0.0,0.0,0.0,0.0,1.0,0.0,0.0,0.0,0.0,1.0,0.0,0.0,0.0,0.0,1.0,0.0,0.0,0.0,0.0,170000.0,-0.14280676947996124
-0.06491841398858939,0.8460419461829704,0.05393287455812465,0.2032944751401755,-0.2898372753690917,0.7772367703207032,0.2059921720278468,0.29818073040869925,0.0,0.0,0.0,0.0,0.0,0.0,0.0,0.0,0.0,0.0,0.0,0.0,0.0,1.0,0.0,0.0,0.0,0.0,0.0,0.0,0.0,0.0,0.0,0.0,0.0,0.0,0.0,0.0,1.0,0.0,0.0,0.0,0.0,0.0,1.0,0.0,0.0,0.0,1.0,0.0,0.0,0.0,0.0,181000.0,-0.005284914712290088
-0.7656956092022585,-0.37774596472542066,-0.3755362604723035,-0.716721182565322,-0.10480418444026894,-1.021987401155326,-0.9976828844653559,-1.0371220601333149,0.0,1.0,0.0,0.0,0.0,0.0,0.0,0.0,0.0,0.0,0.0,0.0,0.0,0.0,0.0,0.0,0.0,0.0,0.0,0.0,0.0,0.0,0.0,0.0,0.0,0.0,0.0,0.0,1.0,0.0,0.0,0.0,0.0,0.0,1.0,0.0,0.0,0.0,0.0,1.0,0.0,0.0,0.0,135000.0,-0.5803763073770968
-0.7656956092022585,0.18453496731356983,-0.17417016433925564,-0.9007243141064215,-0.038720937679975094,0.7772367703207032,0.2059921720278468,0.29818073040869925,0.0,0.0,0.0,0.0,0.0,0.0,0.0,1.0,0.0,0.0,0.0,0.0,0.0,0.0,0.0,0.0,0.0,0.0,0.0,0.0,0.0,0.0,0.0,0.0,0.0,0.0,0.0,1.0,0.0,0.0,0.0,0.0,0.0,1.0,0.0,0.0,0.0,0.0,1.0,0.0,0.0,0.0,0.0,150500.0,-0.386595512022651
-0.7656956092022585,-0.14621852212113046,-0.31803505302097757,-0.22147871150257548,-0.2523901022049252,-1.021987401155326,0.2059921720278468,-1.0371220601333149,0.0,1.0,0.0,0.0,0.0,0.0,0.0,0.0,0.0,0.0,0.0,0.0,0.0,0.0,0.0,0.0,0.0,0.0,0.0,0.0,0.0,0.0,0.0,0.0,0.0,0.0,0.0,0.0,1.0,0.0,0.0,0.0,0.0,0.0,1.0,0.0,0.0,0.0,0.0,1.0,0.0,0.0,0.0,145000.0,-0.4553564394064866
-0.7656956092022585,-0.6092734073297109,0.27040142790115107,-1.0768975251564104,-0.1620763316325236,-1.021987401155326,-0.9976828844653559,0.29818073040869925,0.0,1.0,0.0,0.0,0.0,0.0,0.0,0.0,0.0,0.0,0.0,0.0,0.0,0.0,0.0,0.0,0.0,0.0,0.0,0.0,0.0,0.0,0.0,0.0,0.0,0.0,0.0,1.0,0.0,0.0,0.0,0.0,0.0,0.0,1.0,0.0,0.0,0.0,0.0,1.0,0.0,0.0,0.0,130000.0,-0.6428862413624018
-0.06491841398858939,0.2506856652005099,1.4792692250198816,0.24440155771850625,1.249902374145755,0.7772367703207032,0.2059921720278468,0.29818073040869925,0.0,0.0,1.0,0.0,0.0,0.0,0.0,0.0,0.0,0.0,0.0,0.0,0.0,0.0,0.0,0.0,0.0,0.0,0.0,0.0,0.0,0.0,0.0,0.0,0.0,0.0,0.0,0.0,1.0,0.0,0.0,0.0,0.0,0.0,0.0,0.0,1.0,0.0,1.0,0.0,0.0,0.0,0.0,242500.0,0.7635872733069623
-0.7656956092022585,-0.5100473604993008,0.42713137272470664,-0.12360470536369275,0.28728974633747456,-1.021987401155326,0.2059921720278468,0.29818073040869925,0.0,0.0,0.0,0.0,0.0,1.0,0.0,0.0,0.0,0.0,0.0,0.0,0.0,0.0,0.0,0.0,0.0,0.0,0.0,0.0,0.0,0.0,0.0,0.0,0.0,0.0,0.0,1.0,0.0,0.0,0.0,0.0,0.0,0.0,1.0,0.0,0.0,0.0,0.0,1.0,0.0,0.0,0.0,168000.0,-0.16781074307408328
0.6358587812250798,0.8129665972395004,0.1707252103152924,0.007546462862410082,0.9833666122125697,0.7772367703207032,0.2059921720278468,0.29818073040869925,0.0,0.0,0.0,0.0,0.0,0.0,0.0,1.0,0.0,0.0,0.0,0.0,0.0,0.0,0.0,0.0,0.0,0.0,0.0,0.0,0.0,0.0,0.0,0.0,0.0,0.0,0.0,0.0,1.0,0.0,0.0,0.0,0.0,1.0,0.0,0.0,0.0,0.0,1.0,0.0,0.0,0.0,0.0,203000.0,0.2697587948230522
-1.4664728044159276,-1.4692324798599317,0.04956994247524195,-1.0416628829464125,-0.8845864962117364,0.7772367703207032,1.4096672285210494,-1.0371220601333149,0.0,0.0,0.0,0.0,0.0,0.0,0.0,0.0,0.0,1.0,0.0,0.0,0.0,0.0,0.0,0.0,0.0,0.0,0.0,0.0,0.0,0.0,0.0,0.0,0.0,0.0,0.0,1.0,0.0,0.0,0.0,0.0,0.0,0.0,1.0,0.0,0.0,0.0,0.0,1.0,0.0,0.0,0.0,64500.0,-1.4617663765698983
0.6358587812250798,1.1767954356176706,-0.19206937288441545,-0.2508409133442403,0.6926003264672768,0.7772367703207032,0.2059921720278468,0.29818073040869925,0.0,0.0,0.0,0.0,1.0,0.0,0.0,0.0,0.0,0.0,0.0,0.0,0.0,0.0,0.0,0.0,0.0,0.0,0.0,0.0,0.0,0.0,0.0,0.0,0.0,0.0,0.0,0.0,1.0,0.0,0.0,0.0,0.0,1.0,0.0,0.0,0.0,0.0,0.0,0.0,1.0,0.0,0.0,250580.0,0.8646033266272153
-0.7656956092022585,-1.5023078288034015,-0.4739819074706824,-0.42897160451700683,-0.6643090070107568,-1.021987401155326,-0.9976828844653559,0.29818073040869925,0.0,0.0,0.0,0.0,0.0,0.0,0.0,0.0,0.0,0.0,0.0,1.0,0.0,0.0,0.0,0.0,0.0,0.0,0.0,0.0,0.0,0.0,0.0,0.0,0.0,0.0,0.0,1.0,0.0,0.0,0.0,0.0,0.0,1.0,0.0,0.0,0.0,0.0,0.0,1.0,0.0,0.0,0.0,132500.0,-0.6116312743697493
-0.06491841398858939,-0.708499454160121,0.12552970873876387,-0.8341699899319812,-0.8691670719676677,-1.021987401155326,0.2059921720278468,-1.0371220601333149,0.0,0.0,0.0,0.0,0.0,0.0,0.0,0.0,0.0,0.0,0.0,0.0,1.0,0.0,0.0,0.0,0.0,0.0,0.0,0.0,0.0,0.0,0.0,0.0,0.0,0.0,0.0,0.0,1.0,0.0,0.0,0.0,0.0,1.0,0.0,0.0,0.0,0.0,0.0,1.0,0.0,0.0,0.0,144500.0,-0.4616074328050171
-0.06491841398858939,0.8460419461829704,0.27308630918292504,0.36772280545349845,-0.9726974918921282,0.7772367703207032,1.4096672285210494,0.29818073040869925,0.0,0.0,0.0,0.0,0.0,0.0,1.0,0.0,0.0,0.0,0.0,0.0,0.0,0.0,0.0,0.0,0.0,0.0,0.0,0.0,0.0,0.0,0.0,0.0,0.0,0.0,0.0,0.0,1.0,0.0,0.0,0.0,0.0,1.0,0.0,0.0,0.0,0.0,1.0,0.0,0.0,0.0,0.0,200000.0,0.2322528344318692
0.6358587812250798,-1.3369310840860515,-0.3531622497908537,0.003631502616854774,-0.620253509170561,-1.021987401155326,0.2059921720278468,-1.0371220601333149,0.0,0.0,0.0,0.0,0.0,0.0,0.0,0.0,0.0,0.0,0.0,0.0,0.0,0.0,0.0,0.0,1.0,0.0,0.0,0.0,0.0,0.0,0.0,0.0,0.0,0.0,0.0,0.0,1.0,0.0,0.0,0.0,0.0,0.0,1.0,0.0,0.0,0.0,1.0,0.0,0.0,0.0,0.0,149000.0,-0.40534849221824254
0.6358587812250798,0.9121926440699104,0.051807343543386924,0.7298566281673645,-0.15326523206448442,0.7772367703207032,0.2059921720278468,0.29818073040869925,0.0,0.0,0.0,0.0,0.0,0.0,0.0,1.0,0.0,0.0,0.0,0.0,0.0,0.0,0.0,0.0,0.0,0.0,0.0,0.0,0.0,0.0,0.0,0.0,0.0,0.0,0.0,0.0,1.0,0.0,0.0,0.0,0.0,1.0,0.0,0.0,0.0,0.0,1.0,0.0,0.0,0.0,0.0,235500.0,0.6760733657275352
1.336635976438749,0.6145145035786802,-0.08780648310885956,2.5640155032100265,0.8710250927200702,0.7772367703207032,1.4096672285210494,0.29818073040869925,0.0,0.0,0.0,0.0,0.0,0.0,0.0,0.0,1.0,0.0,0.0,0.0,0.0,0.0,0.0,0.0,0.0,0.0,0.0,0.0,0.0,0.0,0.0,0.0,0.0,0.0,0.0,0.0,1.0,0.0,0.0,0.0,0.0,1.0,0.0,0.0,0.0,0.0,0.0,0.0,1.0,0.0,0.0,302000.0,1.5074554877320927
-0.7656956092022585,-0.013917126347250347,-0.4065242652661114,-1.3783494640641691,-0.5761980113303651,-1.021987401155326,-0.9976828844653559,-2.372424850675329,0.0,0.0,1.0,0.0,0.0,0.0,0.0,0.0,0.0,0.0,0.0,0.0,0.0,0.0,0.0,0.0,0.0,0.0,0.0,0.0,0.0,0.0,0.0,0.0,0.0,0.0,0.0,0.0,1.0,0.0,0.0,0.0,0.0,0.0,1.0,0.0,0.0,0.0,1.0,0.0,0.0,0.0,0.0,138000.0,-0.5428703469859137
-0.7656956092022585,-0.24544456895154054,0.42008355936004993,-0.6814865403553242,0.20798985022512192,-1.021987401155326,0.2059921720278468,0.29818073040869925,0.0,1.0,0.0,0.0,0.0,0.0,0.0,0.0,0.0,0.0,0.0,0.0,0.0,0.0,0.0,0.0,0.0,0.0,0.0,0.0,0.0,0.0,0.0,0.0,0.0,0.0,0.0,0.0,1.0,0.0,0.0,0.0,0.0,0.0,1.0,0.0,0.0,0.0,0.0,1.0,0.0,0.0,0.0,180500.0,-0.011535908110820595
-0.7656956092022585,-0.6423487562731809,-0.18401472903909352,-0.8928943936153109,-1.1401083836848724,-1.021987401155326,-0.9976828844653559,0.29818073040869925,0.0,0.0,0.0,0.0,0.0,0.0,0.0,0.0,0.0,0.0,0.0,0.0,0.0,0.0,0.0,0.0,0.0,0.0,0.0,1.0,0.0,0.0,0.0,0.0,0.0,0.0,0.0,0.0,0.0,0.0,1.0,0.0,0.0,0.0,0.0,0.0,1.0,0.0,0.0,1.0,0.0,0.0,0.0,55993.0,-1.5681207782524964
1.336635976438749,1.1106447377307307,0.42120225989412247,0.6300251419057041,1.6838490278716844,0.7772367703207032,0.2059921720278468,1.6334835209507133,0.0,0.0,0.0,1.0,0.0,0.0,0.0,0.0,0.0,0.0,0.0,0.0,0.0,0.0,0.0,0.0,0.0,0.0,0.0,0.0,0.0,0.0,0.0,0.0,0.0,0.0,0.0,0.0,1.0,0.0,0.0,0.0,0.0,0.0,0.0,1.0,0.0,0.0,0.0,0.0,1.0,0.0,0.0,259000.0,0.969870055458469
-0.7656956092022585,-1.7007599224642218,-0.5545283459239015,-1.583884876955823,-0.8074893749913935,-1.021987401155326,-0.9976828844653559,-1.0371220601333149,0.0,0.0,0.0,0.0,0.0,0.0,0.0,0.0,0.0,1.0,0.0,0.0,0.0,0.0,0.0,0.0,0.0,0.0,0.0,0.0,0.0,0.0,0.0,0.0,0.0,0.0,0.0,1.0,0.0,0.0,0.0,0.0,0.0,0.0,0.0,1.0,0.0,0.0,0.0,0.0,0.0,1.0,0.0,86000.0,-1.1929736604330865
1.336635976438749,1.0114186909003204,0.09991146650850391,1.5461258393656463,0.15512325281688685,0.7772367703207032,1.4096672285210494,0.29818073040869925,0.0,0.0,0.0,0.0,0.0,0.0,0.0,1.0,0.0,0.0,0.0,0.0,0.0,0.0,0.0,0.0,0.0,0.0,0.0,0.0,0.0,0.0,0.0,0.0,0.0,0.0,0.0,0.0,1.0,0.0,0.0,0.0,0.0,1.0,0.0,0.0,0.0,0.0,1.0,0.0,0.0,0.0,0.0,255900.0,0.9311138963875799
-0.06491841398858939,-1.6676845735207517,-0.4068598754263331,-0.1255621854864704,-1.0409835135444319,-1.021987401155326,0.2059921720278468,-1.0371220601333149,0.0,0.0,0.0,0.0,0.0,0.0,0.0,0.0,0.0,0.0,0.0,0.0,0.0,0.0,0.0,0.0,1.0,0.0,0.0,0.0,0.0,0.0,0.0,0.0,0.0,0.0,0.0,1.0,0.0,0.0,0.0,0.0,0.0,0.0,1.0,0.0,0.0,0.0,0.0,1.0,0.0,0.0,0.0,141500.0,-0.4991133931962002
-1.4664728044159276,-0.04699247529072038,-0.9347746574551402,-0.7989353477219835,-1.1268917343328138,-1.021987401155326,0.2059921720278468,-1.0371220601333149,0.0,0.0,0.0,0.0,0.0,0.0,0.0,0.0,0.0,0.0,0.0,0.0,0.0,0.0,0.0,0.0,0.0,0.0,0.0,0.0,0.0,0.0,0.0,0.0,0.0,1.0,0.0,0.0,1.0,0.0,0.0,0.0,0.0,0.0,1.0,0.0,0.0,0.0,0.0,1.0,0.0,0.0,0.0,75000.0,-1.3304955152007576
-0.7656956092022585,-0.5100473604993008,0.42713137272470664,-0.24496847297590732,0.40183404072198387,-1.021987401155326,0.2059921720278468,-1.0371220601333149,0.0,0.0,0.0,0.0,0.0,1.0,0.0,0.0,0.0,0.0,0.0,0.0,0.0,0.0,0.0,0.0,0.0,0.0,0.0,0.0,0.0,0.0,0.0,0.0,0.0,0.0,0.0,0.0,1.0,0.0,0.0,0.0,0.0,0.0,1.0,0.0,0.0,0.0,0.0,1.0,0.0,0.0,0.0,187000.0,0.069727006070076
2.738190366866087,1.1437200866742006,0.254627750370729,0.6339401021512594,1.688254577655704,0.7772367703207032,0.2059921720278468,1.6334835209507133,0.0,0.0,0.0,0.0,0.0,0.0,0.0,0.0,0.0,0.0,0.0,0.0,0.0,0.0,0.0,1.0,0.0,0.0,0.0,0.0,0.0,0.0,0.0,0.0,0.0,0.0,0.0,0.0,1.0,0.0,0.0,0.0,0.0,0.0,0.0,1.0,0.0,0.0,0.0,0.0,1.0,0.0,0.0,392000.0,2.632634299467584
1.336635976438749,1.1437200866742006,-0.7645084361693075,-0.6834440204781019,0.18375932641301418,0.7772367703207032,-0.9976828844653559,0.29818073040869925,0.0,0.0,0.0,0.0,1.0,0.0,0.0,0.0,0.0,0.0,0.0,0.0,0.0,0.0,0.0,0.0,0.0,0.0,0.0,0.0,0.0,0.0,0.0,0.0,0.0,0.0,0.0,0.0,1.0,0.0,0.0,0.0,0.0,1.0,0.0,0.0,0.0,0.0,1.0,0.0,0.0,0.0,0.0,166000.0,-0.1928147166682053
-0.06491841398858939,-0.4108213136688907,1.3027382807432428,0.29725352103350294,1.1772108027094317,-1.021987401155326,0.2059921720278468,0.29818073040869925,0.0,1.0,0.0,0.0,0.0,0.0,0.0,0.0,0.0,0.0,0.0,0.0,0.0,0.0,0.0,0.0,0.0,0.0,0.0,0.0,0.0,0.0,0.0,0.0,0.0,0.0,0.0,0.0,1.0,0.0,0.0,0.0,0.0,1.0,0.0,0.0,0.0,0.0,0.0,1.0,0.0,0.0,0.0,200000.0,0.2322528344318692
-0.7656956092022585,-1.7007599224642218,-0.1554878654202451,-0.8282975495636483,-0.2127401541487489,-1.021987401155326,-0.9976828844653559,-1.0371220601333149,0.0,0.0,0.0,0.0,0.0,0.0,0.0,0.0,0.0,0.0,0.0,0.0,0.0,0.0,0.0,0.0,0.0,0.0,0.0,1.0,0.0,0.0,0.0,0.0,0.0,0.0,0.0,1.0,0.0,0.0,0.0,0.0,0.0,0.0,1.0,0.0,0.0,0.0,0.0,0.0,0.0,1.0,0.0,67000.0,-1.4305114095772458
-1.4664728044159276,-0.14621852212113046,-0.3531622497908537,2.250818683565602,-2.3296068253701616,2.5764609417967326,3.817017341507455,-2.372424850675329,0.0,0.0,0.0,0.0,0.0,0.0,0.0,0.0,0.0,0.0,1.0,0.0,0.0,0.0,0.0,0.0,0.0,0.0,0.0,0.0,0.0,0.0,0.0,0.0,0.0,0.0,0.0,0.0,1.0,0.0,0.0,0.0,0.0,0.0,1.0,0.0,0.0,0.0,0.0,1.0,0.0,0.0,0.0,160000.0,-0.2678266374505714
-0.7656956092022585,-0.675424105216651,0.08313095849741658,-0.039433060084253624,0.0493900580004167,-1.021987401155326,1.4096672285210494,-1.0371220601333149,0.0,0.0,0.0,0.0,0.0,0.0,0.0,0.0,0.0,0.0,0.0,0.0,1.0,0.0,0.0,0.0,0.0,0.0,0.0,0.0,0.0,0.0,0.0,0.0,0.0,0.0,0.0,0.0,1.0,0.0,0.0,0.0,0.0,0.0,1.0,0.0,0.0,0.0,0.0,1.0,0.0,0.0,0.0,136500.0,-0.5616233271815052
-0.7656956092022585,0.21761031625703986,0.6613872645594856,-1.1610691704358496,-0.3316899983172778,-1.021987401155326,0.2059921720278468,-1.0371220601333149,0.0,0.0,0.0,0.0,0.0,0.0,0.0,1.0,0.0,0.0,0.0,0.0,0.0,0.0,0.0,0.0,0.0,0.0,0.0,0.0,0.0,0.0,0.0,0.0,0.0,0.0,0.0,0.0,1.0,0.0,0.0,0.0,0.0,0.0,1.0,0.0,0.0,0.0,1.0,0.0,0.0,0.0,0.0,140000.0,-0.5178663733917916
-0.7656956092022585,-0.4438966626123607,-0.3363817417797664,-0.8987668339836439,-0.0365181627879653,-1.021987401155326,0.2059921720278468,-1.0371220601333149,0.0,1.0,0.0,0.0,0.0,0.0,0.0,0.0,0.0,0.0,0.0,0.0,0.0,0.0,0.0,0.0,0.0,0.0,0.0,0.0,0.0,0.0,0.0,0.0,0.0,0.0,0.0,0.0,1.0,0.0,0.0,0.0,0.0,0.0,1.0,0.0,0.0,0.0,0.0,1.0,0.0,0.0,0.0,128000.0,-0.6678902149565239
0.6358587812250798,0.2506856652005099,0.10986790126174904,0.8414329951656908,-0.6114424096025217,0.7772367703207032,1.4096672285210494,0.29818073040869925,0.0,0.0,0.0,0.0,0.0,0.0,0.0,0.0,0.0,0.0,0.0,0.0,0.0,0.0,1.0,0.0,0.0,0.0,0.0,0.0,0.0,0.0,0.0,0.0,0.0,0.0,0.0,0.0,1.0,0.0,0.0,0.0,0.0,1.0,0.0,0.0,0.0,0.0,1.0,0.0,0.0,0.0,0.0,192000.0,0.13223694005538106
2.738190366866087,0.8791172951264404,-0.716628053311005,1.7477462920117448,-0.19291518012066075,0.7772367703207032,-0.9976828844653559,0.29818073040869925,0.0,0.0,0.0,0.0,1.0,0.0,0.0,0.0,0.0,0.0,0.0,0.0,0.0,0.0,0.0,0.0,0.0,0.0,0.0,0.0,0.0,0.0,0.0,0.0,0.0,0.0,0.0,0.0,1.0,0.0,0.0,0.0,0.0,0.0,0.0,1.0,0.0,0.0,1.0,0.0,0.0,0.0,0.0,345000.0,2.0450409200057162
0.6358587812250798,1.1437200866742006,-0.24968245038914857,0.09759054851018217,0.07582335670453424,0.7772367703207032,-0.9976828844653559,0.29818073040869925,0.0,0.0,0.0,0.0,1.0,0.0,0.0,0.0,0.0,0.0,0.0,0.0,0.0,0.0,0.0,0.0,0.0,0.0,0.0,0.0,0.0,0.0,0.0,0.0,0.0,0.0,0.0,0.0,1.0,0.0,0.0,0.0,0.0,1.0,0.0,0.0,0.0,0.0,1.0,0.0,0.0,0.0,0.0,241000.0,0.7448342931113708
-0.06491841398858939,-1.866136667181572,-0.5125770758961833,-0.1431795065914693,-1.2656665525294308,-1.021987401155326,0.2059921720278468,-1.0371220601333149,0.0,0.0,0.0,0.0,0.0,0.0,0.0,0.0,0.0,1.0,0.0,0.0,0.0,0.0,0.0,0.0,0.0,0.0,0.0,0.0,0.0,0.0,0.0,0.0,0.0,0.0,0.0,0.0,1.0,0.0,0.0,0.0,0.0,1.0,0.0,0.0,0.0,0.0,0.0,1.0,0.0,0.0,0.0,123000.0,-0.7304001489418289
-0.06491841398858939,-0.0800678242341904,0.08033420716223537,1.1976943775112239,-0.23256512817683705,0.7772367703207032,1.4096672285210494,0.29818073040869925,0.0,1.0,0.0,0.0,0.0,0.0,0.0,0.0,0.0,0.0,0.0,0.0,0.0,0.0,0.0,0.0,0.0,0.0,0.0,0.0,0.0,0.0,0.0,0.0,0.0,0.0,0.0,0.0,1.0,0.0,0.0,0.0,0.0,0.0,1.0,0.0,0.0,0.0,0.0,0.0,0.0,1.0,0.0,206900.0,0.3185165433315902
0.6358587812250798,-1.4692324798599317,-0.34980614818863626,0.4264472091368281,-0.4550453922698263,0.7772367703207032,1.4096672285210494,0.29818073040869925,0.0,0.0,0.0,0.0,0.0,0.0,0.0,0.0,0.0,0.0,0.0,0.0,0.0,0.0,0.0,0.0,1.0,0.0,0.0,0.0,0.0,0.0,0.0,0.0,0.0,0.0,0.0,1.0,0.0,0.0,0.0,0.0,0.0,1.0,0.0,0.0,0.0,0.0,0.0,1.0,0.0,0.0,0.0,238000.0,0.7073283327201877
0.6358587812250798,-0.27851991789501057,-0.029857795443904694,0.29529604091072525,-0.7325950286630605,0.7772367703207032,1.4096672285210494,-1.0371220601333149,0.0,1.0,0.0,0.0,0.0,0.0,0.0,0.0,0.0,0.0,0.0,0.0,0.0,0.0,0.0,0.0,0.0,0.0,0.0,0.0,0.0,0.0,0.0,0.0,0.0,0.0,0.0,0.0,0.0,1.0,0.0,0.0,0.0,0.0,1.0,0.0,0.0,0.0,0.0,1.0,0.0,0.0,0.0,172000.0,-0.11780279588583922
-1.4664728044159276,-1.7007599224642218,-0.31400773109831664,-0.27041571457201685,-0.23476790306884684,0.7772367703207032,1.4096672285210494,-1.0371220601333149,0.0,0.0,0.0,0.0,0.0,0.0,0.0,0.0,0.0,0.0,0.0,0.0,1.0,0.0,0.0,0.0,0.0,0.0,0.0,0.0,0.0,0.0,0.0,0.0,0.0,0.0,0.0,1.0,0.0,0.0,0.0,0.0,0.0,0.0,1.0,0.0,0.0,0.0,0.0,1.0,0.0,0.0,0.0,96000.0,-1.0679537924624762
-0.06491841398858939,-0.013917126347250347,-0.970684944598867,-0.7989353477219835,-1.1731500070650194,-1.021987401155326,0.2059921720278468,-1.0371220601333149,0.0,0.0,0.0,0.0,0.0,0.0,0.0,0.0,0.0,0.0,0.0,0.0,0.0,0.0,0.0,0.0,0.0,0.0,0.0,0.0,0.0,1.0,0.0,0.0,0.0,0.0,0.0,1.0,0.0,0.0,0.0,0.0,0.0,0.0,1.0,0.0,0.0,0.0,0.0,1.0,0.0,0.0,0.0,88000.0,-1.1679696868389644
-0.06491841398858939,-0.47697201155583074,0.4570006769844421,0.6633023039929242,0.9238916901283053,0.7772367703207032,0.2059921720278468,0.29818073040869925,0.0,0.0,0.0,0.0,0.0,0.0,0.0,0.0,0.0,0.0,0.0,0.0,0.0,0.0,0.0,0.0,1.0,0.0,0.0,0.0,0.0,0.0,0.0,0.0,0.0,0.0,0.0,0.0,1.0,0.0,0.0,0.0,0.0,1.0,0.0,0.0,0.0,0.0,0.0,1.0,0.0,0.0,0.0,257500.0,0.9511170752628775
-0.7656956092022585,0.5152884567482701,0.04956994247524195,-0.5875274944619968,0.3137230450415921,2.5764609417967326,0.2059921720278468,-2.372424850675329,0.0,0.0,0.0,0.0,0.0,0.0,0.0,0.0,0.0,0.0,0.0,0.0,1.0,0.0,0.0,0.0,0.0,0.0,0.0,0.0,0.0,0.0,0.0,0.0,0.0,0.0,0.0,0.0,1.0,0.0,0.0,0.0,0.0,0.0,1.0,0.0,0.0,0.0,1.0,0.0,0.0,0.0,0.0,179000.0,-0.030288888306412118
0.6358587812250798,0.8791172951264404,-0.18703522048108925,-0.1470944668370246,0.809347395743796,0.7772367703207032,0.2059921720278468,0.29818073040869925,0.0,0.0,0.0,0.0,0.0,0.0,0.0,1.0,0.0,0.0,0.0,0.0,0.0,0.0,0.0,0.0,0.0,0.0,0.0,0.0,0.0,0.0,0.0,0.0,0.0,0.0,0.0,0.0,1.0,0.0,0.0,0.0,0.0,0.0,1.0,0.0,0.0,0.0,1.0,0.0,0.0,0.0,0.0,193000.0,0.14473892685244208
-0.7656956092022585,0.01915822259621968,-0.35539965085899866,-1.2452408157152886,-0.426409318673699,-1.021987401155326,0.2059921720278468,-1.0371220601333149,0.0,0.0,0.0,0.0,0.0,0.0,0.0,1.0,0.0,0.0,0.0,0.0,0.0,0.0,0.0,0.0,0.0,0.0,0.0,0.0,0.0,0.0,0.0,0.0,0.0,0.0,0.0,1.0,0.0,0.0,0.0,0.0,0.0,0.0,1.0,0.0,0.0,0.0,0.0,1.0,0.0,0.0,0.0,127000.0,-0.6803922017535848
0.6358587812250798,0.7468158993525603,0.05314978418427391,0.7729211908684729,-0.7612311022591878,0.7772367703207032,0.2059921720278468,0.29818073040869925,0.0,0.0,0.0,0.0,0.0,0.0,0.0,0.0,0.0,0.0,0.0,0.0,0.0,1.0,0.0,0.0,0.0,0.0,0.0,0.0,0.0,0.0,0.0,0.0,0.0,0.0,0.0,0.0,1.0,0.0,0.0,0.0,0.0,1.0,0.0,0.0,0.0,0.0,1.0,0.0,0.0,0.0,0.0,194500.0,0.1634919070480336
1.336635976438749,1.1106447377307307,0.02428731040520372,0.8864550379895768,0.05379560778443629,0.7772367703207032,0.2059921720278468,1.6334835209507133,0.0,0.0,0.0,0.0,1.0,0.0,0.0,0.0,0.0,0.0,0.0,0.0,0.0,0.0,0.0,0.0,0.0,0.0,0.0,0.0,0.0,0.0,0.0,0.0,0.0,0.0,0.0,0.0,1.0,0.0,0.0,0.0,0.0,1.0,0.0,0.0,0.0,0.0,1.0,0.0,0.0,0.0,0.0,252000.0,0.8823561478790419
-0.7656956092022585,-0.774650152047061,0.11053912158219255,0.8218581939379143,-0.2854317255850721,0.7772367703207032,1.4096672285210494,0.29818073040869925,0.0,1.0,0.0,0.0,0.0,0.0,0.0,0.0,0.0,0.0,0.0,0.0,0.0,0.0,0.0,0.0,0.0,0.0,0.0,0.0,0.0,0.0,0.0,0.0,0.0,0.0,0.0,1.0,0.0,0.0,0.0,0.0,0.0,0.0,1.0,0.0,0.0,0.0,0.0,1.0,0.0,0.0,0.0,137000.0,-0.5553723337829747
0.6358587812250798,-0.14621852212113046,1.1184883027815042,0.6456849828879254,1.7785683482281056,-1.021987401155326,-0.9976828844653559,0.29818073040869925,0.0,0.0,0.0,0.0,0.0,0.0,1.0,0.0,0.0,0.0,0.0,0.0,0.0,0.0,0.0,0.0,0.0,0.0,0.0,0.0,0.0,0.0,0.0,0.0,0.0,0.0,0.0,0.0,1.0,0.0,0.0,0.0,0.0,0.0,1.0,0.0,0.0,0.0,1.0,0.0,0.0,0.0,0.0,278000.0,1.2074078046026284
-0.06491841398858939,-1.5023078288034015,-0.7167399233644123,-0.5405479715153331,-0.5277369637061495,-1.021987401155326,0.2059921720278468,-1.0371220601333149,0.0,0.0,0.0,0.0,0.0,0.0,0.0,0.0,0.0,1.0,0.0,0.0,0.0,0.0,0.0,0.0,0.0,0.0,0.0,0.0,0.0,0.0,0.0,0.0,0.0,0.0,0.0,1.0,0.0,0.0,0.0,0.0,0.0,0.0,1.0,0.0,0.0,0.0,0.0,1.0,0.0,0.0,0.0,115000.0,-0.8304160433183171
1.336635976438749,1.1106447377307307,-0.16891227182911495,0.07410078703685033,1.0582609585409029,0.7772367703207032,0.2059921720278468,0.29818073040869925,0.0,0.0,0.0,0.0,1.0,0.0,0.0,0.0,0.0,0.0,0.0,0.0,0.0,0.0,0.0,0.0,0.0,0.0,0.0,0.0,0.0,0.0,0.0,0.0,0.0,0.0,0.0,0.0,1.0,0.0,0.0,0.0,0.0,1.0,0.0,0.0,0.0,0.0,1.0,0.0,0.0,0.0,0.0,260000.0,0.9823720422555301
0.6358587812250798,0.7468158993525603,-0.16522056006667574,1.1937794172656686,-0.24137622774487622,0.7772367703207032,0.2059921720278468,0.29818073040869925,1.0,0.0,0.0,0.0,0.0,0.0,0.0,0.0,0.0,0.0,0.0,0.0,0.0,0.0,0.0,0.0,0.0,0.0,0.0,0.0,0.0,0.0,0.0,0.0,0.0,0.0,0.0,0.0,1.0,0.0,0.0,0.0,0.0,1.0,0.0,0.0,0.0,0.0,1.0,0.0,0.0,0.0,0.0,205000.0,0.29476276841717425
-0.06491841398858939,-0.774650152047061,-0.2565065236469907,-0.010070858242588807,-0.426409318673699,-1.021987401155326,0.2059921720278468,0.29818073040869925,0.0,1.0,0.0,0.0,0.0,0.0,0.0,0.0,0.0,0.0,0.0,0.0,0.0,0.0,0.0,0.0,0.0,0.0,0.0,0.0,0.0,0.0,0.0,0.0,0.0,0.0,0.0,1.0,0.0,0.0,0.0,0.0,0.0,0.0,1.0,0.0,0.0,0.0,0.0,1.0,0.0,0.0,0.0,135000.0,-0.5803763073770968
-0.7656956092022585,-0.675424105216651,-0.08467412161345661,-0.5562078124975544,-0.0034765394078183766,-1.021987401155326,0.2059921720278468,-1.0371220601333149,0.0,1.0,0.0,0.0,0.0,0.0,0.0,0.0,0.0,0.0,0.0,0.0,0.0,0.0,0.0,0.0,0.0,0.0,0.0,0.0,0.0,0.0,0.0,0.0,0.0,0.0,0.0,0.0,1.0,0.0,0.0,0.0,0.0,0.0,1.0,0.0,0.0,0.0,0.0,1.0,0.0,0.0,0.0,135000.0,-0.5803763073770968
0.6358587812250798,1.1106447377307307,-0.32094367440956606,-0.5718676534797756,0.3313452441776705,0.7772367703207032,-0.9976828844653559,0.29818073040869925,0.0,0.0,0.0,0.0,0.0,0.0,0.0,1.0,0.0,0.0,0.0,0.0,0.0,0.0,0.0,0.0,0.0,0.0,0.0,0.0,0.0,0.0,0.0,0.0,0.0,0.0,0.0,0.0,1.0,0.0,0.0,0.0,0.0,1.0,0.0,0.0,0.0,0.0,1.0,0.0,0.0,0.0,0.0,183600.0,0.02722025096006855
-1.4664728044159276,-1.5684585266903417,-0.004127683160237472,-0.13730706622313635,-1.016752989732324,0.7772367703207032,0.2059921720278468,0.29818073040869925,0.0,0.0,0.0,0.0,0.0,0.0,0.0,0.0,0.0,0.0,0.0,0.0,0.0,0.0,0.0,0.0,0.0,0.0,0.0,1.0,0.0,0.0,0.0,0.0,0.0,0.0,0.0,1.0,0.0,0.0,0.0,0.0,0.0,0.0,0.0,0.0,1.0,0.0,0.0,1.0,0.0,0.0,0.0,107000.0,-0.9304319376948051
1.336635976438749,0.1514596183700998,0.5751354533824968,2.73627375401446,1.1177358806251672,0.7772367703207032,-0.9976828844653559,0.29818073040869925,0.0,0.0,0.0,0.0,0.0,0.0,0.0,0.0,0.0,0.0,0.0,0.0,0.0,0.0,0.0,1.0,0.0,0.0,0.0,0.0,0.0,0.0,0.0,0.0,0.0,0.0,0.0,0.0,1.0,0.0,0.0,0.0,0.0,1.0,0.0,0.0,0.0,0.0,1.0,0.0,0.0,0.0,0.0,287000.0,1.3199256857761774
-0.7656956092022585,-1.3700064330295214,-0.4739819074706824,-0.3447999592375677,-0.6973506303909037,-1.021987401155326,0.2059921720278468,-1.0371220601333149,0.0,0.0,0.0,0.0,0.0,0.0,0.0,0.0,0.0,0.0,0.0,1.0,0.0,0.0,0.0,0.0,0.0,0.0,0.0,0.0,0.0,0.0,0.0,0.0,0.0,0.0,0.0,1.0,0.0,0.0,0.0,0.0,0.0,1.0,0.0,0.0,0.0,0.0,0.0,1.0,0.0,0.0,0.0,110000.0,-0.8929259773036221
0.6358587812250798,0.7137405504090902,-0.11633334672770801,0.5380235761351544,-0.6995534052829135,0.7772367703207032,0.2059921720278468,0.29818073040869925,1.0,0.0,0.0,0.0,0.0,0.0,0.0,0.0,0.0,0.0,0.0,0.0,0.0,0.0,0.0,0.0,0.0,0.0,0.0,0.0,0.0,0.0,0.0,0.0,0.0,0.0,0.0,0.0,1.0,0.0,0.0,0.0,0.0,1.0,0.0,0.0,0.0,0.0,1.0,0.0,0.0,0.0,0.0,213000.0,0.39477866279366236
-0.06491841398858939,1.1437200866742006,-0.16779357129504247,-0.010070858242588807,-0.7039589550669332,0.7772367703207032,0.2059921720278468,0.29818073040869925,0.0,0.0,0.0,0.0,0.0,0.0,0.0,0.0,0.0,0.0,0.0,0.0,0.0,1.0,0.0,0.0,0.0,0.0,0.0,0.0,0.0,0.0,0.0,0.0,0.0,0.0,0.0,0.0,1.0,0.0,0.0,0.0,0.0,1.0,0.0,0.0,0.0,0.0,1.0,0.0,0.0,0.0,0.0,171925.0,-0.1187404448956188
1.336635976438749,0.9783433419568505,-0.6078903613991592,0.1817621937896213,1.1794135776014414,-1.021987401155326,-3.4050329974517615,0.29818073040869925,0.0,0.0,0.0,0.0,0.0,0.0,0.0,0.0,0.0,0.0,0.0,0.0,0.0,0.0,0.0,0.0,0.0,0.0,0.0,0.0,0.0,0.0,0.0,1.0,0.0,0.0,0.0,0.0,1.0,0.0,0.0,0.0,0.0,0.0,0.0,1.0,0.0,0.0,0.0,0.0,1.0,0.0,0.0,286000.0,1.3074236989791164
-1.4664728044159276,-0.14621852212113046,0.04856311199457671,-0.399609402675342,-2.3296068253701616,0.7772367703207032,-0.9976828844653559,0.29818073040869925,0.0,0.0,0.0,0.0,0.0,1.0,0.0,0.0,0.0,0.0,0.0,0.0,0.0,0.0,0.0,0.0,0.0,0.0,0.0,0.0,0.0,0.0,0.0,0.0,0.0,0.0,0.0,0.0,0.0,0.0,0.0,0.0,1.0,0.0,1.0,0.0,0.0,0.0,0.0,1.0,0.0,0.0,0.0,90000.0,-1.1429657132448423
-0.06491841398858939,0.18453496731356983,-0.08243672054531163,-0.4211416840258962,0.40844236539801326,0.7772367703207032,0.2059921720278468,0.29818073040869925,0.0,0.0,1.0,0.0,0.0,0.0,0.0,0.0,0.0,0.0,0.0,0.0,0.0,0.0,0.0,0.0,0.0,0.0,0.0,0.0,0.0,0.0,0.0,0.0,0.0,0.0,0.0,0.0,1.0,0.0,0.0,0.0,0.0,1.0,0.0,0.0,0.0,0.0,0.0,1.0,0.0,0.0,0.0,190000.0,0.10723296646125904
-0.7656956092022585,-2.097664109785862,-0.3265371770799285,-0.4857385280775588,-1.2194082797972252,-1.021987401155326,0.2059921720278468,0.29818073040869925,0.0,0.0,0.0,0.0,0.0,0.0,0.0,0.0,0.0,0.0,0.0,1.0,0.0,0.0,0.0,0.0,0.0,0.0,0.0,0.0,0.0,0.0,0.0,0.0,0.0,0.0,0.0,0.0,1.0,0.0,0.0,0.0,0.0,0.0,1.0,0.0,0.0,0.0,0.0,0.0,0.0,1.0,0.0,127000.0,-0.6803922017535848
-0.06491841398858939,1.2098707845611407,-0.05827278900934589,-0.7186786626880997,-1.9066740461042813,-1.021987401155326,0.2059921720278468,-1.0371220601333149,0.0,0.0,0.0,0.0,0.0,0.0,0.0,0.0,0.0,1.0,0.0,0.0,0.0,0.0,0.0,0.0,0.0,0.0,0.0,0.0,0.0,0.0,0.0,0.0,0.0,0.0,0.0,1.0,0.0,0.0,0.0,0.0,0.0,0.0,1.0,0.0,0.0,0.0,0.0,1.0,0.0,0.0,0.0,143000.0,-0.48036041300060867
-0.7656956092022585,0.11838426942662977,-0.024264292773542254,-0.8341699899319812,-0.0034765394078183766,-1.021987401155326,0.2059921720278468,0.29818073040869925,0.0,0.0,0.0,0.0,0.0,0.0,0.0,0.0,0.0,0.0,0.0,0.0,0.0,0.0,1.0,0.0,0.0,0.0,0.0,0.0,0.0,0.0,0.0,0.0,0.0,0.0,0.0,0.0,1.0,0.0,0.0,0.0,0.0,0.0,1.0,0.0,0.0,0.0,1.0,0.0,0.0,0.0,0.0,153500.0,-0.349089551631468
-0.06491841398858939,0.9121926440699104,-0.9035629125545178,0.09563306838740453,-0.6907423057148744,0.7772367703207032,0.2059921720278468,0.29818073040869925,0.0,0.0,0.0,0.0,1.0,0.0,0.0,0.0,0.0,0.0,0.0,0.0,0.0,0.0,0.0,0.0,0.0,0.0,0.0,0.0,0.0,0.0,0.0,0.0,0.0,0.0,0.0,1.0,0.0,0.0,0.0,0.0,0.0,0.0,1.0,0.0,0.0,0.0,1.0,0.0,0.0,0.0,0.0,172900.0,-0.10655100776848431
-0.7656956092022585,0.11838426942662977,-0.12942214297635612,-1.1003872866297422,-0.26340397666497417,-1.021987401155326,0.2059921720278468,-1.0371220601333149,0.0,0.0,0.0,0.0,0.0,0.0,0.0,1.0,0.0,0.0,0.0,0.0,0.0,0.0,0.0,0.0,0.0,0.0,0.0,0.0,0.0,0.0,0.0,0.0,0.0,0.0,0.0,1.0,0.0,0.0,0.0,0.0,0.0,0.0,1.0,0.0,0.0,0.0,1.0,0.0,0.0,0.0,0.0,130250.0,-0.6397607446631366
-0.06491841398858939,-0.5761980583862408,0.49458901492927765,0.27376375956017107,0.5251894346745324,-1.021987401155326,0.2059921720278468,0.29818073040869925,0.0,0.0,0.0,0.0,0.0,0.0,0.0,0.0,0.0,0.0,0.0,0.0,0.0,0.0,0.0,0.0,1.0,0.0,0.0,0.0,0.0,0.0,0.0,0.0,0.0,0.0,0.0,1.0,0.0,0.0,0.0,0.0,0.0,1.0,0.0,0.0,0.0,0.0,0.0,1.0,0.0,0.0,0.0,224000.0,0.5323005175613336
-0.06491841398858939,-1.6015338756338118,0.1099797713151563,-0.5875274944619968,0.3137230450415921,-1.021987401155326,1.4096672285210494,-1.0371220601333149,0.0,0.0,0.0,0.0,0.0,0.0,0.0,0.0,0.0,1.0,0.0,0.0,0.0,0.0,0.0,0.0,0.0,0.0,0.0,0.0,0.0,0.0,0.0,0.0,0.0,0.0,0.0,1.0,0.0,0.0,0.0,0.0,0.0,0.0,1.0,0.0,0.0,0.0,0.0,1.0,0.0,0.0,0.0,125000.0,-0.7053961753477069
-0.7656956092022585,-0.5100473604993008,-0.3251947364390415,-0.8341699899319812,-0.36032607191340515,-1.021987401155326,-0.9976828844653559,0.29818073040869925,0.0,1.0,0.0,0.0,0.0,0.0,0.0,0.0,0.0,0.0,0.0,0.0,0.0,0.0,0.0,0.0,0.0,0.0,0.0,0.0,0.0,0.0,0.0,0.0,0.0,0.0,0.0,1.0,0.0,0.0,0.0,0.0,0.0,1.0,0.0,0.0,0.0,0.0,0.0,1.0,0.0,0.0,0.0,124000.0,-0.7178981621447679
-0.7656956092022585,-0.4108213136688907,4.100048966191499,4.541070427215457,-2.3296068253701616,2.5764609417967326,2.613342285014252,0.29818073040869925,0.0,0.0,0.0,0.0,0.0,0.0,0.0,0.0,0.0,0.0,0.0,0.0,1.0,0.0,0.0,0.0,0.0,0.0,0.0,0.0,0.0,0.0,0.0,0.0,0.0,0.0,0.0,0.0,1.0,0.0,0.0,0.0,0.0,0.0,0.0,1.0,0.0,0.0,0.0,1.0,0.0,0.0,0.0,284700.0,1.2911711161429371
-1.4664728044159276,-1.0392529435948212,0.22207356482921958,-1.2511132560836216,-0.43301764334972837,-1.021987401155326,-2.2013579409585584,0.29818073040869925,0.0,0.0,0.0,0.0,0.0,0.0,0.0,0.0,0.0,0.0,0.0,0.0,1.0,0.0,0.0,0.0,0.0,0.0,0.0,0.0,0.0,0.0,0.0,0.0,0.0,0.0,0.0,1.0,0.0,0.0,0.0,0.0,0.0,0.0,1.0,0.0,0.0,0.0,0.0,1.0,0.0,0.0,0.0,82500.0,-1.2367306142228
-0.06491841398858939,-0.5100473604993008,0.2965790203984473,-1.210006173505291,-0.3867593706175227,-1.021987401155326,-0.9976828844653559,-1.0371220601333149,0.0,1.0,0.0,0.0,0.0,0.0,0.0,0.0,0.0,0.0,0.0,0.0,0.0,0.0,0.0,0.0,0.0,0.0,0.0,0.0,0.0,0.0,0.0,0.0,0.0,0.0,0.0,0.0,1.0,0.0,0.0,0.0,0.0,0.0,1.0,0.0,0.0,0.0,0.0,0.0,0.0,1.0,0.0,124500.0,-0.7116471687462375
0.6358587812250798,0.8129665972395004,1.2502712256952433,1.0743731297762316,0.01634843462026978,0.7772367703207032,1.4096672285210494,0.29818073040869925,0.0,0.0,0.0,0.0,0.0,0.0,0.0,1.0,0.0,0.0,0.0,0.0,0.0,0.0,0.0,0.0,0.0,0.0,0.0,0.0,0.0,0.0,0.0,0.0,0.0,0.0,0.0,0.0,1.0,0.0,0.0,0.0,0.0,1.0,0.0,0.0,0.0,0.0,1.0,0.0,0.0,0.0,0.0,210900.0,0.36852449051983427
1.336635976438749,1.1767954356176706,0.1762068429322476,0.1563149521935118,1.150777504005314,0.7772367703207032,0.2059921720278468,1.6334835209507133,0.0,0.0,0.0,0.0,1.0,0.0,0.0,0.0,0.0,0.0,0.0,0.0,0.0,0.0,0.0,0.0,0.0,0.0,0.0,0.0,0.0,0.0,0.0,0.0,0.0,0.0,0.0,0.0,1.0,0.0,0.0,0.0,0.0,1.0,0.0,0.0,0.0,0.0,1.0,0.0,0.0,0.0,0.0,235128.0,0.6714226266390285
1.336635976438749,0.8791172951264404,-0.12942214297635612,2.211669081110049,0.9084722658842367,0.7772367703207032,1.4096672285210494,1.6334835209507133,0.0,0.0,0.0,0.0,0.0,0.0,0.0,0.0,1.0,0.0,0.0,0.0,0.0,0.0,0.0,0.0,0.0,0.0,0.0,0.0,0.0,0.0,0.0,0.0,0.0,0.0,0.0,0.0,1.0,0.0,0.0,0.0,0.0,1.0,0.0,0.0,0.0,0.0,1.0,0.0,0.0,0.0,0.0,315000.0,1.669981316093886
1.336635976438749,1.1437200866742006,-0.46055750106181254,-0.3447999592375677,0.5868671316508066,0.7772367703207032,-0.9976828844653559,0.29818073040869925,0.0,0.0,0.0,1.0,0.0,0.0,0.0,0.0,0.0,0.0,0.0,0.0,0.0,0.0,0.0,0.0,0.0,0.0,0.0,0.0,0.0,0.0,0.0,0.0,0.0,0.0,0.0,0.0,1.0,0.0,0.0,0.0,0.0,1.0,0.0,0.0,0.0,0.0,1.0,0.0,0.0,0.0,0.0,221370.0,0.49942029228506307
0.6358587812250798,1.0775693887872606,0.3037387038165112,-0.7558707850208751,0.12428440432874972,-1.021987401155326,0.2059921720278468,0.29818073040869925,1.0,0.0,0.0,0.0,0.0,0.0,0.0,0.0,0.0,0.0,0.0,0.0,0.0,0.0,0.0,0.0,0.0,0.0,0.0,0.0,0.0,0.0,0.0,0.0,0.0,0.0,0.0,1.0,0.0,0.0,0.0,0.0,0.0,1.0,0.0,0.0,0.0,0.0,1.0,0.0,0.0,0.0,0.0,159000.0,-0.2803286242476324
-2.868027194843266,-0.7415748031035909,-0.15179615365780588,-1.996913182861908,-1.2722748772054602,-2.821211572631355,-2.2013579409585584,-1.0371220601333149,0.0,0.0,0.0,0.0,0.0,0.0,0.0,0.0,0.0,0.0,0.0,0.0,0.0,0.0,0.0,0.0,0.0,0.0,0.0,1.0,0.0,0.0,0.0,0.0,0.0,0.0,0.0,1.0,0.0,0.0,0.0,0.0,0.0,0.0,1.0,0.0,0.0,0.0,0.0,1.0,0.0,0.0,0.0,35311.0,-1.8266868691893123
-0.06491841398858939,-0.47697201155583074,3.2472635490680415,-0.2156062711342425,1.4261243655065385,-1.021987401155326,-2.2013579409585584,0.29818073040869925,0.0,1.0,0.0,0.0,0.0,0.0,0.0,0.0,0.0,0.0,0.0,0.0,0.0,0.0,0.0,0.0,0.0,0.0,0.0,0.0,0.0,0.0,0.0,0.0,0.0,0.0,0.0,0.0,1.0,0.0,0.0,0.0,0.0,0.0,0.0,1.0,0.0,0.0,1.0,0.0,0.0,0.0,0.0,252000.0,0.8823561478790419
-0.06491841398858939,-0.17929387106460049,0.1278789798603161,0.279636199928504,0.27407309698541577,0.7772367703207032,-0.9976828844653559,0.29818073040869925,0.0,0.0,0.0,0.0,0.0,0.0,1.0,0.0,0.0,0.0,0.0,0.0,0.0,0.0,0.0,0.0,0.0,0.0,0.0,0.0,0.0,0.0,0.0,0.0,0.0,0.0,0.0,0.0,1.0,0.0,0.0,0.0,0.0,0.0,1.0,0.0,0.0,0.0,1.0,0.0,0.0,0.0,0.0,195000.0,0.16974290044656412
0.6358587812250798,1.0114186909003204,-0.24968245038914857,0.3011684812790582,1.313782846014039,0.7772367703207032,0.2059921720278468,1.6334835209507133,0.0,0.0,0.0,0.0,0.0,0.0,0.0,1.0,0.0,0.0,0.0,0.0,0.0,0.0,0.0,0.0,0.0,0.0,0.0,0.0,0.0,0.0,0.0,0.0,0.0,0.0,0.0,0.0,1.0,0.0,0.0,0.0,0.0,1.0,0.0,0.0,0.0,0.0,1.0,0.0,0.0,0.0,0.0,230000.0,0.6073124383436996
-0.7656956092022585,-0.04699247529072038,-0.017552089569107327,-1.1669416108041826,-0.426409318673699,-1.021987401155326,0.2059921720278468,1.6334835209507133,0.0,0.0,0.0,0.0,0.0,1.0,0.0,0.0,0.0,0.0,0.0,0.0,0.0,0.0,0.0,0.0,0.0,0.0,0.0,0.0,0.0,0.0,0.0,0.0,0.0,0.0,0.0,0.0,0.0,0.0,0.0,1.0,0.0,1.0,0.0,0.0,0.0,0.0,1.0,0.0,0.0,0.0,0.0,144000.0,-0.4678584262035476
-0.06491841398858939,-0.6092734073297109,1.1906444872291797,1.4854439555595391,1.6552129542755571,0.7772367703207032,0.2059921720278468,0.29818073040869925,0.0,0.0,0.0,0.0,0.0,0.0,0.0,0.0,0.0,0.0,0.0,0.0,0.0,0.0,0.0,0.0,1.0,0.0,0.0,0.0,0.0,0.0,0.0,0.0,0.0,0.0,0.0,0.0,0.0,0.0,1.0,0.0,0.0,1.0,0.0,0.0,0.0,0.0,1.0,0.0,0.0,0.0,0.0,217000.0,0.44478660998190644
1.336635976438749,0.8791172951264404,0.6922633992998862,1.859322659010071,0.49875613597041485,0.7772367703207032,0.2059921720278468,1.6334835209507133,0.0,0.0,0.0,0.0,0.0,0.0,0.0,0.0,1.0,0.0,0.0,0.0,0.0,0.0,0.0,0.0,0.0,0.0,0.0,0.0,0.0,0.0,0.0,0.0,0.0,0.0,0.0,0.0,1.0,0.0,0.0,0.0,0.0,1.0,0.0,0.0,0.0,0.0,1.0,0.0,0.0,0.0,0.0,340000.0,1.9825309860204112
0.6358587812250798,0.6145145035786802,0.16714536860626042,-0.11381730474980448,0.8071446208517862,0.7772367703207032,0.2059921720278468,0.29818073040869925,0.0,0.0,0.0,0.0,0.0,0.0,0.0,0.0,0.0,0.0,0.0,0.0,0.0,1.0,0.0,0.0,0.0,0.0,0.0,0.0,0.0,0.0,0.0,0.0,0.0,0.0,0.0,0.0,1.0,0.0,0.0,0.0,0.0,0.0,1.0,0.0,0.0,0.0,1.0,0.0,0.0,0.0,0.0,180500.0,-0.011535908110820595
-0.7656956092022585,0.2837610141439799,-0.3531622497908537,-1.1043022468752977,-0.26780952644899375,-1.021987401155326,-0.9976828844653559,0.29818073040869925,0.0,0.0,0.0,0.0,0.0,0.0,0.0,0.0,0.0,1.0,0.0,0.0,0.0,0.0,0.0,0.0,0.0,0.0,0.0,0.0,0.0,0.0,0.0,0.0,0.0,0.0,0.0,1.0,0.0,0.0,0.0,0.0,0.0,0.0,1.0,0.0,0.0,0.0,1.0,0.0,0.0,0.0,0.0,140000.0,-0.5178663733917916
0.6358587812250798,0.9783433419568505,0.23247747979609373,0.5713007382223745,-0.2083346043647293,0.7772367703207032,0.2059921720278468,0.29818073040869925,0.0,0.0,0.0,0.0,0.0,0.0,0.0,1.0,0.0,0.0,0.0,0.0,0.0,0.0,0.0,0.0,0.0,0.0,0.0,0.0,0.0,0.0,0.0,0.0,0.0,0.0,0.0,0.0,1.0,0.0,0.0,0.0,0.0,1.0,0.0,0.0,0.0,0.0,1.0,0.0,0.0,0.0,0.0,231500.0,0.6260654185392911
-0.06491841398858939,-0.4438966626123607,0.4374234176381735,-0.3350125586236794,0.5978810061108556,-1.021987401155326,0.2059921720278468,-1.0371220601333149,0.0,1.0,0.0,0.0,0.0,0.0,0.0,0.0,0.0,0.0,0.0,0.0,0.0,0.0,0.0,0.0,0.0,0.0,0.0,0.0,0.0,0.0,0.0,0.0,0.0,0.0,0.0,0.0,1.0,0.0,0.0,0.0,0.0,1.0,0.0,0.0,0.0,0.0,0.0,1.0,0.0,0.0,0.0,172000.0,-0.11780279588583922
-0.7656956092022585,-0.6092734073297109,0.6033267068411234,-0.32131019776423586,0.23662592382124928,-1.021987401155326,-0.9976828844653559,-1.0371220601333149,0.0,0.0,0.0,0.0,0.0,0.0,0.0,0.0,0.0,0.0,0.0,0.0,0.0,0.0,0.0,0.0,1.0,0.0,0.0,0.0,0.0,0.0,0.0,0.0,0.0,0.0,0.0,0.0,1.0,0.0,0.0,0.0,0.0,0.0,1.0,0.0,0.0,0.0,0.0,1.0,0.0,0.0,0.0,157000.0,-0.3053325978417544
-0.06491841398858939,-0.27851991789501057,0.3180580706526391,1.553955759856757,-0.6973506303909037,2.5764609417967326,2.613342285014252,0.29818073040869925,0.0,0.0,0.0,0.0,0.0,0.0,0.0,0.0,0.0,0.0,0.0,0.0,0.0,0.0,0.0,0.0,0.0,0.0,0.0,1.0,0.0,0.0,0.0,0.0,0.0,0.0,0.0,0.0,1.0,0.0,0.0,0.0,0.0,0.0,1.0,0.0,0.0,0.0,0.0,1.0,0.0,0.0,0.0,202500.0,0.26350780142452174
2.037413171652418,1.1106447377307307,-0.2472213092141891,0.41861728864571746,1.4459493395346266,0.7772367703207032,-0.9976828844653559,0.29818073040869925,0.0,0.0,0.0,0.0,0.0,0.0,0.0,0.0,0.0,0.0,0.0,0.0,0.0,0.0,0.0,0.0,0.0,0.0,0.0,0.0,0.0,0.0,0.0,1.0,0.0,0.0,0.0,0.0,1.0,0.0,0.0,0.0,0.0,1.0,0.0,0.0,0.0,0.0,0.0,0.0,1.0,0.0,0.0,318000.0,1.7074872764850688
-0.7656956092022585,-0.6092734073297109,-0.09216941519174228,-0.5679526932342203,-2.3296068253701616,-1.021987401155326,-0.9976828844653559,-1.0371220601333149,0.0,1.0,0.0,0.0,0.0,0.0,0.0,0.0,0.0,0.0,0.0,0.0,0.0,0.0,0.0,0.0,0.0,0.0,0.0,0.0,0.0,0.0,0.0,0.0,0.0,0.0,0.0,0.0,1.0,0.0,0.0,0.0,0.0,0.0,1.0,0.0,0.0,0.0,0.0,1.0,0.0,0.0,0.0,102900.0,-0.9816900835627553
2.037413171652418,1.2098707845611407,0.1366048440260815,0.4616818513468259,1.4944103871588421,0.7772367703207032,0.2059921720278468,1.6334835209507133,0.0,0.0,0.0,1.0,0.0,0.0,0.0,0.0,0.0,0.0,0.0,0.0,0.0,0.0,0.0,0.0,0.0,0.0,0.0,0.0,0.0,0.0,0.0,0.0,0.0,0.0,0.0,0.0,1.0,0.0,0.0,0.0,0.0,0.0,0.0,1.0,0.0,0.0,0.0,0.0,1.0,0.0,0.0,360000.0,2.2325707219616313
-0.7656956092022585,-0.5100473604993008,-0.022921852132655268,-0.8850644731242002,-0.021098738543896736,-1.021987401155326,0.2059921720278468,-1.0371220601333149,0.0,1.0,0.0,0.0,0.0,0.0,0.0,0.0,0.0,0.0,0.0,0.0,0.0,0.0,0.0,0.0,0.0,0.0,0.0,0.0,0.0,0.0,0.0,0.0,0.0,0.0,0.0,0.0,1.0,0.0,0.0,0.0,0.0,0.0,1.0,0.0,0.0,0.0,0.0,1.0,0.0,0.0,0.0,135000.0,-0.5803763073770968
-0.7656956092022585,-0.3115952668384806,-0.32855083804125895,-0.8674471520192014,-0.0012737645158085818,-1.021987401155326,0.2059921720278468,0.29818073040869925,0.0,0.0,0.0,0.0,0.0,1.0,0.0,0.0,0.0,0.0,0.0,0.0,0.0,0.0,0.0,0.0,0.0,0.0,0.0,0.0,0.0,0.0,0.0,0.0,0.0,0.0,0.0,1.0,0.0,0.0,0.0,0.0,0.0,0.0,1.0,0.0,0.0,0.0,0.0,1.0,0.0,0.0,0.0,132000.0,-0.6178822677682798
1.336635976438749,1.0114186909003204,0.4289212935792226,0.7983684324645824,-0.19952350479669012,0.7772367703207032,1.4096672285210494,0.29818073040869925,0.0,0.0,0.0,0.0,0.0,0.0,0.0,0.0,0.0,0.0,0.0,0.0,0.0,0.0,0.0,1.0,0.0,0.0,0.0,0.0,0.0,0.0,0.0,0.0,0.0,0.0,0.0,0.0,1.0,0.0,0.0,0.0,0.0,1.0,0.0,0.0,0.0,0.0,1.0,0.0,0.0,0.0,0.0,202900.0,0.26850859614334616
1.336635976438749,1.1767954356176706,0.4448068411630519,1.2172691787390004,2.313842646986486,0.7772367703207032,-0.9976828844653559,1.6334835209507133,0.0,0.0,0.0,1.0,0.0,0.0,0.0,0.0,0.0,0.0,0.0,0.0,0.0,0.0,0.0,0.0,0.0,0.0,0.0,0.0,0.0,0.0,0.0,0.0,0.0,0.0,0.0,0.0,1.0,0.0,0.0,0.0,0.0,1.0,0.0,0.0,0.0,0.0,1.0,0.0,0.0,0.0,0.0,345474.0,2.0509668617475234
-1.4664728044159276,-0.27851991789501057,-0.22921023061562204,-0.8067652682130941,0.06701225713649506,-1.021987401155326,-0.9976828844653559,0.29818073040869925,0.0,0.0,0.0,0.0,0.0,0.0,0.0,0.0,0.0,0.0,0.0,0.0,1.0,0.0,0.0,0.0,0.0,0.0,0.0,0.0,0.0,0.0,0.0,0.0,0.0,0.0,0.0,1.0,0.0,0.0,0.0,0.0,0.0,0.0,1.0,0.0,0.0,0.0,0.0,1.0,0.0,0.0,0.0,110000.0,-0.8929259773036221
-0.06491841398858939,0.31683636308744995,-0.23569869371324248,0.7474739492723634,-2.3296068253701616,0.7772367703207032,1.4096672285210494,0.29818073040869925,1.0,0.0,0.0,0.0,0.0,0.0,0.0,0.0,0.0,0.0,0.0,0.0,0.0,0.0,0.0,0.0,0.0,0.0,0.0,0.0,0.0,0.0,0.0,0.0,0.0,0.0,0.0,0.0,1.0,0.0,0.0,0.0,0.0,0.0,1.0,0.0,0.0,0.0,0.0,1.0,0.0,0.0,0.0,160000.0,-0.2678266374505714
-0.06491841398858939,0.41606240991786003,1.5173050431783461,0.6300251419057041,0.10445943030066157,0.7772367703207032,1.4096672285210494,0.29818073040869925,1.0,0.0,0.0,0.0,0.0,0.0,0.0,0.0,0.0,0.0,0.0,0.0,0.0,0.0,0.0,0.0,0.0,0.0,0.0,0.0,0.0,0.0,0.0,0.0,0.0,0.0,0.0,0.0,1.0,0.0,0.0,0.0,0.0,1.0,0.0,0.0,0.0,0.0,0.0,1.0,0.0,0.0,0.0,228500.0,0.5885594581481081
-0.7656956092022585,-0.5431227094427709,0.8460847227348534,0.545853496626265,1.5538853092431066,-1.021987401155326,0.2059921720278468,0.29818073040869925,0.0,0.0,0.0,0.0,0.0,1.0,0.0,0.0,0.0,0.0,0.0,0.0,0.0,0.0,0.0,0.0,0.0,0.0,0.0,0.0,0.0,0.0,0.0,0.0,0.0,0.0,0.0,0.0,1.0,0.0,0.0,0.0,0.0,0.0,1.0,0.0,0.0,0.0,0.0,1.0,0.0,0.0,0.0,170000.0,-0.14280676947996124
-0.7656956092022585,-0.4438966626123607,-0.31568578189942537,-1.1512817698219613,-0.3206761238572288,-1.021987401155326,-0.9976828844653559,-1.0371220601333149,0.0,1.0,0.0,0.0,0.0,0.0,0.0,0.0,0.0,0.0,0.0,0.0,0.0,0.0,0.0,0.0,0.0,0.0,0.0,0.0,0.0,0.0,0.0,0.0,0.0,0.0,0.0,0.0,1.0,0.0,0.0,0.0,0.0,0.0,1.0,0.0,0.0,0.0,0.0,1.0,0.0,0.0,0.0,120000.0,-0.767906109333012
2.037413171652418,1.1106447377307307,0.6225683560271703,2.534653301368362,0.7322502745234531,2.5764609417967326,1.4096672285210494,1.6334835209507133,0.0,0.0,0.0,0.0,0.0,0.0,0.0,0.0,0.0,0.0,0.0,0.0,0.0,0.0,0.0,0.0,0.0,0.0,0.0,0.0,0.0,0.0,0.0,1.0,0.0,0.0,0.0,0.0,0.0,1.0,0.0,0.0,0.0,0.0,0.0,1.0,0.0,0.0,0.0,0.0,1.0,0.0,0.0,401179.0,2.747390036277807
-1.4664728044159276,-1.2046296883121714,-0.4739819074706824,0.14261259133406823,-0.3823538208335031,-1.021987401155326,0.2059921720278468,-1.0371220601333149,0.0,0.0,0.0,0.0,0.0,0.0,0.0,0.0,0.0,0.0,0.0,1.0,0.0,0.0,0.0,0.0,0.0,0.0,0.0,0.0,0.0,0.0,0.0,0.0,0.0,0.0,0.0,1.0,0.0,0.0,0.0,0.0,0.0,1.0,0.0,0.0,0.0,0.0,0.0,1.0,0.0,0.0,0.0,133000.0,-0.6053802809712188
-0.7656956092022585,-0.21236922000807051,-0.140609148317081,-1.1258345282258517,-0.2920400502611015,-1.021987401155326,-0.9976828844653559,-1.0371220601333149,0.0,1.0,0.0,0.0,0.0,0.0,0.0,0.0,0.0,0.0,0.0,0.0,0.0,0.0,0.0,0.0,0.0,0.0,0.0,0.0,0.0,0.0,0.0,0.0,0.0,0.0,0.0,1.0,0.0,0.0,0.0,0.0,0.0,0.0,1.0,0.0,0.0,0.0,0.0,1.0,0.0,0.0,0.0,117500.0,-0.7991610763256645
-0.7656956092022585,-0.11314317317766043,-0.2824603760374725,-1.2452408157152886,-0.426409318673699,-1.021987401155326,-0.9976828844653559,-1.0371220601333149,0.0,0.0,0.0,0.0,0.0,1.0,0.0,0.0,0.0,0.0,0.0,0.0,0.0,0.0,0.0,0.0,0.0,0.0,0.0,0.0,0.0,0.0,0.0,0.0,0.0,0.0,0.0,1.0,0.0,0.0,0.0,0.0,0.0,0.0,1.0,0.0,0.0,0.0,0.0,1.0,0.0,0.0,0.0,137250.0,-0.5522468370837095
-0.06491841398858939,0.6806652014656203,4.782456291975717,0.8864550379895768,1.150777504005314,0.7772367703207032,0.2059921720278468,0.29818073040869925,0.0,0.0,0.0,0.0,0.0,0.0,1.0,0.0,0.0,0.0,0.0,0.0,0.0,0.0,0.0,0.0,0.0,0.0,0.0,0.0,0.0,0.0,0.0,0.0,0.0,0.0,0.0,0.0,1.0,0.0,0.0,0.0,0.0,1.0,0.0,0.0,0.0,0.0,1.0,0.0,0.0,0.0,0.0,240000.0,0.7323323063143098
-0.06491841398858939,1.1106447377307307,-0.013412897593039121,-0.3604598002197889,0.5692449325147283,0.7772367703207032,0.2059921720278468,0.29818073040869925,0.0,0.0,0.0,0.0,0.0,0.0,0.0,0.0,0.0,0.0,0.0,0.0,0.0,1.0,0.0,0.0,0.0,0.0,0.0,0.0,0.0,0.0,0.0,0.0,0.0,0.0,0.0,0.0,1.0,0.0,0.0,0.0,0.0,1.0,0.0,0.0,0.0,0.0,1.0,0.0,0.0,0.0,0.0,169990.0,-0.14293178934793185
0.6358587812250798,1.1767954356176706,-0.34040906370242735,-0.5248881305331119,0.38421184158590554,0.7772367703207032,-0.9976828844653559,0.29818073040869925,0.0,0.0,0.0,0.0,0.0,0.0,0.0,1.0,0.0,0.0,0.0,0.0,0.0,0.0,0.0,0.0,0.0,0.0,0.0,0.0,0.0,0.0,0.0,0.0,0.0,0.0,0.0,0.0,1.0,0.0,0.0,0.0,0.0,1.0,0.0,0.0,0.0,0.0,1.0,0.0,0.0,0.0,0.0,194500.0,0.1634919070480336
1.336635976438749,1.0114186909003204,0.0817885178565296,-0.27824563506312744,0.6397337290590417,-1.021987401155326,-2.2013579409585584,0.29818073040869925,0.0,0.0,0.0,0.0,0.0,0.0,0.0,1.0,0.0,0.0,0.0,0.0,0.0,0.0,0.0,0.0,0.0,0.0,0.0,0.0,0.0,0.0,0.0,0.0,0.0,0.0,0.0,0.0,1.0,0.0,0.0,0.0,0.0,1.0,0.0,0.0,0.0,0.0,1.0,0.0,0.0,0.0,0.0,220000.0,0.4822925703730895
0.6358587812250798,1.0444940398437905,-0.030640885817755436,-0.5875274944619968,0.260856447633357,0.7772367703207032,-0.9976828844653559,0.29818073040869925,1.0,0.0,0.0,0.0,0.0,0.0,0.0,0.0,0.0,0.0,0.0,0.0,0.0,0.0,0.0,0.0,0.0,0.0,0.0,0.0,0.0,0.0,0.0,0.0,0.0,0.0,0.0,0.0,1.0,0.0,0.0,0.0,0.0,1.0,0.0,0.0,0.0,0.0,1.0,0.0,0.0,0.0,0.0,184900.0,0.04347283379624787
2.738190366866087,1.1437200866742006,0.23482675091764596,0.4264472091368281,1.4151104910464896,0.7772367703207032,0.2059921720278468,1.6334835209507133,0.0,0.0,0.0,1.0,0.0,0.0,0.0,0.0,0.0,0.0,0.0,0.0,0.0,0.0,0.0,0.0,0.0,0.0,0.0,0.0,0.0,0.0,0.0,0.0,0.0,0.0,0.0,0.0,1.0,0.0,0.0,0.0,0.0,0.0,0.0,1.0,0.0,0.0,0.0,0.0,1.0,0.0,0.0,337500.0,1.9512760190277587
-1.4664728044159276,-0.5761980583862408,-0.24442455787900788,-0.05900786131203016,-0.2567956519889448,0.7772367703207032,1.4096672285210494,-1.0371220601333149,0.0,0.0,0.0,0.0,0.0,0.0,0.0,0.0,0.0,0.0,0.0,0.0,1.0,0.0,0.0,0.0,0.0,0.0,0.0,0.0,0.0,0.0,0.0,0.0,0.0,0.0,0.0,1.0,0.0,0.0,0.0,0.0,0.0,0.0,1.0,0.0,0.0,0.0,0.0,1.0,0.0,0.0,0.0,135000.0,-0.5803763073770968
-1.4664728044159276,-0.5761980583862408,-0.10984488363008758,-0.29390547604534867,-0.19952350479669012,-1.021987401155326,0.2059921720278468,0.29818073040869925,0.0,0.0,0.0,0.0,0.0,0.0,0.0,0.0,0.0,0.0,0.0,0.0,1.0,0.0,0.0,0.0,0.0,0.0,0.0,0.0,0.0,0.0,0.0,0.0,0.0,0.0,0.0,0.0,1.0,0.0,0.0,0.0,0.0,0.0,1.0,0.0,0.0,0.0,0.0,1.0,0.0,0.0,0.0,146000.0,-0.4428544526094256
-0.7656956092022585,0.6806652014656203,-0.300695194742854,-1.2080486933825132,-0.5057092147860516,-1.021987401155326,-0.9976828844653559,0.29818073040869925,0.0,0.0,1.0,0.0,0.0,0.0,0.0,0.0,0.0,0.0,0.0,0.0,0.0,0.0,0.0,0.0,0.0,0.0,0.0,0.0,0.0,0.0,0.0,0.0,0.0,0.0,0.0,1.0,0.0,0.0,0.0,0.0,0.0,0.0,1.0,0.0,0.0,0.0,1.0,0.0,0.0,0.0,0.0,149000.0,-0.40534849221824254
-0.06491841398858939,0.21761031625703986,0.14085590605555695,-0.22343619162535314,-0.8493420979395796,0.7772367703207032,0.2059921720278468,0.29818073040869925,0.0,0.0,0.0,0.0,0.0,1.0,0.0,0.0,0.0,0.0,0.0,0.0,0.0,0.0,0.0,0.0,0.0,0.0,0.0,0.0,0.0,0.0,0.0,0.0,0.0,0.0,0.0,0.0,1.0,0.0,0.0,0.0,0.0,0.0,1.0,0.0,0.0,0.0,0.0,1.0,0.0,0.0,0.0,158900.0,-0.2815788229273385
-0.7656956092022585,-0.4108213136688907,-0.22574225895999733,-1.210006173505291,-2.3296068253701616,-1.021987401155326,0.2059921720278468,-1.0371220601333149,0.0,1.0,0.0,0.0,0.0,0.0,0.0,0.0,0.0,0.0,0.0,0.0,0.0,0.0,0.0,0.0,0.0,0.0,0.0,0.0,0.0,0.0,0.0,0.0,0.0,0.0,0.0,0.0,1.0,0.0,0.0,0.0,0.0,0.0,1.0,0.0,0.0,0.0,0.0,1.0,0.0,0.0,0.0,106500.0,-0.9366829310933357
-0.7656956092022585,-0.27851991789501057,-0.17238024348473965,-0.7421684241614315,0.1397038285728183,-1.021987401155326,0.2059921720278468,0.29818073040869925,0.0,0.0,0.0,0.0,0.0,1.0,0.0,0.0,0.0,0.0,0.0,0.0,0.0,0.0,0.0,0.0,0.0,0.0,0.0,0.0,0.0,0.0,0.0,0.0,0.0,0.0,0.0,1.0,0.0,0.0,0.0,0.0,0.0,0.0,1.0,0.0,0.0,0.0,0.0,1.0,0.0,0.0,0.0,139000.0,-0.5303683601888527
-0.7656956092022585,-1.0723282925382913,-0.46055750106181254,-0.348714919483123,-0.8493420979395796,-1.021987401155326,1.4096672285210494,-1.0371220601333149,0.0,0.0,0.0,0.0,0.0,0.0,0.0,0.0,0.0,0.0,0.0,1.0,0.0,0.0,0.0,0.0,0.0,0.0,0.0,0.0,0.0,0.0,0.0,0.0,0.0,0.0,0.0,1.0,0.0,0.0,0.0,0.0,0.0,0.0,1.0,0.0,0.0,0.0,0.0,1.0,0.0,0.0,0.0,132000.0,-0.6178822677682798
-1.4664728044159276,-1.5023078288034015,-0.5069835732258208,-1.4742659900802741,-1.007941890164285,-1.021987401155326,-2.2013579409585584,0.29818073040869925,0.0,0.0,0.0,0.0,0.0,0.0,0.0,0.0,0.0,0.0,0.0,1.0,0.0,0.0,0.0,0.0,0.0,0.0,0.0,0.0,0.0,0.0,0.0,0.0,0.0,0.0,0.0,1.0,0.0,0.0,0.0,0.0,0.0,0.0,1.0,0.0,0.0,0.0,0.0,0.0,0.0,1.0,0.0,79900.0,-1.2692357798951586
-0.7656956092022585,-0.37774596472542066,-0.1875945707481255,-1.1865164120319591,-0.36032607191340515,-1.021987401155326,0.2059921720278468,-1.0371220601333149,0.0,1.0,0.0,0.0,0.0,0.0,0.0,0.0,0.0,0.0,0.0,0.0,0.0,0.0,0.0,0.0,0.0,0.0,0.0,0.0,0.0,0.0,0.0,0.0,0.0,0.0,0.0,1.0,0.0,0.0,0.0,0.0,0.0,0.0,1.0,0.0,0.0,0.0,0.0,1.0,0.0,0.0,0.0,117600.0,-0.7979108776459584
-1.4664728044159276,-0.7415748031035909,-0.17674317556762237,-0.7323810235475432,-2.3296068253701616,0.7772367703207032,-0.9976828844653559,0.29818073040869925,0.0,0.0,0.0,0.0,0.0,0.0,0.0,0.0,0.0,0.0,0.0,0.0,1.0,0.0,0.0,0.0,0.0,0.0,0.0,0.0,0.0,0.0,0.0,0.0,0.0,0.0,0.0,1.0,0.0,0.0,0.0,0.0,0.0,1.0,0.0,0.0,0.0,0.0,0.0,1.0,0.0,0.0,0.0,108000.0,-0.9179299508977441
-0.06491841398858939,0.9452679930133805,-0.25012993060277755,0.32074328250683476,-0.23036235328482726,0.7772367703207032,0.2059921720278468,0.29818073040869925,0.0,0.0,0.0,0.0,0.0,0.0,0.0,0.0,0.0,0.0,0.0,0.0,0.0,1.0,0.0,0.0,0.0,0.0,0.0,0.0,0.0,0.0,0.0,0.0,0.0,0.0,0.0,0.0,1.0,0.0,0.0,0.0,0.0,0.0,1.0,0.0,0.0,0.0,1.0,0.0,0.0,0.0,0.0,172400.0,-0.11280200116701482
-0.06491841398858939,-1.5023078288034015,-0.3755362604723035,-1.1375794089625177,-0.36032607191340515,-1.021987401155326,-0.9976828844653559,-1.0371220601333149,0.0,0.0,0.0,0.0,0.0,0.0,0.0,0.0,0.0,0.0,0.0,0.0,0.0,0.0,0.0,0.0,0.0,0.0,0.0,1.0,0.0,0.0,0.0,0.0,0.0,0.0,0.0,1.0,0.0,0.0,0.0,0.0,0.0,0.0,1.0,0.0,0.0,0.0,0.0,1.0,0.0,0.0,0.0,126000.0,-0.6928941885506459
-0.06491841398858939,0.8129665972395004,-0.4079785759604056,-1.1043022468752977,-0.3030539247211505,-2.821211572631355,-3.4050329974517615,0.29818073040869925,0.0,0.0,1.0,0.0,0.0,0.0,0.0,0.0,0.0,0.0,0.0,0.0,0.0,0.0,0.0,0.0,0.0,0.0,0.0,0.0,0.0,0.0,0.0,0.0,0.0,0.0,0.0,0.0,1.0,0.0,0.0,0.0,0.0,0.0,1.0,0.0,0.0,0.0,0.0,0.0,1.0,0.0,0.0,140000.0,-0.5178663733917916
-0.06491841398858939,0.2837610141439799,-0.2623237664241677,-1.129749488471407,-0.2964456000451211,0.7772367703207032,-0.9976828844653559,-1.0371220601333149,1.0,0.0,0.0,0.0,0.0,0.0,0.0,0.0,0.0,0.0,0.0,0.0,0.0,0.0,0.0,0.0,0.0,0.0,0.0,0.0,0.0,0.0,0.0,0.0,0.0,0.0,0.0,0.0,1.0,0.0,0.0,0.0,0.0,0.0,1.0,0.0,0.0,0.0,1.0,0.0,0.0,0.0,0.0,143000.0,-0.48036041300060867
-0.7656956092022585,-0.5100473604993008,-0.2877182685476132,-0.9516187972986405,-2.3296068253701616,-1.021987401155326,-0.9976828844653559,-1.0371220601333149,0.0,1.0,0.0,0.0,0.0,0.0,0.0,0.0,0.0,0.0,0.0,0.0,0.0,0.0,0.0,0.0,0.0,0.0,0.0,0.0,0.0,0.0,0.0,0.0,0.0,0.0,0.0,0.0,1.0,0.0,0.0,0.0,0.0,0.0,1.0,0.0,0.0,0.0,0.0,1.0,0.0,0.0,0.0,98000.0,-1.0429498188683544
-0.7656956092022585,-2.693020390768323,-0.17193276327111065,0.7220267076762539,0.06701225713649506,-1.021987401155326,-0.9976828844653559,0.29818073040869925,0.0,0.0,0.0,0.0,0.0,0.0,0.0,0.0,0.0,1.0,0.0,0.0,0.0,0.0,0.0,0.0,0.0,0.0,0.0,0.0,0.0,0.0,0.0,0.0,0.0,0.0,0.0,1.0,0.0,0.0,0.0,0.0,0.0,0.0,1.0,0.0,0.0,0.0,0.0,1.0,0.0,0.0,0.0,124900.0,-0.706646374027413
-1.4664728044159276,-1.5353831777468716,-0.050441885270838475,-0.3369700387464571,-0.8185032494514425,-1.021987401155326,0.2059921720278468,-1.0371220601333149,0.0,0.0,0.0,0.0,0.0,0.0,0.0,0.0,0.0,1.0,0.0,0.0,0.0,0.0,0.0,0.0,0.0,0.0,0.0,0.0,0.0,0.0,0.0,0.0,0.0,0.0,0.0,1.0,0.0,0.0,0.0,0.0,0.0,0.0,1.0,0.0,0.0,0.0,0.0,1.0,0.0,0.0,0.0,107000.0,-0.9304319376948051
-0.7656956092022585,-0.11314317317766043,-0.322286115050453,-0.9007243141064215,-0.038720937679975094,-1.021987401155326,0.2059921720278468,0.29818073040869925,0.0,0.0,0.0,0.0,0.0,1.0,0.0,0.0,0.0,0.0,0.0,0.0,0.0,0.0,0.0,0.0,0.0,0.0,0.0,0.0,0.0,0.0,0.0,0.0,0.0,0.0,0.0,1.0,0.0,0.0,0.0,0.0,0.0,0.0,1.0,0.0,0.0,0.0,0.0,1.0,0.0,0.0,0.0,145000.0,-0.4553564394064866
1.336635976438749,1.1106447377307307,-0.515597567338179,0.5438960165034874,1.1353580797612455,0.7772367703207032,-0.9976828844653559,0.29818073040869925,0.0,0.0,0.0,0.0,0.0,0.0,0.0,0.0,0.0,0.0,0.0,0.0,0.0,0.0,0.0,0.0,1.0,0.0,0.0,0.0,0.0,0.0,0.0,0.0,0.0,0.0,0.0,0.0,1.0,0.0,0.0,0.0,0.0,0.0,0.0,1.0,0.0,0.0,0.0,0.0,1.0,0.0,0.0,375000.0,2.420100523917547
0.6358587812250798,-0.3115952668384806,0.8857985916944267,1.8554076987645158,0.8379834693399233,2.5764609417967326,0.2059921720278468,0.29818073040869925,0.0,1.0,0.0,0.0,0.0,0.0,0.0,0.0,0.0,0.0,0.0,0.0,0.0,0.0,0.0,0.0,0.0,0.0,0.0,0.0,0.0,0.0,0.0,0.0,0.0,0.0,0.0,0.0,1.0,0.0,0.0,0.0,0.0,0.0,1.0,0.0,0.0,0.0,0.0,1.0,0.0,0.0,0.0,277500.0,1.2011568112040978
0.6358587812250798,0.9452679930133805,-0.17126154295066717,0.6691747443612572,-0.15987355674051382,0.7772367703207032,0.2059921720278468,0.29818073040869925,0.0,0.0,0.0,0.0,0.0,0.0,0.0,1.0,0.0,0.0,0.0,0.0,0.0,0.0,0.0,0.0,0.0,0.0,0.0,0.0,0.0,0.0,0.0,0.0,0.0,0.0,0.0,0.0,1.0,0.0,0.0,0.0,0.0,1.0,0.0,0.0,0.0,0.0,1.0,0.0,0.0,0.0,0.0,217500.0,0.45103760338043697
-0.7656956092022585,-1.6676845735207517,-0.5545283459239015,-0.836127470054759,0.03397063375634814,-1.021987401155326,-0.9976828844653559,-1.0371220601333149,0.0,0.0,0.0,0.0,0.0,0.0,0.0,0.0,0.0,1.0,0.0,0.0,0.0,0.0,0.0,0.0,0.0,0.0,0.0,0.0,0.0,0.0,0.0,0.0,0.0,0.0,0.0,1.0,0.0,0.0,0.0,0.0,0.0,0.0,1.0,0.0,0.0,0.0,0.0,1.0,0.0,0.0,0.0,108480.0,-0.9119289972351549
-1.4664728044159276,-2.858397135485673,0.04956994247524195,-0.887021953246978,-0.9176281195918833,-1.021987401155326,-0.9976828844653559,-1.0371220601333149,0.0,0.0,0.0,0.0,0.0,0.0,0.0,0.0,0.0,1.0,0.0,0.0,0.0,0.0,0.0,0.0,0.0,0.0,0.0,0.0,0.0,0.0,0.0,0.0,0.0,0.0,0.0,1.0,0.0,0.0,0.0,0.0,0.0,0.0,1.0,0.0,0.0,0.0,0.0,0.0,0.0,1.0,0.0,100000.0,-1.0179458452742323
-0.06491841398858939,0.1514596183700998,-0.08467412161345661,-0.46616372684978225,0.45029508834619936,0.7772367703207032,0.2059921720278468,0.29818073040869925,0.0,0.0,0.0,0.0,0.0,0.0,0.0,0.0,0.0,0.0,0.0,0.0,0.0,0.0,0.0,0.0,0.0,0.0,0.0,0.0,1.0,0.0,0.0,0.0,0.0,0.0,0.0,0.0,1.0,0.0,0.0,0.0,0.0,0.0,1.0,0.0,0.0,0.0,1.0,0.0,0.0,0.0,0.0,181500.0,0.0009660786862404192
-0.06491841398858939,0.9452679930133805,-0.09731543764847572,0.37163776569905377,-0.3140677991811995,0.7772367703207032,0.2059921720278468,0.29818073040869925,0.0,0.0,0.0,0.0,0.0,0.0,0.0,0.0,0.0,0.0,0.0,0.0,0.0,1.0,0.0,0.0,0.0,0.0,0.0,0.0,0.0,0.0,0.0,0.0,0.0,0.0,0.0,0.0,1.0,0.0,0.0,0.0,0.0,0.0,1.0,0.0,0.0,0.0,1.0,0.0,0.0,0.0,0.0,187000.0,0.069727006070076
0.6358587812250798,-0.708499454160121,0.22766706749958202,1.2936109035273289,-0.4968981152180124,0.7772367703207032,0.2059921720278468,0.29818073040869925,0.0,0.0,0.0,0.0,0.0,0.0,0.0,0.0,0.0,0.0,0.0,0.0,0.0,0.0,0.0,0.0,1.0,0.0,0.0,0.0,0.0,0.0,0.0,0.0,0.0,0.0,0.0,0.0,1.0,0.0,0.0,0.0,0.0,1.0,0.0,0.0,0.0,0.0,0.0,1.0,0.0,0.0,0.0,263400.0,1.0248787973655376
0.6358587812250798,1.1106447377307307,0.02999268312897341,0.8962424386034651,-0.06955978616811222,0.7772367703207032,0.2059921720278468,1.6334835209507133,0.0,0.0,0.0,0.0,1.0,0.0,0.0,0.0,0.0,0.0,0.0,0.0,0.0,0.0,0.0,0.0,0.0,0.0,0.0,0.0,0.0,0.0,0.0,0.0,0.0,0.0,0.0,0.0,1.0,0.0,0.0,0.0,0.0,1.0,0.0,0.0,0.0,0.0,1.0,0.0,0.0,0.0,0.0,250000.0,0.8573521742849199
-0.06491841398858939,-0.8408008499340011,-0.36032193320891764,0.8962424386034651,-0.17309020609257258,0.7772367703207032,1.4096672285210494,0.29818073040869925,0.0,0.0,0.0,0.0,0.0,0.0,0.0,0.0,0.0,0.0,0.0,0.0,0.0,0.0,0.0,0.0,1.0,0.0,0.0,0.0,0.0,0.0,0.0,0.0,0.0,0.0,0.0,0.0,1.0,0.0,0.0,0.0,0.0,0.0,1.0,0.0,0.0,0.0,1.0,0.0,0.0,0.0,0.0,145000.0,-0.4553564394064866
-0.06491841398858939,-1.2046296883121714,-0.4001476722218982,-1.4605636292208306,-1.1841638815250684,-1.021987401155326,-0.9976828844653559,-2.372424850675329,0.0,0.0,0.0,0.0,0.0,0.0,0.0,0.0,0.0,0.0,0.0,0.0,0.0,0.0,0.0,0.0,0.0,0.0,0.0,1.0,0.0,0.0,0.0,0.0,0.0,0.0,0.0,0.0,1.0,0.0,0.0,0.0,0.0,0.0,1.0,0.0,0.0,0.0,0.0,1.0,0.0,0.0,0.0,84500.0,-1.211726640628678
-0.7656956092022585,-0.4438966626123607,-0.3402971936490201,-0.6462518981453265,0.24763979828129823,-1.021987401155326,0.2059921720278468,-1.0371220601333149,0.0,1.0,0.0,0.0,0.0,0.0,0.0,0.0,0.0,0.0,0.0,0.0,0.0,0.0,0.0,0.0,0.0,0.0,0.0,0.0,0.0,0.0,0.0,0.0,0.0,0.0,0.0,0.0,1.0,0.0,0.0,0.0,0.0,0.0,1.0,0.0,0.0,0.0,0.0,1.0,0.0,0.0,0.0,140000.0,-0.5178663733917916
-0.06491841398858939,1.1106447377307307,-0.26042197551624446,-0.08641258303091733,-0.7259867039870311,0.7772367703207032,0.2059921720278468,0.29818073040869925,0.0,0.0,0.0,0.0,0.0,0.0,0.0,0.0,0.0,0.0,0.0,0.0,0.0,1.0,0.0,0.0,0.0,0.0,0.0,0.0,0.0,0.0,0.0,0.0,0.0,0.0,0.0,0.0,1.0,0.0,0.0,0.0,0.0,1.0,0.0,0.0,0.0,0.0,1.0,0.0,0.0,0.0,0.0,176000.0,-0.06779484869759517
-1.4664728044159276,-0.0800678242341904,0.28449705463046443,-0.4739936473408929,0.3093174952575725,-2.821211572631355,-3.4050329974517615,0.29818073040869925,0.0,0.0,0.0,0.0,0.0,1.0,0.0,0.0,0.0,0.0,0.0,0.0,0.0,0.0,0.0,0.0,0.0,0.0,0.0,0.0,0.0,0.0,0.0,0.0,0.0,0.0,0.0,0.0,0.0,0.0,0.0,0.0,1.0,0.0,1.0,0.0,0.0,0.0,1.0,0.0,0.0,0.0,0.0,108959.0,-0.9059405455593627
0.6358587812250798,1.2098707845611407,-0.19206937288441545,-0.19211650966091065,0.7586835732275706,0.7772367703207032,0.2059921720278468,0.29818073040869925,0.0,0.0,0.0,0.0,1.0,0.0,0.0,0.0,0.0,0.0,0.0,0.0,0.0,0.0,0.0,0.0,0.0,0.0,0.0,0.0,0.0,0.0,0.0,0.0,0.0,0.0,0.0,0.0,1.0,0.0,0.0,0.0,0.0,1.0,0.0,0.0,0.0,0.0,1.0,0.0,0.0,0.0,0.0,229800.0,0.6048120409842874
-0.7656956092022585,-0.3115952668384806,0.32477027385707397,0.44602201036460465,1.4767881880227638,0.7772367703207032,3.817017341507455,-2.372424850675329,0.0,1.0,0.0,0.0,0.0,0.0,0.0,0.0,0.0,0.0,0.0,0.0,0.0,0.0,0.0,0.0,0.0,0.0,0.0,0.0,0.0,0.0,0.0,0.0,0.0,0.0,0.0,0.0,1.0,0.0,0.0,0.0,0.0,0.0,1.0,0.0,0.0,0.0,0.0,1.0,0.0,0.0,0.0,84900.0,-1.2067258459098535
-0.06491841398858939,0.11838426942662977,0.019365028055284776,0.7337715884129198,-0.8427337732635503,2.5764609417967326,0.2059921720278468,0.29818073040869925,0.0,0.0,0.0,0.0,0.0,0.0,0.0,0.0,0.0,0.0,0.0,0.0,0.0,0.0,1.0,0.0,0.0,0.0,0.0,0.0,0.0,0.0,0.0,0.0,0.0,0.0,0.0,0.0,1.0,0.0,0.0,0.0,0.0,1.0,0.0,0.0,0.0,0.0,0.0,1.0,0.0,0.0,0.0,184500.0,0.03847203907742346
-0.7656956092022585,0.05223357153968971,-0.8908097264660914,-1.0866849257702986,-0.2479845524209056,-1.021987401155326,-0.9976828844653559,-1.0371220601333149,0.0,0.0,0.0,0.0,0.0,0.0,0.0,0.0,0.0,0.0,0.0,0.0,0.0,0.0,0.0,0.0,0.0,0.0,0.0,0.0,0.0,0.0,0.0,0.0,0.0,1.0,0.0,0.0,1.0,0.0,0.0,0.0,0.0,0.0,1.0,0.0,0.0,0.0,1.0,0.0,0.0,0.0,0.0,119500.0,-0.7741571027315425
-0.06491841398858939,-1.0392529435948212,0.04956994247524195,-0.1255621854864704,-0.3823538208335031,0.7772367703207032,0.2059921720278468,0.29818073040869925,0.0,0.0,0.0,0.0,0.0,0.0,0.0,0.0,0.0,1.0,0.0,0.0,0.0,0.0,0.0,0.0,0.0,0.0,0.0,0.0,0.0,0.0,0.0,0.0,0.0,0.0,0.0,1.0,0.0,0.0,0.0,0.0,0.0,0.0,1.0,0.0,0.0,0.0,0.0,1.0,0.0,0.0,0.0,155000.0,-0.33033657143587647
1.336635976438749,1.1437200866742006,0.553656403128305,0.539981056257932,1.485599287590803,0.7772367703207032,0.2059921720278468,1.6334835209507133,0.0,0.0,0.0,0.0,0.0,0.0,0.0,0.0,0.0,0.0,0.0,0.0,0.0,0.0,0.0,1.0,0.0,0.0,0.0,0.0,0.0,0.0,0.0,0.0,0.0,0.0,0.0,0.0,1.0,0.0,0.0,0.0,0.0,1.0,0.0,0.0,0.0,0.0,0.0,0.0,1.0,0.0,0.0,283463.0,1.2757061584749727
-0.06491841398858939,0.9121926440699104,-0.2731751616046708,0.34227556385738894,1.3402161447181564,0.7772367703207032,0.2059921720278468,0.29818073040869925,0.0,0.0,0.0,0.0,0.0,0.0,0.0,0.0,0.0,0.0,0.0,0.0,0.0,0.0,0.0,1.0,0.0,0.0,0.0,0.0,0.0,0.0,0.0,0.0,0.0,0.0,0.0,0.0,1.0,0.0,0.0,0.0,0.0,1.0,0.0,0.0,0.0,0.0,0.0,0.0,1.0,0.0,0.0,195000.0,0.16974290044656412
-1.4664728044159276,0.6475898525221502,-0.041044800784629576,0.36968028557627614,1.3710549932062936,0.7772367703207032,0.2059921720278468,0.29818073040869925,0.0,0.0,1.0,0.0,0.0,0.0,0.0,0.0,0.0,0.0,0.0,0.0,0.0,0.0,0.0,0.0,0.0,0.0,0.0,0.0,0.0,0.0,0.0,0.0,0.0,0.0,0.0,0.0,1.0,0.0,0.0,0.0,0.0,0.0,1.0,0.0,0.0,0.0,1.0,0.0,0.0,0.0,0.0,228500.0,0.5885594581481081
-1.4664728044159276,-0.34467061578195063,-0.3788923620745209,-0.7441259042842092,-0.038720937679975094,-1.021987401155326,0.2059921720278468,0.29818073040869925,0.0,0.0,0.0,0.0,0.0,1.0,0.0,0.0,0.0,0.0,0.0,0.0,0.0,0.0,0.0,0.0,0.0,0.0,0.0,0.0,0.0,0.0,0.0,0.0,0.0,0.0,0.0,0.0,1.0,0.0,0.0,0.0,0.0,0.0,0.0,0.0,1.0,0.0,0.0,1.0,0.0,0.0,0.0,129000.0,-0.6553882281594628
0.6358587812250798,1.0775693887872606,-0.2091854910557245,-0.0002834576287005348,0.9745555126445306,0.7772367703207032,0.2059921720278468,0.29818073040869925,0.0,0.0,0.0,0.0,0.0,0.0,0.0,1.0,0.0,0.0,0.0,0.0,0.0,0.0,0.0,0.0,0.0,0.0,0.0,0.0,0.0,0.0,0.0,0.0,0.0,0.0,0.0,0.0,1.0,0.0,0.0,0.0,0.0,1.0,0.0,0.0,0.0,0.0,1.0,0.0,0.0,0.0,0.0,190000.0,0.10723296646125904
-0.7656956092022585,-1.0723282925382913,0.04956994247524195,-0.28999051579979335,-0.8405309983715404,0.7772367703207032,1.4096672285210494,0.29818073040869925,0.0,0.0,0.0,0.0,0.0,0.0,0.0,0.0,0.0,1.0,0.0,0.0,0.0,0.0,0.0,0.0,0.0,0.0,0.0,0.0,0.0,0.0,0.0,0.0,0.0,0.0,0.0,1.0,0.0,0.0,0.0,0.0,0.0,1.0,0.0,0.0,0.0,0.0,0.0,1.0,0.0,0.0,0.0,149000.0,-0.40534849221824254
2.738190366866087,1.1437200866742006,0.8619702703186827,3.699353974421066,1.036233209620805,2.5764609417967326,2.613342285014252,1.6334835209507133,0.0,0.0,0.0,0.0,0.0,0.0,0.0,0.0,0.0,0.0,0.0,0.0,0.0,0.0,0.0,0.0,0.0,0.0,0.0,0.0,0.0,0.0,0.0,1.0,0.0,0.0,0.0,0.0,0.0,1.0,0.0,0.0,0.0,0.0,0.0,1.0,0.0,0.0,0.0,0.0,1.0,0.0,0.0,545224.0,4.548238724460461
-0.06491841398858939,1.0114186909003204,-0.2792161444886623,0.017333863476298353,-0.6048340849264924,0.7772367703207032,0.2059921720278468,0.29818073040869925,0.0,0.0,0.0,0.0,0.0,0.0,0.0,0.0,0.0,0.0,0.0,0.0,0.0,1.0,0.0,0.0,0.0,0.0,0.0,0.0,0.0,0.0,0.0,0.0,0.0,0.0,0.0,0.0,1.0,0.0,0.0,0.0,0.0,1.0,0.0,0.0,0.0,0.0,1.0,0.0,0.0,0.0,0.0,183200.0,0.022219456241244145
2.738190366866087,1.2429461335046108,0.20842541831353523,1.0176062062156797,2.089159608001487,0.7772367703207032,0.2059921720278468,1.6334835209507133,0.0,0.0,0.0,1.0,0.0,0.0,0.0,0.0,0.0,0.0,0.0,0.0,0.0,0.0,0.0,0.0,0.0,0.0,0.0,0.0,0.0,0.0,0.0,0.0,0.0,0.0,0.0,0.0,1.0,0.0,0.0,0.0,0.0,0.0,0.0,1.0,0.0,0.0,0.0,0.0,1.0,0.0,0.0,402861.0,2.768418378070464
-0.7656956092022585,-0.5431227094427709,0.6834256650807136,-0.20973383076590954,-0.5321425134901692,-1.021987401155326,0.2059921720278468,-1.0371220601333149,0.0,0.0,0.0,0.0,0.0,0.0,0.0,0.0,0.0,0.0,0.0,0.0,1.0,0.0,0.0,0.0,0.0,0.0,0.0,0.0,0.0,0.0,0.0,0.0,0.0,0.0,0.0,0.0,1.0,0.0,0.0,0.0,0.0,0.0,1.0,0.0,0.0,0.0,0.0,1.0,0.0,0.0,0.0,135500.0,-0.5741253139785663
2.037413171652418,1.1106447377307307,0.17531188250498958,1.6126801635400867,0.2586536727413472,2.5764609417967326,1.4096672285210494,1.6334835209507133,0.0,0.0,0.0,1.0,0.0,0.0,0.0,0.0,0.0,0.0,0.0,0.0,0.0,0.0,0.0,0.0,0.0,0.0,0.0,0.0,0.0,0.0,0.0,0.0,0.0,0.0,0.0,0.0,0.0,1.0,0.0,0.0,0.0,0.0,0.0,1.0,0.0,0.0,0.0,0.0,1.0,0.0,0.0,345000.0,2.0450409200057162
-0.06491841398858939,-0.17929387106460049,1.0440947172656838,1.371910108438435,-0.7942727256393347,0.7772367703207032,1.4096672285210494,0.29818073040869925,0.0,0.0,0.0,0.0,0.0,0.0,0.0,0.0,0.0,0.0,0.0,0.0,1.0,0.0,0.0,0.0,0.0,0.0,0.0,0.0,0.0,0.0,0.0,0.0,0.0,0.0,0.0,0.0,1.0,0.0,0.0,0.0,0.0,1.0,0.0,0.0,0.0,0.0,1.0,0.0,0.0,0.0,0.0,274970.0,1.1695267846075335
-0.06491841398858939,-0.4438966626123607,1.0740758915788264,1.5245935580150922,-1.0409835135444319,0.7772367703207032,1.4096672285210494,0.29818073040869925,0.0,0.0,0.0,0.0,0.0,0.0,0.0,0.0,0.0,0.0,0.0,0.0,0.0,0.0,0.0,1.0,0.0,0.0,0.0,0.0,0.0,0.0,0.0,0.0,0.0,0.0,0.0,0.0,1.0,0.0,0.0,0.0,0.0,1.0,0.0,0.0,0.0,0.0,0.0,1.0,0.0,0.0,0.0,257000.0,0.9448660818643471
-0.7656956092022585,-0.675424105216651,0.3035149637096967,-0.7597857452664304,-0.9396558685119812,-1.021987401155326,-0.9976828844653559,0.29818073040869925,0.0,1.0,0.0,0.0,0.0,0.0,0.0,0.0,0.0,0.0,0.0,0.0,0.0,0.0,0.0,0.0,0.0,0.0,0.0,0.0,0.0,0.0,0.0,0.0,0.0,0.0,0.0,0.0,0.0,0.0,1.0,0.0,0.0,0.0,1.0,0.0,0.0,0.0,0.0,1.0,0.0,0.0,0.0,126000.0,-0.6928941885506459
-0.7656956092022585,-0.4108213136688907,-0.27138524075015485,-0.6893164608464348,0.19917875065708276,-1.021987401155326,0.2059921720278468,-1.0371220601333149,0.0,1.0,0.0,0.0,0.0,0.0,0.0,0.0,0.0,0.0,0.0,0.0,0.0,0.0,0.0,0.0,0.0,0.0,0.0,0.0,0.0,0.0,0.0,0.0,0.0,0.0,0.0,0.0,1.0,0.0,0.0,0.0,0.0,0.0,1.0,0.0,0.0,0.0,0.0,1.0,0.0,0.0,0.0,132500.0,-0.6116312743697493
-1.4664728044159276,-0.04699247529072038,-0.9106107259191745,-0.7989353477219835,-1.1268917343328138,-1.021987401155326,0.2059921720278468,-1.0371220601333149,0.0,0.0,0.0,0.0,0.0,0.0,0.0,0.0,0.0,0.0,0.0,0.0,0.0,0.0,0.0,0.0,0.0,0.0,0.0,0.0,0.0,0.0,0.0,0.0,0.0,1.0,0.0,0.0,1.0,0.0,0.0,0.0,0.0,0.0,1.0,0.0,0.0,0.0,0.0,1.0,0.0,0.0,0.0,88000.0,-1.1679696868389644
-0.06491841398858939,0.18453496731356983,-0.2109754119102405,-0.564037732988665,-1.2150027300132056,-1.021987401155326,0.2059921720278468,0.29818073040869925,0.0,0.0,0.0,0.0,0.0,1.0,0.0,0.0,0.0,0.0,0.0,0.0,0.0,0.0,0.0,0.0,0.0,0.0,0.0,0.0,0.0,0.0,0.0,0.0,0.0,0.0,0.0,0.0,1.0,0.0,0.0,0.0,0.0,0.0,1.0,0.0,0.0,0.0,1.0,0.0,0.0,0.0,0.0,151000.0,-0.3803445186241205
0.6358587812250798,-1.7007599224642218,-0.15179615365780588,-0.03551809983869831,-0.8978031455637951,-1.021987401155326,0.2059921720278468,0.29818073040869925,0.0,0.0,0.0,0.0,0.0,0.0,0.0,0.0,0.0,1.0,0.0,0.0,0.0,0.0,0.0,0.0,0.0,0.0,0.0,0.0,0.0,0.0,0.0,0.0,0.0,0.0,0.0,1.0,0.0,0.0,0.0,0.0,0.0,0.0,1.0,0.0,0.0,0.0,0.0,1.0,0.0,0.0,0.0,143000.0,-0.48036041300060867
1.336635976438749,1.1767954356176706,0.07093712267602646,0.1386976310885129,1.130952529977226,0.7772367703207032,0.2059921720278468,1.6334835209507133,0.0,0.0,0.0,0.0,0.0,0.0,0.0,0.0,0.0,0.0,0.0,0.0,0.0,0.0,0.0,1.0,0.0,0.0,0.0,0.0,0.0,0.0,0.0,0.0,0.0,0.0,0.0,0.0,1.0,0.0,0.0,0.0,0.0,1.0,0.0,0.0,0.0,0.0,1.0,0.0,0.0,0.0,0.0,239000.0,0.7198303195172487
-0.7656956092022585,-1.5353831777468716,1.3177288678998142,2.2312438823378256,2.4526174651831028,0.7772367703207032,2.613342285014252,1.6334835209507133,0.0,0.0,0.0,0.0,0.0,0.0,0.0,0.0,0.0,1.0,0.0,0.0,0.0,0.0,0.0,0.0,0.0,0.0,0.0,0.0,0.0,0.0,0.0,0.0,0.0,0.0,0.0,0.0,1.0,0.0,0.0,0.0,0.0,0.0,1.0,0.0,0.0,0.0,0.0,1.0,0.0,0.0,0.0,180000.0,-0.017786901509351104
0.6358587812250798,0.8791172951264404,0.09991146650850391,0.8590503162706897,-0.007882089191837966,0.7772367703207032,0.2059921720278468,1.6334835209507133,0.0,0.0,0.0,0.0,0.0,0.0,0.0,1.0,0.0,0.0,0.0,0.0,0.0,0.0,0.0,0.0,0.0,0.0,0.0,0.0,0.0,0.0,0.0,0.0,0.0,0.0,0.0,0.0,1.0,0.0,0.0,0.0,0.0,1.0,0.0,0.0,0.0,0.0,1.0,0.0,0.0,0.0,0.0,227000.0,0.5698064779525166
1.336635976438749,0.6806652014656203,-0.5987170170197648,-0.43092908463978447,0.4899450364023757,0.7772367703207032,-0.9976828844653559,0.29818073040869925,0.0,0.0,0.0,0.0,0.0,0.0,0.0,0.0,0.0,0.0,0.0,0.0,0.0,0.0,0.0,0.0,0.0,0.0,0.0,0.0,0.0,0.0,0.0,1.0,0.0,0.0,0.0,0.0,1.0,0.0,0.0,0.0,0.0,1.0,0.0,0.0,0.0,0.0,1.0,0.0,0.0,0.0,0.0,191500.0,0.12598594665685056
0.6358587812250798,1.0775693887872606,0.32924507599336394,-0.24692595309868498,-1.4837412668384005,0.7772367703207032,0.2059921720278468,0.29818073040869925,0.0,0.0,0.0,0.0,0.0,0.0,0.0,0.0,0.0,0.0,0.0,0.0,0.0,1.0,0.0,0.0,0.0,0.0,0.0,0.0,0.0,0.0,0.0,0.0,0.0,0.0,0.0,0.0,0.0,1.0,0.0,0.0,0.0,1.0,0.0,0.0,0.0,0.0,1.0,0.0,0.0,0.0,0.0,184500.0,0.03847203907742346
-1.4664728044159276,-1.1715543393687013,-0.17808561620850935,-1.0749400450336328,-0.23476790306884684,-1.021987401155326,-0.9976828844653559,-1.0371220601333149,0.0,0.0,0.0,0.0,0.0,0.0,0.0,0.0,0.0,0.0,0.0,0.0,0.0,0.0,0.0,0.0,0.0,0.0,0.0,1.0,0.0,0.0,0.0,0.0,0.0,0.0,0.0,1.0,0.0,0.0,0.0,0.0,0.0,0.0,1.0,0.0,0.0,0.0,0.0,1.0,0.0,0.0,0.0,106500.0,-0.9366829310933357
-0.06491841398858939,-0.34467061578195063,-0.08467412161345661,-0.4818235678320035,0.3533729930977684,-1.021987401155326,0.2059921720278468,0.29818073040869925,0.0,1.0,0.0,0.0,0.0,0.0,0.0,0.0,0.0,0.0,0.0,0.0,0.0,0.0,0.0,0.0,0.0,0.0,0.0,0.0,0.0,0.0,0.0,0.0,0.0,0.0,0.0,0.0,1.0,0.0,0.0,0.0,0.0,0.0,1.0,0.0,0.0,0.0,0.0,1.0,0.0,0.0,0.0,158500.0,-0.2865796176461629
-0.06491841398858939,-0.37774596472542066,-0.23681739424731496,-0.6286345770403275,0.2674647723093864,-1.021987401155326,-0.9976828844653559,0.29818073040869925,0.0,0.0,0.0,0.0,0.0,0.0,0.0,0.0,0.0,0.0,0.0,0.0,1.0,0.0,0.0,0.0,0.0,0.0,0.0,0.0,0.0,0.0,0.0,0.0,0.0,0.0,0.0,0.0,1.0,0.0,0.0,0.0,0.0,0.0,1.0,0.0,0.0,0.0,0.0,1.0,0.0,0.0,0.0,110000.0,-0.8929259773036221
1.336635976438749,0.9783433419568505,0.1656910579119662,0.563470817731264,1.5318575603230087,0.7772367703207032,0.2059921720278468,0.29818073040869925,0.0,0.0,0.0,0.0,0.0,0.0,0.0,1.0,0.0,0.0,0.0,0.0,0.0,0.0,0.0,0.0,0.0,0.0,0.0,0.0,0.0,0.0,0.0,0.0,0.0,0.0,0.0,0.0,1.0,0.0,0.0,0.0,0.0,0.0,0.0,1.0,0.0,0.0,1.0,0.0,0.0,0.0,0.0,236500.0,0.6885753525245962
0.6358587812250798,0.21761031625703986,0.7087082971507518,2.5131210200178073,0.7366558243074727,2.5764609417967326,2.613342285014252,0.29818073040869925,0.0,0.0,0.0,0.0,0.0,0.0,0.0,0.0,0.0,0.0,0.0,0.0,0.0,0.0,1.0,0.0,0.0,0.0,0.0,0.0,0.0,0.0,0.0,0.0,0.0,0.0,0.0,0.0,1.0,0.0,0.0,0.0,0.0,1.0,0.0,0.0,0.0,0.0,1.0,0.0,0.0,0.0,0.0,250000.0,0.8573521742849199
1.336635976438749,1.1437200866742006,-0.04384155211981079,2.5992501454200245,0.8996611663161975,2.5764609417967326,1.4096672285210494,1.6334835209507133,0.0,0.0,0.0,0.0,0.0,0.0,0.0,1.0,0.0,0.0,0.0,0.0,0.0,0.0,0.0,0.0,0.0,0.0,0.0,0.0,0.0,0.0,0.0,0.0,0.0,0.0,0.0,0.0,0.0,1.0,0.0,0.0,0.0,1.0,0.0,0.0,0.0,0.0,0.0,0.0,1.0,0.0,0.0,424870.0,3.0435746054869797
-0.06491841398858939,-0.24544456895154054,-0.06677491306829679,0.21699683599961908,-0.6114424096025217,-1.021987401155326,1.4096672285210494,0.29818073040869925,0.0,1.0,0.0,0.0,0.0,0.0,0.0,0.0,0.0,0.0,0.0,0.0,0.0,0.0,0.0,0.0,0.0,0.0,0.0,0.0,0.0,0.0,0.0,0.0,0.0,0.0,0.0,0.0,1.0,0.0,0.0,0.0,0.0,0.0,1.0,0.0,0.0,0.0,0.0,1.0,0.0,0.0,0.0,167900.0,-0.16906094175378938
0.6358587812250798,1.0444940398437905,-0.7178586238984848,-0.08837006315369497,0.787319646823698,0.7772367703207032,-0.9976828844653559,1.6334835209507133,0.0,0.0,0.0,0.0,0.0,0.0,0.0,0.0,0.0,0.0,0.0,0.0,0.0,0.0,0.0,0.0,0.0,0.0,0.0,0.0,0.0,0.0,0.0,0.0,1.0,0.0,0.0,0.0,1.0,0.0,0.0,0.0,0.0,1.0,0.0,0.0,0.0,0.0,1.0,0.0,0.0,0.0,0.0,195000.0,0.16974290044656412
-0.06491841398858939,-0.5761980583862408,0.25887881240020444,1.8045132155722967,0.5075672355384541,2.5764609417967326,1.4096672285210494,0.29818073040869925,0.0,0.0,0.0,0.0,0.0,0.0,1.0,0.0,0.0,0.0,0.0,0.0,0.0,0.0,0.0,0.0,0.0,0.0,0.0,0.0,0.0,0.0,0.0,0.0,0.0,0.0,0.0,0.0,1.0,0.0,0.0,0.0,0.0,1.0,0.0,0.0,0.0,0.0,1.0,0.0,0.0,0.0,0.0,255000.0,0.919862108270225
-0.7656956092022585,-2.4284175992205626,-0.2524792017243298,1.248588860703443,-0.4594509420538459,0.7772367703207032,-0.9976828844653559,0.29818073040869925,0.0,0.0,0.0,0.0,0.0,0.0,0.0,0.0,0.0,1.0,0.0,0.0,0.0,0.0,0.0,0.0,0.0,0.0,0.0,0.0,0.0,0.0,0.0,0.0,0.0,0.0,0.0,1.0,0.0,0.0,0.0,0.0,0.0,0.0,1.0,0.0,0.0,0.0,0.0,1.0,0.0,0.0,0.0,106000.0,-0.9429339244918662
1.336635976438749,0.8791172951264404,0.07216769326350621,2.1177100352167213,0.7300474996314433,0.7772367703207032,1.4096672285210494,1.6334835209507133,0.0,0.0,0.0,0.0,0.0,0.0,0.0,0.0,1.0,0.0,0.0,0.0,0.0,0.0,0.0,0.0,0.0,0.0,0.0,0.0,0.0,0.0,0.0,0.0,0.0,0.0,0.0,0.0,1.0,0.0,0.0,0.0,0.0,1.0,0.0,0.0,0.0,0.0,1.0,0.0,0.0,0.0,0.0,322500.0,1.7637462170718434
-0.06491841398858939,0.5483638056917401,1.2683941743472176,0.3520629644712772,-0.39116492040154227,0.7772367703207032,0.2059921720278468,0.29818073040869925,0.0,0.0,0.0,0.0,0.0,0.0,0.0,0.0,0.0,0.0,0.0,0.0,0.0,0.0,0.0,0.0,1.0,0.0,0.0,0.0,0.0,0.0,0.0,0.0,0.0,0.0,0.0,0.0,1.0,0.0,0.0,0.0,0.0,1.0,0.0,0.0,0.0,0.0,1.0,0.0,0.0,0.0,0.0,222000.0,0.5072965439672115
-0.7656956092022585,-0.8408008499340011,0.15774828412005154,-0.5875274944619968,-0.6378757083066393,-1.021987401155326,0.2059921720278468,-1.0371220601333149,0.0,0.0,0.0,0.0,0.0,0.0,0.0,0.0,0.0,0.0,0.0,0.0,1.0,0.0,0.0,0.0,0.0,0.0,0.0,0.0,0.0,0.0,0.0,0.0,0.0,0.0,0.0,1.0,0.0,0.0,0.0,0.0,0.0,0.0,1.0,0.0,0.0,0.0,0.0,1.0,0.0,0.0,0.0,130500.0,-0.6366352479638713
-1.4664728044159276,0.1514596183700998,-0.9471922333833448,-0.7989353477219835,-1.1268917343328138,-1.021987401155326,0.2059921720278468,-1.0371220601333149,0.0,0.0,0.0,0.0,0.0,0.0,0.0,0.0,0.0,0.0,0.0,0.0,0.0,0.0,0.0,0.0,0.0,0.0,0.0,0.0,0.0,0.0,0.0,0.0,0.0,1.0,0.0,0.0,1.0,0.0,0.0,0.0,0.0,0.0,1.0,0.0,0.0,0.0,0.0,1.0,0.0,0.0,0.0,75190.0,-1.3281201377093161
-0.06491841398858939,0.18453496731356983,0.027531541954013937,0.21503935587684145,1.216860750765608,0.7772367703207032,0.2059921720278468,0.29818073040869925,0.0,0.0,0.0,0.0,0.0,0.0,0.0,0.0,0.0,0.0,0.0,0.0,0.0,0.0,1.0,0.0,0.0,0.0,0.0,0.0,0.0,0.0,0.0,0.0,0.0,0.0,0.0,0.0,1.0,0.0,0.0,0.0,0.0,1.0,0.0,0.0,0.0,0.0,0.0,1.0,0.0,0.0,0.0,205000.0,0.29476276841717425
0.6358587812250798,1.1106447377307307,-0.8215621634070044,0.01146142310796539,0.6705725775471789,0.7772367703207032,-0.9976828844653559,0.29818073040869925,0.0,0.0,0.0,0.0,0.0,0.0,0.0,0.0,0.0,0.0,0.0,0.0,0.0,0.0,0.0,0.0,0.0,0.0,0.0,0.0,0.0,0.0,0.0,0.0,1.0,0.0,0.0,0.0,1.0,0.0,0.0,0.0,0.0,1.0,0.0,0.0,0.0,0.0,1.0,0.0,0.0,0.0,0.0,213490.0,0.4009046363242223
-0.06491841398858939,0.6806652014656203,0.09633162479947194,0.6750471847295902,-0.005679314299828171,0.7772367703207032,0.2059921720278468,0.29818073040869925,1.0,0.0,0.0,0.0,0.0,0.0,0.0,0.0,0.0,0.0,0.0,0.0,0.0,0.0,0.0,0.0,0.0,0.0,0.0,0.0,0.0,0.0,0.0,0.0,0.0,0.0,0.0,0.0,1.0,0.0,0.0,0.0,0.0,1.0,0.0,0.0,0.0,0.0,1.0,0.0,0.0,0.0,0.0,189000.0,0.09473097966419802
2.738190366866087,1.1437200866742006,0.39301100643549575,1.060670768916788,1.507627036510901,0.7772367703207032,0.2059921720278468,1.6334835209507133,0.0,0.0,0.0,0.0,0.0,0.0,0.0,0.0,0.0,0.0,0.0,0.0,0.0,0.0,0.0,0.0,0.0,0.0,0.0,0.0,0.0,0.0,0.0,1.0,0.0,0.0,0.0,0.0,1.0,0.0,0.0,0.0,0.0,0.0,0.0,1.0,0.0,0.0,0.0,0.0,1.0,0.0,0.0,455000.0,3.420259467682428
-0.7656956092022585,-1.866136667181572,-0.004127683160237472,-0.37611964120201014,-0.39116492040154227,0.7772367703207032,-0.9976828844653559,0.29818073040869925,0.0,0.0,0.0,0.0,0.0,0.0,0.0,0.0,0.0,0.0,0.0,0.0,0.0,0.0,0.0,0.0,0.0,0.0,0.0,1.0,0.0,0.0,0.0,0.0,0.0,0.0,0.0,1.0,0.0,0.0,0.0,0.0,0.0,0.0,1.0,0.0,0.0,0.0,0.0,1.0,0.0,0.0,0.0,120000.0,-0.767906109333012
0.6358587812250798,-0.4108213136688907,0.7990993003038088,0.7866235517279165,1.860071019232468,0.7772367703207032,0.2059921720278468,0.29818073040869925,0.0,0.0,0.0,0.0,0.0,0.0,0.0,0.0,0.0,0.0,0.0,0.0,0.0,0.0,0.0,0.0,1.0,0.0,0.0,0.0,0.0,0.0,0.0,0.0,0.0,0.0,0.0,0.0,1.0,0.0,0.0,0.0,0.0,0.0,0.0,1.0,0.0,0.0,1.0,0.0,0.0,0.0,0.0,335000.0,1.9200210520351062
2.037413171652418,1.0775693887872606,0.50018251759964,0.5478109767490427,1.5913324824072732,0.7772367703207032,-0.9976828844653559,1.6334835209507133,0.0,0.0,0.0,1.0,0.0,0.0,0.0,0.0,0.0,0.0,0.0,0.0,0.0,0.0,0.0,0.0,0.0,0.0,0.0,0.0,0.0,0.0,0.0,0.0,0.0,0.0,0.0,0.0,1.0,0.0,0.0,0.0,0.0,0.0,0.0,1.0,0.0,0.0,0.0,0.0,1.0,0.0,0.0,378000.0,2.4576064843087297
-0.7656956092022585,-0.0800678242341904,0.6461729372960998,-0.6345070174086606,0.260856447633357,-1.021987401155326,-0.9976828844653559,-1.0371220601333149,0.0,0.0,0.0,0.0,0.0,0.0,0.0,0.0,0.0,0.0,0.0,0.0,1.0,0.0,0.0,0.0,0.0,0.0,0.0,0.0,0.0,0.0,0.0,0.0,0.0,0.0,0.0,0.0,1.0,0.0,0.0,0.0,0.0,0.0,1.0,0.0,0.0,0.0,1.0,0.0,0.0,0.0,0.0,119900.0,-0.7691563080127181
-0.06491841398858939,-1.5353831777468716,-0.3531622497908537,-0.9007243141064215,-0.038720937679975094,-1.021987401155326,-0.9976828844653559,0.29818073040869925,0.0,0.0,0.0,0.0,0.0,0.0,0.0,0.0,0.0,0.0,0.0,0.0,0.0,0.0,0.0,0.0,0.0,0.0,0.0,1.0,0.0,0.0,0.0,0.0,0.0,0.0,0.0,1.0,0.0,0.0,0.0,0.0,0.0,0.0,1.0,0.0,0.0,0.0,0.0,1.0,0.0,0.0,0.0,127500.0,-0.6741412083550543
-0.7656956092022585,0.2506856652005099,-0.373522599510973,0.06822834666851736,-2.3296068253701616,0.7772367703207032,1.4096672285210494,0.29818073040869925,1.0,0.0,0.0,0.0,0.0,0.0,0.0,0.0,0.0,0.0,0.0,0.0,0.0,0.0,0.0,0.0,0.0,0.0,0.0,0.0,0.0,0.0,0.0,0.0,0.0,0.0,0.0,0.0,1.0,0.0,0.0,0.0,0.0,0.0,1.0,0.0,0.0,0.0,0.0,1.0,0.0,0.0,0.0,118858.0,-0.7821833782552556
-0.7656956092022585,0.21761031625703986,-0.1960966948070764,-1.0945148462614094,-0.2567956519889448,-1.021987401155326,-0.9976828844653559,0.29818073040869925,0.0,1.0,0.0,0.0,0.0,0.0,0.0,0.0,0.0,0.0,0.0,0.0,0.0,0.0,0.0,0.0,0.0,0.0,0.0,0.0,0.0,0.0,0.0,0.0,0.0,0.0,0.0,0.0,1.0,0.0,0.0,0.0,0.0,1.0,0.0,0.0,0.0,0.0,1.0,0.0,0.0,0.0,0.0,145000.0,-0.4553564394064866
-1.4664728044159276,-0.5431227094427709,-0.38873692677435884,-0.6814865403553242,-2.3296068253701616,0.7772367703207032,-0.9976828844653559,-2.372424850675329,0.0,0.0,0.0,0.0,0.0,0.0,0.0,0.0,0.0,0.0,0.0,0.0,1.0,0.0,0.0,0.0,0.0,0.0,0.0,0.0,0.0,0.0,0.0,0.0,0.0,0.0,0.0,0.0,1.0,0.0,0.0,0.0,0.0,0.0,0.0,0.0,1.0,0.0,0.0,1.0,0.0,0.0,0.0,61500.0,-1.4992723369610814
-0.7656956092022585,-2.3291915523901525,-0.5232047309698719,-0.6403794577769935,-1.0255640893003632,0.7772367703207032,0.2059921720278468,-1.0371220601333149,0.0,0.0,0.0,0.0,0.0,0.0,0.0,0.0,0.0,1.0,0.0,0.0,0.0,0.0,0.0,0.0,0.0,0.0,0.0,0.0,0.0,0.0,0.0,0.0,0.0,0.0,0.0,1.0,0.0,0.0,0.0,0.0,0.0,0.0,1.0,0.0,0.0,0.0,0.0,1.0,0.0,0.0,0.0,113000.0,-0.8554200169124391
1.336635976438749,0.9452679930133805,-0.5623592496624089,0.29725352103350294,0.9613388632924718,0.7772367703207032,-0.9976828844653559,0.29818073040869925,0.0,0.0,0.0,0.0,0.0,0.0,0.0,0.0,0.0,0.0,0.0,0.0,0.0,0.0,0.0,0.0,0.0,0.0,0.0,0.0,0.0,0.0,0.0,1.0,0.0,0.0,0.0,0.0,1.0,0.0,0.0,0.0,0.0,0.0,0.0,1.0,0.0,0.0,1.0,0.0,0.0,0.0,0.0,251000.0,0.8698541610819809
-0.06491841398858939,-0.47697201155583074,-0.14508395045337094,0.26984879931461575,-0.19952350479669012,0.7772367703207032,1.4096672285210494,-1.0371220601333149,0.0,0.0,0.0,0.0,0.0,0.0,0.0,0.0,0.0,0.0,0.0,0.0,0.0,0.0,0.0,0.0,0.0,0.0,0.0,1.0,0.0,0.0,0.0,0.0,0.0,0.0,0.0,1.0,0.0,0.0,0.0,0.0,0.0,1.0,0.0,0.0,0.0,0.0,0.0,1.0,0.0,0.0,0.0,139000.0,-0.5303683601888527
-0.06491841398858939,0.5483638056917401,-0.03668186870174687,1.0959054111267859,0.20578707533311213,0.7772367703207032,1.4096672285210494,0.29818073040869925,0.0,0.0,0.0,0.0,0.0,0.0,1.0,0.0,0.0,0.0,0.0,0.0,0.0,0.0,0.0,0.0,0.0,0.0,0.0,0.0,0.0,0.0,0.0,0.0,0.0,0.0,0.0,0.0,1.0,0.0,0.0,0.0,0.0,0.0,1.0,0.0,0.0,0.0,1.0,0.0,0.0,0.0,0.0,211000.0,0.3697746891995404
-0.06491841398858939,0.01915822259621968,0.004821921112342431,0.5673857779768192,-0.717175604418992,-1.021987401155326,1.4096672285210494,0.29818073040869925,0.0,0.0,0.0,0.0,0.0,0.0,0.0,0.0,0.0,0.0,0.0,0.0,0.0,0.0,1.0,0.0,0.0,0.0,0.0,0.0,0.0,0.0,0.0,0.0,0.0,0.0,0.0,0.0,1.0,0.0,0.0,0.0,0.0,0.0,1.0,0.0,0.0,0.0,0.0,1.0,0.0,0.0,0.0,165150.0,-0.20344140544570716
-0.7656956092022585,-0.21236922000807051,0.07999859700201362,0.44602201036460465,1.4767881880227638,0.7772367703207032,3.817017341507455,0.29818073040869925,0.0,1.0,0.0,0.0,0.0,0.0,0.0,0.0,0.0,0.0,0.0,0.0,0.0,0.0,0.0,0.0,0.0,0.0,0.0,0.0,0.0,0.0,0.0,0.0,0.0,0.0,0.0,1.0,0.0,0.0,0.0,0.0,0.0,0.0,1.0,0.0,0.0,0.0,0.0,1.0,0.0,0.0,0.0,145000.0,-0.4553564394064866
0.6358587812250798,0.7468158993525603,-0.13960231783641577,0.07801574728240564,-0.6687145567947764,0.7772367703207032,0.2059921720278468,0.29818073040869925,1.0,0.0,0.0,0.0,0.0,0.0,0.0,0.0,0.0,0.0,0.0,0.0,0.0,0.0,0.0,0.0,0.0,0.0,0.0,0.0,0.0,0.0,0.0,0.0,0.0,0.0,0.0,0.0,1.0,0.0,0.0,0.0,0.0,1.0,0.0,0.0,0.0,0.0,1.0,0.0,0.0,0.0,0.0,184000.0,0.03222104567889295
1.336635976438749,0.21761031625703986,-0.7250183073165487,-0.5366330112697778,0.37099519223384675,-1.021987401155326,-2.2013579409585584,0.29818073040869925,0.0,0.0,0.0,0.0,0.0,0.0,0.0,0.0,0.0,0.0,0.0,0.0,0.0,0.0,0.0,0.0,0.0,1.0,0.0,0.0,0.0,0.0,0.0,0.0,0.0,0.0,0.0,0.0,1.0,0.0,0.0,0.0,0.0,1.0,0.0,0.0,0.0,0.0,1.0,0.0,0.0,0.0,0.0,170000.0,-0.14280676947996124
-0.7656956092022585,-1.5684585266903417,-0.14933501248284642,-1.3861793845552797,-0.6378757083066393,-1.021987401155326,-0.9976828844653559,-1.0371220601333149,0.0,0.0,0.0,0.0,0.0,0.0,0.0,0.0,0.0,1.0,0.0,0.0,0.0,0.0,0.0,0.0,0.0,0.0,0.0,0.0,0.0,0.0,0.0,0.0,0.0,0.0,0.0,1.0,0.0,0.0,0.0,0.0,0.0,1.0,0.0,0.0,0.0,0.0,0.0,1.0,0.0,0.0,0.0,109500.0,-0.8991769707021526
-0.06491841398858939,-1.1715543393687013,0.013771525384922335,0.2718062794373934,0.014145659728259983,-1.021987401155326,0.2059921720278468,-1.0371220601333149,0.0,0.0,0.0,0.0,0.0,0.0,0.0,0.0,0.0,0.0,1.0,0.0,0.0,0.0,0.0,0.0,0.0,0.0,0.0,0.0,0.0,0.0,0.0,0.0,0.0,0.0,0.0,1.0,0.0,0.0,0.0,0.0,0.0,0.0,1.0,0.0,0.0,0.0,0.0,1.0,0.0,0.0,0.0,115000.0,-0.8304160433183171
0.6358587812250798,1.1437200866742006,-0.6854163084103826,-0.28999051579979335,0.648544828627081,0.7772367703207032,-0.9976828844653559,0.29818073040869925,0.0,0.0,0.0,0.0,1.0,0.0,0.0,0.0,0.0,0.0,0.0,0.0,0.0,0.0,0.0,0.0,0.0,0.0,0.0,0.0,0.0,0.0,0.0,0.0,0.0,0.0,0.0,0.0,1.0,0.0,0.0,0.0,0.0,1.0,0.0,0.0,0.0,0.0,0.0,0.0,1.0,0.0,0.0,208900.0,0.3435205169257122
-0.06491841398858939,-0.5100473604993008,0.42713137272470664,-0.6110172559353286,-0.15326523206448442,-1.021987401155326,-2.2013579409585584,0.29818073040869925,0.0,0.0,0.0,0.0,0.0,1.0,0.0,0.0,0.0,0.0,0.0,0.0,0.0,0.0,0.0,0.0,0.0,0.0,0.0,0.0,0.0,0.0,0.0,0.0,0.0,0.0,0.0,0.0,1.0,0.0,0.0,0.0,0.0,0.0,1.0,0.0,0.0,0.0,0.0,1.0,0.0,0.0,0.0,185000.0,0.04472303247595397
-0.7656956092022585,-0.708499454160121,-0.0715853253648085,-0.8263400694408707,0.04498450821639711,-1.021987401155326,-0.9976828844653559,-1.0371220601333149,0.0,1.0,0.0,0.0,0.0,0.0,0.0,0.0,0.0,0.0,0.0,0.0,0.0,0.0,0.0,0.0,0.0,0.0,0.0,0.0,0.0,0.0,0.0,0.0,0.0,0.0,0.0,0.0,1.0,0.0,0.0,0.0,0.0,1.0,0.0,0.0,0.0,0.0,0.0,1.0,0.0,0.0,0.0,142125.0,-0.49129965144803706
0.6358587812250798,0.7468158993525603,-0.04686204356180651,0.2463590378412839,1.1992385516295296,0.7772367703207032,0.2059921720278468,0.29818073040869925,1.0,0.0,0.0,0.0,0.0,0.0,0.0,0.0,0.0,0.0,0.0,0.0,0.0,0.0,0.0,0.0,0.0,0.0,0.0,0.0,0.0,0.0,0.0,0.0,0.0,0.0,0.0,0.0,1.0,0.0,0.0,0.0,0.0,1.0,0.0,0.0,0.0,0.0,1.0,0.0,0.0,0.0,0.0,226500.0,0.5635554845539861
-0.7656956092022585,-0.6423487562731809,0.2708489081147801,-0.9633636780353064,-0.10920973422428853,-1.021987401155326,-0.9976828844653559,-1.0371220601333149,0.0,1.0,0.0,0.0,0.0,0.0,0.0,0.0,0.0,0.0,0.0,0.0,0.0,0.0,0.0,0.0,0.0,0.0,0.0,0.0,0.0,0.0,0.0,0.0,0.0,0.0,0.0,0.0,1.0,0.0,0.0,0.0,0.0,0.0,1.0,0.0,0.0,0.0,0.0,1.0,0.0,0.0,0.0,139500.0,-0.5241173667903222
-0.06491841398858939,1.1106447377307307,0.14421200765777442,-0.15296690720535758,-0.7788533013952662,0.7772367703207032,0.2059921720278468,0.29818073040869925,0.0,0.0,0.0,0.0,0.0,0.0,0.0,1.0,0.0,0.0,0.0,0.0,0.0,0.0,0.0,0.0,0.0,0.0,0.0,0.0,0.0,0.0,0.0,0.0,0.0,0.0,0.0,0.0,1.0,0.0,0.0,0.0,0.0,1.0,0.0,0.0,0.0,0.0,1.0,0.0,0.0,0.0,0.0,173000.0,-0.1053008090887782
1.336635976438749,0.8129665972395004,0.4423456999880925,1.643999845504529,0.3930229411539447,0.7772367703207032,1.4096672285210494,1.6334835209507133,0.0,0.0,0.0,0.0,0.0,0.0,0.0,0.0,0.0,0.0,0.0,0.0,0.0,0.0,1.0,0.0,0.0,0.0,0.0,0.0,0.0,0.0,0.0,0.0,0.0,0.0,0.0,0.0,1.0,0.0,0.0,0.0,0.0,1.0,0.0,0.0,0.0,0.0,1.0,0.0,0.0,0.0,0.0,306000.0,1.5574634349203367
-0.06491841398858939,0.1514596183700998,0.3535208775827369,-0.04139054020703128,-0.7325950286630605,0.7772367703207032,0.2059921720278468,0.29818073040869925,0.0,0.0,0.0,0.0,0.0,1.0,0.0,0.0,0.0,0.0,0.0,0.0,0.0,0.0,0.0,0.0,0.0,0.0,0.0,0.0,0.0,0.0,0.0,0.0,0.0,0.0,0.0,0.0,1.0,0.0,0.0,0.0,0.0,1.0,0.0,0.0,0.0,0.0,0.0,1.0,0.0,0.0,0.0,130500.0,-0.6366352479638713
-1.4664728044159276,-1.6346092245772816,-0.5505010240012406,-0.6775715801097689,-0.5761980113303651,-1.021987401155326,0.2059921720278468,-1.0371220601333149,0.0,0.0,0.0,0.0,0.0,0.0,0.0,0.0,0.0,0.0,0.0,0.0,0.0,0.0,0.0,0.0,0.0,0.0,0.0,1.0,0.0,0.0,0.0,0.0,0.0,0.0,0.0,1.0,0.0,0.0,0.0,0.0,0.0,1.0,0.0,0.0,0.0,0.0,0.0,1.0,0.0,0.0,0.0,125500.0,-0.6991451819491764
-0.7656956092022585,-1.3369310840860515,-0.4739819074706824,-1.2237085343647345,-0.7546227775831584,-1.021987401155326,-0.9976828844653559,-1.0371220601333149,0.0,0.0,0.0,0.0,0.0,0.0,0.0,0.0,0.0,0.0,0.0,1.0,0.0,0.0,0.0,0.0,0.0,0.0,0.0,0.0,0.0,0.0,0.0,0.0,0.0,0.0,0.0,1.0,0.0,0.0,0.0,0.0,0.0,0.0,1.0,0.0,0.0,0.0,0.0,1.0,0.0,0.0,0.0,105000.0,-0.9554359112889272
-0.7656956092022585,0.18453496731356983,-0.45552334865848637,-1.1865164120319591,-0.36032607191340515,-1.021987401155326,-0.9976828844653559,-1.0371220601333149,0.0,0.0,0.0,0.0,0.0,1.0,0.0,0.0,0.0,0.0,0.0,0.0,0.0,0.0,0.0,0.0,0.0,0.0,0.0,0.0,0.0,0.0,0.0,0.0,0.0,0.0,0.0,1.0,0.0,0.0,0.0,0.0,0.0,0.0,1.0,0.0,0.0,0.0,1.0,0.0,0.0,0.0,0.0,120750.0,-0.7585296192352162
-0.06491841398858939,0.18453496731356983,-0.11152293443119632,-0.41722672378034087,-0.22155125371678808,-1.021987401155326,-0.9976828844653559,0.29818073040869925,0.0,0.0,1.0,0.0,0.0,0.0,0.0,0.0,0.0,0.0,0.0,0.0,0.0,0.0,0.0,0.0,0.0,0.0,0.0,0.0,0.0,0.0,0.0,0.0,0.0,0.0,0.0,0.0,1.0,0.0,0.0,0.0,0.0,0.0,1.0,0.0,0.0,0.0,1.0,0.0,0.0,0.0,0.0,173000.0,-0.1053008090887782
-0.06491841398858939,-0.013917126347250347,-0.17238024348473965,-0.8772345526330897,-0.10480418444026894,-1.021987401155326,0.2059921720278468,0.29818073040869925,0.0,0.0,0.0,0.0,0.0,0.0,1.0,0.0,0.0,0.0,0.0,0.0,0.0,0.0,0.0,0.0,0.0,0.0,0.0,0.0,0.0,0.0,0.0,0.0,0.0,0.0,0.0,0.0,1.0,0.0,0.0,0.0,0.0,0.0,1.0,0.0,0.0,0.0,0.0,1.0,0.0,0.0,0.0,155000.0,-0.33033657143587647
2.037413171652418,1.1437200866742006,0.31503757921064335,0.29725352103350294,1.3093772962300194,0.7772367703207032,-0.9976828844653559,0.29818073040869925,0.0,0.0,0.0,1.0,0.0,0.0,0.0,0.0,0.0,0.0,0.0,0.0,0.0,0.0,0.0,0.0,0.0,0.0,0.0,0.0,0.0,0.0,0.0,0.0,0.0,0.0,0.0,0.0,1.0,0.0,0.0,0.0,0.0,0.0,0.0,1.0,0.0,0.0,0.0,0.0,1.0,0.0,0.0,325000.0,1.795001184064496
-0.7656956092022585,-0.5761980583862408,-0.326313436973114,-0.8048077880903164,0.06921503202850486,-1.021987401155326,0.2059921720278468,-1.0371220601333149,0.0,0.0,0.0,0.0,0.0,0.0,0.0,0.0,0.0,0.0,0.0,0.0,1.0,0.0,0.0,0.0,0.0,0.0,0.0,0.0,0.0,0.0,0.0,0.0,0.0,0.0,0.0,1.0,0.0,0.0,0.0,0.0,0.0,0.0,1.0,0.0,0.0,0.0,1.0,0.0,0.0,0.0,0.0,125000.0,-0.7053961753477069
-2.167249999629597,-1.866136667181572,-0.21108728196364773,0.05061102556351848,-0.09819585976423956,-1.021987401155326,-0.9976828844653559,-2.372424850675329,0.0,0.0,0.0,0.0,0.0,0.0,0.0,0.0,0.0,0.0,0.0,0.0,0.0,0.0,0.0,0.0,0.0,0.0,0.0,1.0,0.0,0.0,0.0,0.0,0.0,0.0,0.0,0.0,1.0,0.0,0.0,0.0,0.0,0.0,0.0,0.0,1.0,0.0,0.0,1.0,0.0,0.0,0.0,85000.0,-1.2054756472301476
-1.4664728044159276,-0.5100473604993008,0.7588260810771993,-0.5307605709014448,0.16833990216894562,-1.021987401155326,0.2059921720278468,-1.0371220601333149,0.0,0.0,0.0,0.0,0.0,0.0,0.0,0.0,0.0,0.0,0.0,0.0,1.0,0.0,0.0,0.0,0.0,0.0,0.0,0.0,0.0,0.0,0.0,0.0,0.0,0.0,0.0,0.0,1.0,0.0,0.0,0.0,0.0,0.0,1.0,0.0,0.0,0.0,0.0,1.0,0.0,0.0,0.0,135000.0,-0.5803763073770968
0.6358587812250798,1.1106447377307307,-0.07628386760791295,0.9216896801995746,0.12208162943673993,0.7772367703207032,0.2059921720278468,0.29818073040869925,0.0,0.0,0.0,0.0,1.0,0.0,0.0,0.0,0.0,0.0,0.0,0.0,0.0,0.0,0.0,0.0,0.0,0.0,0.0,0.0,0.0,0.0,0.0,0.0,0.0,0.0,0.0,0.0,1.0,0.0,0.0,0.0,0.0,1.0,0.0,0.0,0.0,0.0,1.0,0.0,0.0,0.0,0.0,253000.0,0.894858134676103
1.336635976438749,0.7137405504090902,0.4680758122717597,1.9963462676045067,0.6177059801389437,0.7772367703207032,2.613342285014252,1.6334835209507133,0.0,0.0,0.0,0.0,0.0,0.0,0.0,0.0,1.0,0.0,0.0,0.0,0.0,0.0,0.0,0.0,0.0,0.0,0.0,0.0,0.0,0.0,0.0,0.0,0.0,0.0,0.0,0.0,1.0,0.0,0.0,0.0,0.0,1.0,0.0,0.0,0.0,0.0,1.0,0.0,0.0,0.0,0.0,310000.0,1.6074713821085809
1.336635976438749,1.1767954356176706,0.18717010816615798,0.3794676861901644,1.4018938416944309,0.7772367703207032,0.2059921720278468,1.6334835209507133,0.0,0.0,0.0,1.0,0.0,0.0,0.0,0.0,0.0,0.0,0.0,0.0,0.0,0.0,0.0,0.0,0.0,0.0,0.0,0.0,0.0,0.0,0.0,0.0,0.0,0.0,0.0,0.0,1.0,0.0,0.0,0.0,0.0,1.0,0.0,0.0,0.0,0.0,0.0,0.0,1.0,0.0,0.0,318000.0,1.7074872764850688
-0.06491841398858939,-0.013917126347250347,-0.970684944598867,-0.5522928522519991,-0.8493420979395796,-1.021987401155326,0.2059921720278468,-2.372424850675329,0.0,0.0,0.0,0.0,0.0,0.0,0.0,0.0,0.0,0.0,0.0,0.0,0.0,0.0,0.0,0.0,0.0,0.0,0.0,0.0,0.0,1.0,0.0,0.0,0.0,0.0,0.0,0.0,1.0,0.0,0.0,0.0,0.0,0.0,1.0,0.0,0.0,0.0,0.0,1.0,0.0,0.0,0.0,91500.0,-1.1242127330492508
-0.7656956092022585,0.2506856652005099,-0.373522599510973,1.4247620717534317,-2.3296068253701616,0.7772367703207032,3.817017341507455,0.29818073040869925,1.0,0.0,0.0,0.0,0.0,0.0,0.0,0.0,0.0,0.0,0.0,0.0,0.0,0.0,0.0,0.0,0.0,0.0,0.0,0.0,0.0,0.0,0.0,0.0,0.0,0.0,0.0,1.0,0.0,0.0,0.0,0.0,0.0,0.0,1.0,0.0,0.0,0.0,0.0,1.0,0.0,0.0,0.0,147983.0,-0.4180630127908536
1.336635976438749,1.0444940398437905,0.21111029959530922,1.4913163959278721,0.9349055645883543,0.7772367703207032,1.4096672285210494,1.6334835209507133,0.0,0.0,0.0,0.0,0.0,0.0,0.0,0.0,0.0,0.0,0.0,0.0,0.0,0.0,0.0,1.0,0.0,0.0,0.0,0.0,0.0,0.0,0.0,0.0,0.0,0.0,0.0,0.0,1.0,0.0,0.0,0.0,0.0,1.0,0.0,0.0,0.0,0.0,1.0,0.0,0.0,0.0,0.0,305000.0,1.5449614481232756
0.6358587812250798,-0.5761980583862408,3.215939934114012,-0.26845823444923916,0.7212364000634042,-1.021987401155326,-0.9976828844653559,0.29818073040869925,0.0,0.0,0.0,0.0,0.0,0.0,1.0,0.0,0.0,0.0,0.0,0.0,0.0,0.0,0.0,0.0,0.0,0.0,0.0,0.0,0.0,0.0,0.0,0.0,0.0,0.0,0.0,0.0,1.0,0.0,0.0,0.0,0.0,0.0,1.0,0.0,0.0,0.0,1.0,0.0,0.0,0.0,0.0,241500.0,0.7510852865099013
-0.7656956092022585,-0.5100473604993008,0.32924507599336394,-0.22735115187090843,-0.09379030998021996,-1.021987401155326,-0.9976828844653559,0.29818073040869925,0.0,1.0,0.0,0.0,0.0,0.0,0.0,0.0,0.0,0.0,0.0,0.0,0.0,0.0,0.0,0.0,0.0,0.0,0.0,0.0,0.0,0.0,0.0,0.0,0.0,0.0,0.0,0.0,1.0,0.0,0.0,0.0,0.0,0.0,1.0,0.0,0.0,0.0,0.0,1.0,0.0,0.0,0.0,159000.0,-0.2803286242476324
-1.4664728044159276,-0.5431227094427709,-0.4829315117432623,-0.6814865403553242,-2.3296068253701616,0.7772367703207032,-0.9976828844653559,-2.372424850675329,0.0,0.0,0.0,0.0,0.0,0.0,0.0,0.0,0.0,0.0,0.0,0.0,1.0,0.0,0.0,0.0,0.0,0.0,0.0,0.0,0.0,0.0,0.0,0.0,0.0,0.0,0.0,0.0,1.0,0.0,0.0,0.0,0.0,0.0,0.0,0.0,1.0,0.0,0.0,1.0,0.0,0.0,0.0,82000.0,-1.2429816076213305
-0.7656956092022585,-0.14621852212113046,-0.35875575246121616,-1.1904313722775144,-0.36473162169742473,-1.021987401155326,0.2059921720278468,-1.0371220601333149,0.0,1.0,0.0,0.0,0.0,0.0,0.0,0.0,0.0,0.0,0.0,0.0,0.0,0.0,0.0,0.0,0.0,0.0,0.0,0.0,0.0,0.0,0.0,0.0,0.0,0.0,0.0,0.0,1.0,0.0,0.0,0.0,0.0,0.0,1.0,0.0,0.0,0.0,0.0,1.0,0.0,0.0,0.0,100000.0,-1.0179458452742323
-0.7656956092022585,-0.774650152047061,0.16714536860626042,0.2600613987007275,-0.06735701127610243,-1.021987401155326,0.2059921720278468,-1.0371220601333149,0.0,0.0,0.0,0.0,0.0,0.0,0.0,0.0,0.0,1.0,0.0,0.0,0.0,0.0,0.0,0.0,0.0,0.0,0.0,0.0,0.0,0.0,0.0,0.0,0.0,0.0,0.0,1.0,0.0,0.0,0.0,0.0,0.0,1.0,0.0,0.0,0.0,0.0,0.0,1.0,0.0,0.0,0.0,129000.0,-0.6553882281594628
-0.06491841398858939,-1.4692324798599317,-0.48740631387955224,-0.399609402675342,-0.4682620416218851,-1.021987401155326,0.2059921720278468,0.29818073040869925,0.0,0.0,0.0,0.0,0.0,0.0,0.0,0.0,0.0,1.0,0.0,0.0,0.0,0.0,0.0,0.0,0.0,0.0,0.0,0.0,0.0,0.0,0.0,0.0,0.0,0.0,0.0,1.0,0.0,0.0,0.0,0.0,0.0,0.0,1.0,0.0,0.0,0.0,0.0,1.0,0.0,0.0,0.0,127500.0,-0.6741412083550543
-0.7656956092022585,-0.807725500990531,-0.10648878202787011,-1.5701825160963794,-0.792069950747325,-1.021987401155326,-0.9976828844653559,-2.372424850675329,0.0,0.0,0.0,0.0,0.0,0.0,0.0,0.0,0.0,0.0,0.0,0.0,1.0,0.0,0.0,0.0,0.0,0.0,0.0,0.0,0.0,0.0,0.0,0.0,0.0,0.0,0.0,0.0,1.0,0.0,0.0,0.0,0.0,0.0,1.0,0.0,0.0,0.0,0.0,1.0,0.0,0.0,0.0,118000.0,-0.792910082927134
0.6358587812250798,-1.4361571309164616,-0.4547402582846356,-0.045305500452586585,-0.43301764334972837,0.7772367703207032,0.2059921720278468,-1.0371220601333149,0.0,0.0,0.0,0.0,0.0,0.0,0.0,0.0,0.0,0.0,1.0,0.0,0.0,0.0,0.0,0.0,0.0,0.0,0.0,0.0,0.0,0.0,0.0,0.0,0.0,0.0,0.0,1.0,0.0,0.0,0.0,0.0,0.0,0.0,1.0,0.0,0.0,0.0,0.0,1.0,0.0,0.0,0.0,145000.0,-0.4553564394064866
-0.06491841398858939,1.1106447377307307,-0.38627578559939935,-0.27824563506312744,0.6617614779791396,0.7772367703207032,-0.9976828844653559,0.29818073040869925,0.0,0.0,0.0,1.0,0.0,0.0,0.0,0.0,0.0,0.0,0.0,0.0,0.0,0.0,0.0,0.0,0.0,0.0,0.0,0.0,0.0,0.0,0.0,0.0,0.0,0.0,0.0,0.0,1.0,0.0,0.0,0.0,0.0,1.0,0.0,0.0,0.0,0.0,1.0,0.0,0.0,0.0,0.0,213000.0,0.39477866279366236
-0.06491841398858939,-1.6346092245772816,0.02272112965750224,-0.05900786131203016,-0.7039589550669332,-1.021987401155326,-0.9976828844653559,0.29818073040869925,0.0,0.0,0.0,0.0,0.0,0.0,0.0,0.0,0.0,1.0,0.0,0.0,0.0,0.0,0.0,0.0,0.0,0.0,0.0,0.0,0.0,0.0,0.0,0.0,0.0,0.0,0.0,1.0,0.0,0.0,0.0,0.0,0.0,0.0,1.0,0.0,0.0,0.0,0.0,0.0,0.0,1.0,0.0,140750.0,-0.5084898832939959
-0.7656956092022585,0.11838426942662977,-0.12763222212184014,-0.830255029686426,0.04057895843237752,-1.021987401155326,0.2059921720278468,0.29818073040869925,0.0,0.0,0.0,0.0,0.0,0.0,0.0,1.0,0.0,0.0,0.0,0.0,0.0,0.0,0.0,0.0,0.0,0.0,0.0,0.0,0.0,0.0,0.0,0.0,0.0,0.0,0.0,1.0,0.0,0.0,0.0,0.0,0.0,0.0,1.0,0.0,0.0,0.0,0.0,1.0,0.0,0.0,0.0,143195.0,-0.4779225255751817
0.6358587812250798,0.18453496731356983,-0.8757072692561129,-0.8713621122647567,-0.005679314299828171,0.7772367703207032,-0.9976828844653559,0.29818073040869925,0.0,0.0,0.0,0.0,0.0,0.0,0.0,0.0,0.0,0.0,0.0,0.0,0.0,0.0,0.0,0.0,0.0,0.0,1.0,0.0,0.0,0.0,0.0,0.0,0.0,0.0,0.0,0.0,1.0,0.0,0.0,0.0,0.0,0.0,1.0,0.0,0.0,0.0,1.0,0.0,0.0,0.0,0.0,148500.0,-0.41159948561677306
-0.06491841398858939,0.8460419461829704,-0.11409594565956303,0.5595558574857086,-0.5145203143540908,0.7772367703207032,0.2059921720278468,0.29818073040869925,0.0,0.0,0.0,0.0,0.0,0.0,0.0,1.0,0.0,0.0,0.0,0.0,0.0,0.0,0.0,0.0,0.0,0.0,0.0,0.0,0.0,0.0,0.0,0.0,0.0,0.0,0.0,0.0,1.0,0.0,0.0,0.0,0.0,1.0,0.0,0.0,0.0,0.0,1.0,0.0,0.0,0.0,0.0,204750.0,0.291637271717909
2.037413171652418,1.1437200866742006,0.21648006215885715,1.904344701833957,0.08022890648855383,0.7772367703207032,1.4096672285210494,1.6334835209507133,0.0,0.0,0.0,0.0,0.0,0.0,0.0,0.0,0.0,0.0,0.0,0.0,0.0,0.0,0.0,0.0,0.0,0.0,0.0,0.0,0.0,0.0,0.0,1.0,0.0,0.0,0.0,0.0,0.0,1.0,0.0,0.0,0.0,1.0,0.0,0.0,0.0,0.0,0.0,0.0,1.0,0.0,0.0,356383.0,2.1873510357166617
0.6358587812250798,0.9121926440699104,-0.17920431674258183,1.0959054111267859,-0.14445413249644526,0.7772367703207032,0.2059921720278468,0.29818073040869925,0.0,0.0,0.0,0.0,0.0,0.0,0.0,0.0,0.0,0.0,0.0,0.0,0.0,1.0,0.0,0.0,0.0,0.0,0.0,0.0,0.0,0.0,0.0,0.0,0.0,0.0,0.0,0.0,0.0,1.0,0.0,0.0,0.0,1.0,0.0,0.0,0.0,0.0,1.0,0.0,0.0,0.0,0.0,214000.0,0.4072806495907234
-0.7656956092022585,-0.21236922000807051,0.5529851828078616,-0.4622487666042269,0.022956759296299162,-1.021987401155326,-0.9976828844653559,0.29818073040869925,0.0,0.0,1.0,0.0,0.0,0.0,0.0,0.0,0.0,0.0,0.0,0.0,0.0,0.0,0.0,0.0,0.0,0.0,0.0,0.0,0.0,0.0,0.0,0.0,0.0,0.0,0.0,0.0,1.0,0.0,0.0,0.0,0.0,0.0,1.0,0.0,0.0,0.0,0.0,1.0,0.0,0.0,0.0,169000.0,-0.15530875627702226
1.336635976438749,0.9783433419568505,-0.39198115832316904,-0.399609402675342,0.46130896280624833,0.7772367703207032,-0.9976828844653559,0.29818073040869925,0.0,0.0,0.0,0.0,0.0,0.0,0.0,0.0,0.0,0.0,0.0,0.0,0.0,0.0,0.0,1.0,0.0,0.0,0.0,0.0,0.0,0.0,0.0,0.0,0.0,0.0,0.0,0.0,1.0,0.0,0.0,0.0,0.0,1.0,0.0,0.0,0.0,0.0,0.0,0.0,1.0,0.0,0.0,220000.0,0.4822925703730895
0.6358587812250798,1.0775693887872606,-0.31960123376867905,-0.5464204118836661,0.35998131777379777,0.7772367703207032,-0.9976828844653559,0.29818073040869925,0.0,0.0,0.0,0.0,1.0,0.0,0.0,0.0,0.0,0.0,0.0,0.0,0.0,0.0,0.0,0.0,0.0,0.0,0.0,0.0,0.0,0.0,0.0,0.0,0.0,0.0,0.0,0.0,1.0,0.0,0.0,0.0,0.0,1.0,0.0,0.0,0.0,0.0,1.0,0.0,0.0,0.0,0.0,185000.0,0.04472303247595397
-0.7656956092022585,-0.5761980583862408,-0.1694716220961512,-0.9946833599997489,-1.49034959151443,-1.021987401155326,0.2059921720278468,-1.0371220601333149,0.0,0.0,0.0,0.0,0.0,0.0,0.0,0.0,0.0,0.0,0.0,0.0,1.0,0.0,0.0,0.0,0.0,0.0,0.0,0.0,0.0,0.0,0.0,0.0,0.0,0.0,0.0,1.0,0.0,0.0,0.0,0.0,0.0,0.0,1.0,0.0,0.0,0.0,0.0,0.0,0.0,1.0,0.0,155891.0,-0.3191973011996951
2.037413171652418,0.7137405504090902,0.07474070449187292,2.517035980263363,1.7411211750639393,0.7772367703207032,1.4096672285210494,0.29818073040869925,0.0,0.0,0.0,0.0,0.0,0.0,0.0,0.0,1.0,0.0,0.0,0.0,0.0,0.0,0.0,0.0,0.0,0.0,0.0,0.0,0.0,0.0,0.0,0.0,0.0,0.0,0.0,0.0,1.0,0.0,0.0,0.0,0.0,1.0,0.0,0.0,0.0,0.0,1.0,0.0,0.0,0.0,0.0,372500.0,2.388845556924894
-2.167249999629597,-0.8408008499340011,-0.599276367286801,-1.6328218800252643,-0.8625587472916384,-1.021987401155326,-0.9976828844653559,-2.372424850675329,0.0,0.0,0.0,0.0,0.0,0.0,0.0,0.0,0.0,0.0,0.0,1.0,0.0,0.0,0.0,0.0,0.0,0.0,0.0,0.0,0.0,0.0,0.0,0.0,0.0,0.0,0.0,0.0,1.0,0.0,0.0,0.0,0.0,1.0,0.0,0.0,0.0,0.0,0.0,0.0,0.0,1.0,0.0,64500.0,-1.4617663765698983
-0.7656956092022585,0.18453496731356983,-0.15380981461913637,-0.9007243141064215,-0.038720937679975094,-1.021987401155326,0.2059921720278468,0.29818073040869925,0.0,0.0,0.0,0.0,0.0,0.0,0.0,1.0,0.0,0.0,0.0,0.0,0.0,0.0,0.0,0.0,0.0,0.0,0.0,0.0,0.0,0.0,0.0,0.0,0.0,0.0,0.0,1.0,0.0,0.0,0.0,0.0,0.0,0.0,1.0,0.0,0.0,0.0,1.0,0.0,0.0,0.0,0.0,134900.0,-0.5816265060568029
0.6358587812250798,-1.1715543393687013,-0.3531622497908537,-0.7147637024425444,-1.0960528858446767,-1.021987401155326,0.2059921720278468,0.29818073040869925,0.0,0.0,0.0,0.0,0.0,0.0,0.0,0.0,0.0,0.0,1.0,0.0,0.0,0.0,0.0,0.0,0.0,0.0,0.0,0.0,0.0,0.0,0.0,0.0,0.0,0.0,0.0,1.0,0.0,0.0,0.0,0.0,0.0,1.0,0.0,0.0,0.0,0.0,1.0,0.0,0.0,0.0,0.0,155000.0,-0.33033657143587647
-0.7656956092022585,-0.14621852212113046,0.1418627365362222,-0.8772345526330897,-0.012287638975857556,-1.021987401155326,0.2059921720278468,-1.0371220601333149,0.0,0.0,0.0,0.0,0.0,1.0,0.0,0.0,0.0,0.0,0.0,0.0,0.0,0.0,0.0,0.0,0.0,0.0,0.0,0.0,0.0,0.0,0.0,0.0,0.0,0.0,0.0,0.0,1.0,0.0,0.0,0.0,0.0,0.0,1.0,0.0,0.0,0.0,0.0,1.0,0.0,0.0,0.0,113500.0,-0.8491690235139085
0.6358587812250798,0.8791172951264404,-0.06643930290807505,0.003631502616854774,0.9789610624285502,-1.021987401155326,-2.2013579409585584,-1.0371220601333149,0.0,0.0,0.0,0.0,0.0,0.0,0.0,0.0,0.0,0.0,0.0,0.0,0.0,0.0,0.0,0.0,0.0,0.0,0.0,0.0,0.0,0.0,0.0,0.0,0.0,0.0,1.0,0.0,1.0,0.0,0.0,0.0,0.0,1.0,0.0,0.0,0.0,0.0,1.0,0.0,0.0,0.0,0.0,330000.0,1.8575111180498012
0.6358587812250798,0.6145145035786802,-0.0202369708508813,-0.3115227971503476,0.5340005342425715,-1.021987401155326,-0.9976828844653559,0.29818073040869925,0.0,0.0,0.0,0.0,0.0,0.0,0.0,0.0,0.0,0.0,0.0,0.0,0.0,1.0,0.0,0.0,0.0,0.0,0.0,0.0,0.0,0.0,0.0,0.0,0.0,0.0,0.0,0.0,1.0,0.0,0.0,0.0,0.0,1.0,0.0,0.0,0.0,0.0,1.0,0.0,0.0,0.0,0.0,171500.0,-0.12405378928436972
0.6358587812250798,1.2098707845611407,-0.26444929743890544,-0.1255621854864704,0.8335779195559037,0.7772367703207032,0.2059921720278468,0.29818073040869925,0.0,0.0,0.0,0.0,1.0,0.0,0.0,0.0,0.0,0.0,0.0,0.0,0.0,0.0,0.0,0.0,0.0,0.0,0.0,0.0,0.0,0.0,0.0,0.0,0.0,0.0,0.0,0.0,1.0,0.0,0.0,0.0,0.0,1.0,0.0,0.0,0.0,0.0,0.0,0.0,1.0,0.0,0.0,225000.0,0.5448025043583945
-0.06491841398858939,-1.4692324798599317,-0.05525229756735017,0.2776787198057264,-0.7259867039870311,-1.021987401155326,1.4096672285210494,-1.0371220601333149,0.0,0.0,0.0,0.0,0.0,0.0,0.0,0.0,0.0,1.0,0.0,0.0,0.0,0.0,0.0,0.0,0.0,0.0,0.0,0.0,0.0,0.0,0.0,0.0,0.0,0.0,0.0,1.0,0.0,0.0,0.0,0.0,0.0,0.0,1.0,0.0,0.0,0.0,0.0,1.0,0.0,0.0,0.0,145000.0,-0.4553564394064866
-0.06491841398858939,-1.5353831777468716,-0.4170400502863928,-0.25671335371257326,-0.8493420979395796,0.7772367703207032,0.2059921720278468,-1.0371220601333149,0.0,0.0,0.0,0.0,0.0,0.0,0.0,0.0,0.0,0.0,0.0,0.0,1.0,0.0,0.0,0.0,0.0,0.0,0.0,0.0,0.0,0.0,0.0,0.0,0.0,0.0,0.0,1.0,0.0,0.0,0.0,0.0,0.0,0.0,1.0,0.0,0.0,0.0,0.0,1.0,0.0,0.0,0.0,103600.0,-0.9729386928048126
0.6358587812250798,1.0775693887872606,-0.19911718624907213,0.4558094109784929,-0.46385649183786554,0.7772367703207032,0.2059921720278468,0.29818073040869925,0.0,0.0,0.0,0.0,0.0,0.0,0.0,0.0,0.0,0.0,0.0,0.0,0.0,1.0,0.0,0.0,0.0,0.0,0.0,0.0,0.0,0.0,0.0,0.0,0.0,0.0,0.0,0.0,0.0,1.0,0.0,0.0,0.0,1.0,0.0,0.0,0.0,0.0,1.0,0.0,0.0,0.0,0.0,185088.0,0.04582320731409534
2.037413171652418,1.1767954356176706,-0.2504655407629993,0.41078736815460687,1.4371382399665875,0.7772367703207032,-0.9976828844653559,0.29818073040869925,0.0,0.0,0.0,0.0,0.0,0.0,0.0,0.0,0.0,0.0,0.0,0.0,0.0,0.0,0.0,0.0,0.0,0.0,0.0,0.0,0.0,0.0,0.0,1.0,0.0,0.0,0.0,0.0,1.0,0.0,0.0,0.0,0.0,0.0,0.0,1.0,0.0,0.0,0.0,0.0,1.0,0.0,0.0,334000.0,1.9075190652380452
-0.06491841398858939,-0.5100473604993008,0.019700638215506522,-0.932043996070864,-0.10920973422428853,-1.021987401155326,-0.9976828844653559,-1.0371220601333149,0.0,1.0,0.0,0.0,0.0,0.0,0.0,0.0,0.0,0.0,0.0,0.0,0.0,0.0,0.0,0.0,0.0,0.0,0.0,0.0,0.0,0.0,0.0,0.0,0.0,0.0,0.0,0.0,1.0,0.0,0.0,0.0,0.0,0.0,1.0,0.0,0.0,0.0,0.0,1.0,0.0,0.0,0.0,157500.0,-0.2990816044432239
0.6358587812250798,1.0444940398437905,-0.2776499637409608,0.017333863476298353,-0.6048340849264924,0.7772367703207032,0.2059921720278468,0.29818073040869925,0.0,0.0,0.0,0.0,0.0,0.0,0.0,0.0,0.0,0.0,0.0,0.0,0.0,1.0,0.0,0.0,0.0,0.0,0.0,0.0,0.0,0.0,0.0,0.0,0.0,0.0,0.0,0.0,1.0,0.0,0.0,0.0,0.0,1.0,0.0,0.0,0.0,0.0,1.0,0.0,0.0,0.0,0.0,180000.0,-0.017786901509351104
-0.7656956092022585,-0.47697201155583074,0.6672045073366626,0.1954645546490649,0.9393111143723738,-1.021987401155326,-0.9976828844653559,-1.0371220601333149,0.0,1.0,0.0,0.0,0.0,0.0,0.0,0.0,0.0,0.0,0.0,0.0,0.0,0.0,0.0,0.0,0.0,0.0,0.0,0.0,0.0,0.0,0.0,0.0,0.0,0.0,0.0,0.0,1.0,0.0,0.0,0.0,0.0,0.0,1.0,0.0,0.0,0.0,0.0,1.0,0.0,0.0,0.0,207500.0,0.3260177354098268
0.6358587812250798,0.9783433419568505,0.09991146650850391,0.7239841877990315,-0.25018732731291543,0.7772367703207032,0.2059921720278468,0.29818073040869925,0.0,0.0,0.0,0.0,0.0,0.0,0.0,1.0,0.0,0.0,0.0,0.0,0.0,0.0,0.0,0.0,0.0,0.0,0.0,0.0,0.0,0.0,0.0,0.0,0.0,0.0,0.0,0.0,1.0,0.0,0.0,0.0,0.0,1.0,0.0,0.0,0.0,0.0,1.0,0.0,0.0,0.0,0.0,211000.0,0.3697746891995404
1.336635976438749,1.1767954356176706,-0.01363663769985362,0.29529604091072525,1.2895523222019312,0.7772367703207032,0.2059921720278468,1.6334835209507133,0.0,0.0,0.0,0.0,0.0,0.0,0.0,1.0,0.0,0.0,0.0,0.0,0.0,0.0,0.0,0.0,0.0,0.0,0.0,0.0,0.0,0.0,0.0,0.0,0.0,0.0,0.0,0.0,1.0,0.0,0.0,0.0,0.0,1.0,0.0,0.0,0.0,0.0,1.0,0.0,0.0,0.0,0.0,246500.0,0.8135952204952064
-0.06491841398858939,0.41606240991786003,0.06746915102040175,-0.4230991641486739,0.49875613597041485,0.7772367703207032,0.2059921720278468,0.29818073040869925,0.0,0.0,0.0,0.0,0.0,0.0,0.0,0.0,0.0,0.0,0.0,0.0,0.0,0.0,1.0,0.0,0.0,0.0,0.0,0.0,0.0,0.0,0.0,0.0,0.0,0.0,0.0,0.0,1.0,0.0,0.0,0.0,0.0,0.0,1.0,0.0,0.0,0.0,1.0,0.0,0.0,0.0,0.0,174000.0,-0.0927988222917172
0.6358587812250798,1.1106447377307307,-0.24140406643701218,-0.08641258303091733,-0.7259867039870311,0.7772367703207032,0.2059921720278468,0.29818073040869925,0.0,0.0,0.0,0.0,0.0,0.0,0.0,1.0,0.0,0.0,0.0,0.0,0.0,0.0,0.0,0.0,0.0,0.0,0.0,0.0,0.0,0.0,0.0,0.0,0.0,0.0,0.0,0.0,1.0,0.0,0.0,0.0,0.0,1.0,0.0,0.0,0.0,0.0,1.0,0.0,0.0,0.0,0.0,189000.0,0.09473097966419802
-0.06491841398858939,-0.5431227094427709,-0.08467412161345661,0.3148708421385018,-0.14445413249644526,-1.021987401155326,0.2059921720278468,-1.0371220601333149,0.0,1.0,0.0,0.0,0.0,0.0,0.0,0.0,0.0,0.0,0.0,0.0,0.0,0.0,0.0,0.0,0.0,0.0,0.0,0.0,0.0,0.0,0.0,0.0,0.0,0.0,0.0,0.0,0.0,1.0,0.0,0.0,0.0,1.0,0.0,0.0,0.0,0.0,0.0,1.0,0.0,0.0,0.0,165500.0,-0.19906571006673582
-0.7656956092022585,-0.11314317317766043,-0.21891818570215515,-0.8772345526330897,-0.012287638975857556,-1.021987401155326,0.2059921720278468,-1.0371220601333149,0.0,1.0,0.0,0.0,0.0,0.0,0.0,0.0,0.0,0.0,0.0,0.0,0.0,0.0,0.0,0.0,0.0,0.0,0.0,0.0,0.0,0.0,0.0,0.0,0.0,0.0,0.0,0.0,1.0,0.0,0.0,0.0,0.0,0.0,1.0,0.0,0.0,0.0,0.0,1.0,0.0,0.0,0.0,138500.0,-0.5366193535873832
-0.7656956092022585,-0.3115952668384806,-0.420284281835203,-1.2452408157152886,-0.426409318673699,-1.021987401155326,-0.9976828844653559,-1.0371220601333149,0.0,1.0,0.0,0.0,0.0,0.0,0.0,0.0,0.0,0.0,0.0,0.0,0.0,0.0,0.0,0.0,0.0,0.0,0.0,0.0,0.0,0.0,0.0,0.0,0.0,0.0,0.0,1.0,0.0,0.0,0.0,0.0,0.0,0.0,1.0,0.0,0.0,0.0,0.0,1.0,0.0,0.0,0.0,125500.0,-0.6991451819491764
-0.7656956092022585,-1.7007599224642218,0.7184409917971825,2.2586486040567126,-0.8515448728315894,2.5764609417967326,1.4096672285210494,0.29818073040869925,0.0,0.0,0.0,0.0,0.0,1.0,0.0,0.0,0.0,0.0,0.0,0.0,0.0,0.0,0.0,0.0,0.0,0.0,0.0,0.0,0.0,0.0,0.0,0.0,0.0,0.0,0.0,0.0,1.0,0.0,0.0,0.0,0.0,0.0,1.0,0.0,0.0,0.0,1.0,0.0,0.0,0.0,0.0,158000.0,-0.29283061104469343
-0.7656956092022585,-0.17929387106460049,-0.03433259758019465,-0.43092908463978447,-0.5828063360063944,0.7772367703207032,0.2059921720278468,0.29818073040869925,0.0,1.0,0.0,0.0,0.0,0.0,0.0,0.0,0.0,0.0,0.0,0.0,0.0,0.0,0.0,0.0,0.0,0.0,0.0,0.0,0.0,0.0,0.0,0.0,0.0,0.0,0.0,0.0,0.0,0.0,1.0,0.0,0.0,0.0,1.0,0.0,0.0,0.0,0.0,1.0,0.0,0.0,0.0,175000.0,-0.08029683549465617
0.6358587812250798,1.0775693887872606,-0.024040552666727756,1.1428849340734495,-0.22375402860879787,0.7772367703207032,1.4096672285210494,0.29818073040869925,1.0,0.0,0.0,0.0,0.0,0.0,0.0,0.0,0.0,0.0,0.0,0.0,0.0,0.0,0.0,0.0,0.0,0.0,0.0,0.0,0.0,0.0,0.0,0.0,0.0,0.0,0.0,0.0,0.0,1.0,0.0,0.0,0.0,0.0,1.0,0.0,0.0,0.0,1.0,0.0,0.0,0.0,0.0,233000.0,0.6448183987348827
0.6358587812250798,0.7137405504090902,0.02272112965750224,0.7416015089040304,0.047187283108406905,0.7772367703207032,0.2059921720278468,0.29818073040869925,1.0,0.0,0.0,0.0,0.0,0.0,0.0,0.0,0.0,0.0,0.0,0.0,0.0,0.0,0.0,0.0,0.0,0.0,0.0,0.0,0.0,0.0,0.0,0.0,0.0,0.0,0.0,0.0,1.0,0.0,0.0,0.0,0.0,1.0,0.0,0.0,0.0,0.0,1.0,0.0,0.0,0.0,0.0,239900.0,0.7310821076346037
-1.4664728044159276,-0.04699247529072038,-0.9933945654405385,-1.7032911644452597,-0.9418586434039911,-1.021987401155326,-2.2013579409585584,-1.0371220601333149,0.0,0.0,0.0,0.0,0.0,0.0,0.0,0.0,0.0,0.0,0.0,0.0,0.0,0.0,0.0,0.0,0.0,0.0,0.0,0.0,0.0,0.0,0.0,0.0,0.0,1.0,0.0,0.0,1.0,0.0,0.0,0.0,0.0,0.0,1.0,0.0,0.0,0.0,1.0,0.0,0.0,0.0,0.0,80000.0,-1.2679855812154526
1.336635976438749,1.0444940398437905,0.03334878473119087,0.2522314782096169,4.732489478413241,0.7772367703207032,0.2059921720278468,1.6334835209507133,0.0,0.0,0.0,1.0,0.0,0.0,0.0,0.0,0.0,0.0,0.0,0.0,0.0,0.0,0.0,0.0,0.0,0.0,0.0,0.0,0.0,0.0,0.0,0.0,0.0,0.0,0.0,0.0,1.0,0.0,0.0,0.0,0.0,1.0,0.0,0.0,0.0,0.0,1.0,0.0,0.0,0.0,0.0,284000.0,1.2824197253849945
0.6358587812250798,0.9121926440699104,0.23527423113127494,1.6087652032945312,-0.04532926235600448,0.7772367703207032,1.4096672285210494,0.29818073040869925,0.0,0.0,0.0,0.0,0.0,0.0,0.0,0.0,0.0,0.0,0.0,0.0,0.0,1.0,0.0,0.0,0.0,0.0,0.0,0.0,0.0,0.0,0.0,0.0,0.0,0.0,0.0,0.0,0.0,1.0,0.0,0.0,0.0,0.0,1.0,0.0,0.0,0.0,1.0,0.0,0.0,0.0,0.0,225000.0,0.5448025043583945
-0.06491841398858939,0.1514596183700998,-0.45552334865848637,-0.8928943936153109,-0.21494292904075868,-1.021987401155326,0.2059921720278468,0.29818073040869925,0.0,0.0,0.0,0.0,0.0,0.0,0.0,0.0,0.0,0.0,0.0,0.0,1.0,0.0,0.0,0.0,0.0,0.0,0.0,0.0,0.0,0.0,0.0,0.0,0.0,0.0,0.0,1.0,0.0,0.0,0.0,0.0,0.0,0.0,1.0,0.0,0.0,0.0,0.0,1.0,0.0,0.0,0.0,133500.0,-0.5991292875726882
1.336635976438749,1.2098707845611407,0.23348431027675898,0.8453479554112461,1.926154265992762,0.7772367703207032,-0.9976828844653559,1.6334835209507133,0.0,0.0,0.0,1.0,0.0,0.0,0.0,0.0,0.0,0.0,0.0,0.0,0.0,0.0,0.0,0.0,0.0,0.0,0.0,0.0,0.0,0.0,0.0,0.0,0.0,0.0,0.0,0.0,1.0,0.0,0.0,0.0,0.0,0.0,0.0,1.0,0.0,0.0,0.0,0.0,1.0,0.0,0.0,394617.0,2.665351998915493
-0.06491841398858939,0.01915822259621968,-0.970684944598867,-1.0044707606136372,-1.2656665525294308,-1.021987401155326,-0.9976828844653559,-1.0371220601333149,0.0,0.0,0.0,0.0,0.0,0.0,0.0,0.0,0.0,0.0,0.0,0.0,0.0,0.0,0.0,0.0,0.0,0.0,0.0,0.0,0.0,1.0,0.0,0.0,0.0,0.0,0.0,1.0,0.0,0.0,0.0,0.0,0.0,0.0,1.0,0.0,0.0,0.0,0.0,1.0,0.0,0.0,0.0,97000.0,-1.0554518056654154
-2.167249999629597,-0.873876198877471,-0.17674317556762237,-1.6837163632174832,-2.3296068253701616,-1.021987401155326,-0.9976828844653559,-1.0371220601333149,0.0,0.0,0.0,0.0,0.0,0.0,0.0,0.0,0.0,0.0,0.0,0.0,1.0,0.0,0.0,0.0,0.0,0.0,0.0,0.0,0.0,0.0,0.0,0.0,0.0,0.0,0.0,1.0,0.0,0.0,0.0,0.0,0.0,0.0,1.0,0.0,0.0,0.0,0.0,1.0,0.0,0.0,0.0,84900.0,-1.2067258459098535
1.336635976438749,0.7468158993525603,-0.02650169384168723,2.008091148341173,0.23662592382124928,0.7772367703207032,1.4096672285210494,1.6334835209507133,0.0,0.0,0.0,0.0,0.0,0.0,0.0,0.0,1.0,0.0,0.0,0.0,0.0,0.0,0.0,0.0,0.0,0.0,0.0,0.0,0.0,0.0,0.0,0.0,0.0,0.0,0.0,0.0,1.0,0.0,0.0,0.0,0.0,1.0,0.0,0.0,0.0,0.0,1.0,0.0,0.0,0.0,0.0,290000.0,1.3574316461673606
-0.06491841398858939,-1.7669106203511618,-0.2910743701498306,1.4952313561734274,0.09344555584061259,0.7772367703207032,1.4096672285210494,-1.0371220601333149,0.0,0.0,0.0,0.0,0.0,0.0,0.0,0.0,0.0,1.0,0.0,0.0,0.0,0.0,0.0,0.0,0.0,0.0,0.0,0.0,0.0,0.0,0.0,0.0,0.0,0.0,0.0,1.0,0.0,0.0,0.0,0.0,0.0,0.0,1.0,0.0,0.0,0.0,0.0,1.0,0.0,0.0,0.0,200000.0,0.2322528344318692
0.6358587812250798,-0.774650152047061,-0.5780210571394238,-0.8243825893180929,-1.0740251369245788,-1.021987401155326,-0.9976828844653559,-1.0371220601333149,0.0,0.0,0.0,0.0,0.0,0.0,0.0,0.0,0.0,0.0,0.0,0.0,1.0,0.0,0.0,0.0,0.0,0.0,0.0,0.0,0.0,0.0,0.0,0.0,0.0,0.0,0.0,0.0,1.0,0.0,0.0,0.0,0.0,0.0,1.0,0.0,0.0,0.0,0.0,1.0,0.0,0.0,0.0,125600.0,-0.6978949832694703
-0.7656956092022585,-0.24544456895154054,0.09431796383814146,-0.3956944424297867,0.4238617896420818,0.7772367703207032,0.2059921720278468,0.29818073040869925,0.0,0.0,0.0,0.0,0.0,0.0,0.0,0.0,0.0,0.0,0.0,0.0,1.0,0.0,0.0,0.0,0.0,0.0,0.0,0.0,0.0,0.0,0.0,0.0,0.0,0.0,0.0,1.0,0.0,0.0,0.0,0.0,0.0,0.0,1.0,0.0,0.0,0.0,0.0,1.0,0.0,0.0,0.0,114000.0,-0.842918030115378
-0.7656956092022585,-1.6015338756338118,1.2336025877375631,0.14848503170240118,0.5868671316508066,-1.021987401155326,0.2059921720278468,0.29818073040869925,0.0,0.0,0.0,0.0,0.0,0.0,0.0,0.0,0.0,0.0,0.0,1.0,0.0,0.0,0.0,0.0,0.0,0.0,0.0,0.0,0.0,0.0,0.0,0.0,0.0,0.0,0.0,0.0,1.0,0.0,0.0,0.0,0.0,1.0,0.0,0.0,0.0,0.0,0.0,1.0,0.0,0.0,0.0,223500.0,0.526049524162803
-0.06491841398858939,0.6475898525221502,0.41504940695672377,0.40882988803182924,-0.48808701564997325,0.7772367703207032,0.2059921720278468,0.29818073040869925,0.0,0.0,0.0,0.0,0.0,0.0,0.0,0.0,0.0,0.0,0.0,0.0,0.0,1.0,0.0,0.0,0.0,0.0,0.0,0.0,0.0,0.0,0.0,0.0,0.0,0.0,0.0,0.0,1.0,0.0,0.0,0.0,0.0,1.0,0.0,0.0,0.0,0.0,1.0,0.0,0.0,0.0,0.0,185000.0,0.04472303247595397
0.6358587812250798,1.1767954356176706,-0.3418633743967216,-0.27824563506312744,0.6441392788430613,0.7772367703207032,-0.9976828844653559,0.29818073040869925,0.0,0.0,0.0,1.0,0.0,0.0,0.0,0.0,0.0,0.0,0.0,0.0,0.0,0.0,0.0,0.0,0.0,0.0,0.0,0.0,0.0,0.0,0.0,0.0,0.0,0.0,0.0,0.0,1.0,0.0,0.0,0.0,0.0,0.0,1.0,0.0,0.0,0.0,1.0,0.0,0.0,0.0,0.0,217300.0,0.44853720602102476
1.336635976438749,1.0775693887872606,0.3197361214537478,0.8101133132012484,0.798333521283747,0.7772367703207032,0.2059921720278468,1.6334835209507133,0.0,0.0,0.0,1.0,0.0,0.0,0.0,0.0,0.0,0.0,0.0,0.0,0.0,0.0,0.0,0.0,0.0,0.0,0.0,0.0,0.0,0.0,0.0,0.0,0.0,0.0,0.0,0.0,0.0,1.0,0.0,0.0,0.0,1.0,0.0,0.0,0.0,0.0,1.0,0.0,0.0,0.0,0.0,279000.0,1.2199097913996892
1.336635976438749,1.0444940398437905,0.0311113836630459,0.3285732029979454,1.3203911706900684,0.7772367703207032,0.2059921720278468,0.29818073040869925,0.0,0.0,0.0,0.0,0.0,0.0,0.0,1.0,0.0,0.0,0.0,0.0,0.0,0.0,0.0,0.0,0.0,0.0,0.0,0.0,0.0,0.0,0.0,0.0,0.0,0.0,0.0,0.0,1.0,0.0,0.0,0.0,0.0,1.0,0.0,0.0,0.0,0.0,1.0,0.0,0.0,0.0,0.0,232000.0,0.6323164119378216
2.037413171652418,1.2429461335046108,-0.13087645367065034,0.5204062550301555,1.560493633919136,0.7772367703207032,-0.9976828844653559,1.6334835209507133,0.0,0.0,0.0,0.0,1.0,0.0,0.0,0.0,0.0,0.0,0.0,0.0,0.0,0.0,0.0,0.0,0.0,0.0,0.0,0.0,0.0,0.0,0.0,0.0,0.0,0.0,0.0,0.0,1.0,0.0,0.0,0.0,0.0,0.0,0.0,1.0,0.0,0.0,0.0,0.0,1.0,0.0,0.0,370878.0,2.368567334340061
-1.4664728044159276,-0.5431227094427709,-0.35875575246121616,0.07801574728240564,0.29169529612149414,-1.021987401155326,1.4096672285210494,-1.0371220601333149,0.0,1.0,0.0,0.0,0.0,0.0,0.0,0.0,0.0,0.0,0.0,0.0,0.0,0.0,0.0,0.0,0.0,0.0,0.0,0.0,0.0,0.0,0.0,0.0,0.0,0.0,0.0,1.0,0.0,0.0,0.0,0.0,0.0,0.0,0.0,0.0,1.0,0.0,0.0,1.0,0.0,0.0,0.0,115000.0,-0.8304160433183171
-0.06491841398858939,1.0114186909003204,-0.2580727043946922,-1.147366809576406,-0.31627057407320924,-1.021987401155326,-0.9976828844653559,-2.372424850675329,0.0,0.0,0.0,0.0,0.0,0.0,0.0,0.0,0.0,0.0,0.0,0.0,1.0,0.0,0.0,0.0,0.0,0.0,0.0,0.0,0.0,0.0,0.0,0.0,0.0,0.0,0.0,0.0,1.0,0.0,0.0,0.0,0.0,1.0,0.0,0.0,0.0,0.0,1.0,0.0,0.0,0.0,0.0,117250.0,-0.8022865730249298
-0.7656956092022585,-0.4438966626123607,-0.09787478791551196,0.716154267307921,1.7807711231201155,0.7772367703207032,1.4096672285210494,0.29818073040869925,0.0,1.0,0.0,0.0,0.0,0.0,0.0,0.0,0.0,0.0,0.0,0.0,0.0,0.0,0.0,0.0,0.0,0.0,0.0,0.0,0.0,0.0,0.0,0.0,0.0,0.0,0.0,1.0,0.0,0.0,0.0,0.0,0.0,0.0,1.0,0.0,0.0,0.0,0.0,1.0,0.0,0.0,0.0,135000.0,-0.5803763073770968
-0.06491841398858939,0.01915822259621968,-0.9471922333833448,-1.0044707606136372,-1.2656665525294308,-1.021987401155326,-0.9976828844653559,-1.0371220601333149,0.0,0.0,0.0,0.0,0.0,0.0,0.0,0.0,0.0,0.0,0.0,0.0,0.0,0.0,0.0,0.0,0.0,0.0,0.0,0.0,0.0,1.0,0.0,0.0,0.0,0.0,0.0,1.0,0.0,0.0,0.0,0.0,0.0,0.0,1.0,0.0,0.0,0.0,0.0,1.0,0.0,0.0,0.0,100500.0,-1.0116948518757019
-1.4664728044159276,-2.5276436460509726,-0.5679527523327714,-0.2723731946947945,-1.9485267690524672,-1.021987401155326,-0.9976828844653559,-1.0371220601333149,0.0,0.0,0.0,0.0,0.0,0.0,0.0,0.0,0.0,0.0,0.0,0.0,0.0,0.0,0.0,0.0,0.0,0.0,0.0,1.0,0.0,0.0,0.0,0.0,0.0,0.0,0.0,1.0,0.0,0.0,0.0,0.0,0.0,0.0,1.0,0.0,0.0,0.0,0.0,0.0,0.0,0.0,1.0,89000.0,-1.1554677000419034
1.336635976438749,0.6806652014656203,0.1571889338530153,1.3738675885612128,0.10445943030066157,0.7772367703207032,1.4096672285210494,0.29818073040869925,0.0,0.0,0.0,0.0,0.0,0.0,0.0,0.0,1.0,0.0,0.0,0.0,0.0,0.0,0.0,0.0,0.0,0.0,0.0,0.0,0.0,0.0,0.0,0.0,0.0,0.0,0.0,0.0,1.0,0.0,0.0,0.0,0.0,1.0,0.0,0.0,0.0,0.0,0.0,0.0,1.0,0.0,0.0,263000.0,1.0198780026467131
-0.7656956092022585,-0.3115952668384806,-0.30953292896202667,0.6104503406779276,-0.426409318673699,0.7772367703207032,1.4096672285210494,-1.0371220601333149,0.0,1.0,0.0,0.0,0.0,0.0,0.0,0.0,0.0,0.0,0.0,0.0,0.0,0.0,0.0,0.0,0.0,0.0,0.0,0.0,0.0,0.0,0.0,0.0,0.0,0.0,0.0,0.0,1.0,0.0,0.0,0.0,0.0,0.0,1.0,0.0,0.0,0.0,0.0,1.0,0.0,0.0,0.0,169500.0,-0.14905776287849176
-0.06491841398858939,-1.5684585266903417,-0.3755362604723035,-0.37220468095645487,-0.9704947170001184,0.7772367703207032,-0.9976828844653559,-1.0371220601333149,0.0,0.0,0.0,0.0,0.0,0.0,0.0,0.0,0.0,1.0,0.0,0.0,0.0,0.0,0.0,0.0,0.0,0.0,0.0,0.0,0.0,0.0,0.0,0.0,0.0,0.0,0.0,0.0,1.0,0.0,0.0,0.0,0.0,0.0,1.0,0.0,0.0,0.0,0.0,0.0,0.0,1.0,0.0,112000.0,-0.8679220037095001
0.6358587812250798,0.1514596183700998,-0.9232520419541935,-1.300050259153063,-0.48808701564997325,-1.021987401155326,-0.9976828844653559,-1.0371220601333149,0.0,0.0,0.0,0.0,0.0,0.0,0.0,0.0,0.0,0.0,0.0,0.0,0.0,0.0,0.0,0.0,0.0,0.0,1.0,0.0,0.0,0.0,0.0,0.0,0.0,0.0,0.0,0.0,1.0,0.0,0.0,0.0,0.0,0.0,1.0,0.0,0.0,0.0,0.0,1.0,0.0,0.0,0.0,128500.0,-0.6616392215579934
-1.4664728044159276,-1.0392529435948212,-0.3052818669325512,0.30508344152461353,-0.5651841368703161,0.7772367703207032,-0.9976828844653559,0.29818073040869925,0.0,0.0,0.0,0.0,0.0,0.0,0.0,0.0,0.0,1.0,0.0,0.0,0.0,0.0,0.0,0.0,0.0,0.0,0.0,0.0,0.0,0.0,0.0,0.0,0.0,0.0,0.0,1.0,0.0,0.0,0.0,0.0,0.0,0.0,1.0,0.0,0.0,0.0,0.0,1.0,0.0,0.0,0.0,119164.0,-0.778357770295355
-0.06491841398858939,-1.5684585266903417,-0.08467412161345661,-0.7911054272308728,-1.0696195871405592,-1.021987401155326,-0.9976828844653559,-2.372424850675329,0.0,0.0,0.0,0.0,0.0,0.0,0.0,0.0,0.0,0.0,0.0,0.0,1.0,0.0,0.0,0.0,0.0,0.0,0.0,0.0,0.0,0.0,0.0,0.0,0.0,0.0,0.0,0.0,1.0,0.0,0.0,0.0,0.0,0.0,1.0,0.0,0.0,0.0,0.0,1.0,0.0,0.0,0.0,79000.0,-1.2804875680125136
-0.06491841398858939,-0.04699247529072038,0.09890463602783867,-0.9711935985264171,-0.11802083379232771,-1.021987401155326,-0.9976828844653559,0.29818073040869925,0.0,1.0,0.0,0.0,0.0,0.0,0.0,0.0,0.0,0.0,0.0,0.0,0.0,0.0,0.0,0.0,0.0,0.0,0.0,0.0,0.0,0.0,0.0,0.0,0.0,0.0,0.0,0.0,1.0,0.0,0.0,0.0,0.0,0.0,1.0,0.0,0.0,0.0,0.0,1.0,0.0,0.0,0.0,149000.0,-0.40534849221824254
1.336635976438749,1.0775693887872606,0.08794137079392829,1.8906423409745134,1.150777504005314,2.5764609417967326,1.4096672285210494,0.29818073040869925,0.0,0.0,0.0,0.0,1.0,0.0,0.0,0.0,0.0,0.0,0.0,0.0,0.0,0.0,0.0,0.0,0.0,0.0,0.0,0.0,0.0,0.0,0.0,0.0,0.0,0.0,0.0,0.0,1.0,0.0,0.0,0.0,0.0,1.0,0.0,0.0,0.0,0.0,1.0,0.0,0.0,0.0,0.0,340000.0,1.9825309860204112
0.6358587812250798,1.1437200866742006,-0.22641347928044084,-0.017900778733699423,-0.7039589550669332,0.7772367703207032,0.2059921720278468,0.29818073040869925,0.0,0.0,0.0,0.0,0.0,0.0,0.0,1.0,0.0,0.0,0.0,0.0,0.0,0.0,0.0,0.0,0.0,0.0,0.0,0.0,0.0,0.0,0.0,0.0,0.0,0.0,0.0,0.0,1.0,0.0,0.0,0.0,0.0,1.0,0.0,0.0,0.0,0.0,1.0,0.0,0.0,0.0,0.0,168675.0,-0.1593719019860671
0.6358587812250798,1.1437200866742006,-0.40216133318322866,-0.40352436292089733,0.5031616857544344,0.7772367703207032,-0.9976828844653559,0.29818073040869925,0.0,0.0,0.0,0.0,0.0,0.0,0.0,1.0,0.0,0.0,0.0,0.0,0.0,0.0,0.0,0.0,0.0,0.0,0.0,0.0,0.0,0.0,0.0,0.0,0.0,0.0,0.0,0.0,1.0,0.0,0.0,0.0,0.0,1.0,0.0,0.0,0.0,0.0,1.0,0.0,0.0,0.0,0.0,193879.0,0.1557281732470587
0.6358587812250798,0.6806652014656203,0.7093795174711953,0.5067038941707119,0.8622139931520311,0.7772367703207032,0.2059921720278468,0.29818073040869925,0.0,0.0,0.0,0.0,0.0,0.0,1.0,0.0,0.0,0.0,0.0,0.0,0.0,0.0,0.0,0.0,0.0,0.0,0.0,0.0,0.0,0.0,0.0,0.0,0.0,0.0,0.0,0.0,1.0,0.0,0.0,0.0,0.0,1.0,0.0,0.0,0.0,0.0,1.0,0.0,0.0,0.0,0.0,233500.0,0.6510693921334132
-1.4664728044159276,-1.5353831777468716,-0.372180158870086,-1.6817588830947057,-0.9176281195918833,-1.021987401155326,-0.9976828844653559,-1.0371220601333149,0.0,0.0,0.0,0.0,0.0,0.0,0.0,0.0,0.0,0.0,0.0,0.0,0.0,0.0,0.0,0.0,0.0,0.0,0.0,1.0,0.0,0.0,0.0,0.0,0.0,0.0,0.0,1.0,0.0,0.0,0.0,0.0,0.0,0.0,0.0,0.0,1.0,0.0,0.0,1.0,0.0,0.0,0.0,85000.0,-1.2054756472301476
0.6358587812250798,1.1437200866742006,-0.14362963975907672,-0.01594329861092177,-0.7039589550669332,0.7772367703207032,0.2059921720278468,0.29818073040869925,0.0,0.0,0.0,0.0,0.0,0.0,0.0,0.0,0.0,0.0,0.0,0.0,0.0,1.0,0.0,0.0,0.0,0.0,0.0,0.0,0.0,0.0,0.0,0.0,0.0,0.0,0.0,0.0,1.0,0.0,0.0,0.0,0.0,1.0,0.0,0.0,0.0,0.0,1.0,0.0,0.0,0.0,0.0,185101.0,0.04598573314245713
-1.4664728044159276,-0.7415748031035909,0.04956994247524195,-0.07662518241702905,-0.4968981152180124,0.7772367703207032,1.4096672285210494,-1.0371220601333149,0.0,1.0,0.0,0.0,0.0,0.0,0.0,0.0,0.0,0.0,0.0,0.0,0.0,0.0,0.0,0.0,0.0,0.0,0.0,0.0,0.0,0.0,0.0,0.0,0.0,0.0,0.0,1.0,0.0,0.0,0.0,0.0,0.0,0.0,1.0,0.0,0.0,0.0,0.0,1.0,0.0,0.0,0.0,133500.0,-0.5991292875726882
-0.06491841398858939,0.8791172951264404,-0.7044342174896149,-0.3193527176414582,0.7652918979036001,0.7772367703207032,-0.9976828844653559,0.29818073040869925,0.0,1.0,0.0,0.0,0.0,0.0,0.0,0.0,0.0,0.0,0.0,0.0,0.0,0.0,0.0,0.0,0.0,0.0,0.0,0.0,0.0,0.0,0.0,0.0,0.0,0.0,0.0,0.0,1.0,0.0,0.0,0.0,0.0,1.0,0.0,0.0,0.0,0.0,1.0,0.0,0.0,0.0,0.0,181000.0,-0.005284914712290088
1.336635976438749,1.1437200866742006,-0.31960123376867905,-0.10207242401313855,0.6926003264672768,0.7772367703207032,-0.9976828844653559,0.29818073040869925,0.0,0.0,0.0,0.0,1.0,0.0,0.0,0.0,0.0,0.0,0.0,0.0,0.0,0.0,0.0,0.0,0.0,0.0,0.0,0.0,0.0,0.0,0.0,0.0,0.0,0.0,0.0,0.0,1.0,0.0,0.0,0.0,0.0,1.0,0.0,0.0,0.0,0.0,1.0,0.0,0.0,0.0,0.0,238500.0,0.7135793261187182
-0.06491841398858939,0.8791172951264404,-0.6552113939904255,-0.3193527176414582,0.3952257160459545,0.7772367703207032,-0.9976828844653559,0.29818073040869925,0.0,0.0,1.0,0.0,0.0,0.0,0.0,0.0,0.0,0.0,0.0,0.0,0.0,0.0,0.0,0.0,0.0,0.0,0.0,0.0,0.0,0.0,0.0,0.0,0.0,0.0,0.0,0.0,1.0,0.0,0.0,0.0,0.0,0.0,1.0,0.0,0.0,0.0,0.0,0.0,1.0,0.0,0.0,153500.0,-0.349089551631468
-0.06491841398858939,0.1514596183700998,-0.9035629125545178,-0.08641258303091733,-0.44623429270178716,0.7772367703207032,0.2059921720278468,0.29818073040869925,0.0,0.0,0.0,0.0,0.0,0.0,0.0,0.0,0.0,0.0,0.0,0.0,0.0,0.0,0.0,0.0,0.0,0.0,1.0,0.0,0.0,0.0,0.0,0.0,0.0,0.0,0.0,0.0,1.0,0.0,0.0,0.0,0.0,0.0,1.0,0.0,0.0,0.0,1.0,0.0,0.0,0.0,0.0,148500.0,-0.41159948561677306
0.6358587812250798,1.0444940398437905,-0.8847687435821,0.2463590378412839,-0.6466868078746785,0.7772367703207032,-0.9976828844653559,0.29818073040869925,0.0,0.0,0.0,1.0,0.0,0.0,0.0,0.0,0.0,0.0,0.0,0.0,0.0,0.0,0.0,0.0,0.0,0.0,0.0,0.0,0.0,0.0,0.0,0.0,0.0,0.0,0.0,0.0,0.0,1.0,0.0,0.0,0.0,1.0,0.0,0.0,0.0,0.0,1.0,0.0,0.0,0.0,0.0,155000.0,-0.33033657143587647
-0.7656956092022585,-2.031513411898922,-0.21779948516808267,-0.6188471764264393,-0.8801809464277167,-1.021987401155326,2.613342285014252,-2.372424850675329,0.0,0.0,0.0,0.0,0.0,0.0,0.0,0.0,0.0,0.0,0.0,0.0,1.0,0.0,0.0,0.0,0.0,0.0,0.0,0.0,0.0,0.0,0.0,0.0,0.0,0.0,0.0,0.0,1.0,0.0,0.0,0.0,0.0,0.0,1.0,0.0,0.0,0.0,0.0,1.0,0.0,0.0,0.0,81000.0,-1.2554835944183915
1.336635976438749,0.2837610141439799,-0.7514196399206594,-0.9085542345975322,-0.047532037248014275,-1.021987401155326,-2.2013579409585584,0.29818073040869925,0.0,0.0,0.0,0.0,0.0,0.0,0.0,0.0,0.0,0.0,0.0,0.0,0.0,0.0,0.0,0.0,0.0,1.0,0.0,0.0,0.0,0.0,0.0,0.0,0.0,0.0,0.0,1.0,0.0,0.0,0.0,0.0,0.0,1.0,0.0,0.0,0.0,0.0,1.0,0.0,0.0,0.0,0.0,188000.0,0.08222899286713702
0.6358587812250798,0.9121926440699104,-0.10906179325623684,-0.04139054020703128,0.9040667161002172,0.7772367703207032,0.2059921720278468,0.29818073040869925,0.0,0.0,0.0,0.0,0.0,0.0,0.0,1.0,0.0,0.0,0.0,0.0,0.0,0.0,0.0,0.0,0.0,0.0,0.0,0.0,0.0,0.0,0.0,0.0,0.0,0.0,0.0,0.0,1.0,0.0,0.0,0.0,0.0,1.0,0.0,0.0,0.0,0.0,1.0,0.0,0.0,0.0,0.0,191000.0,0.11973495325832005
0.6358587812250798,-3.056849229146493,0.3516190866748137,1.8671525795011816,-0.5255341888141397,0.7772367703207032,0.2059921720278468,0.29818073040869925,0.0,0.0,0.0,0.0,0.0,0.0,0.0,0.0,0.0,1.0,0.0,0.0,0.0,0.0,0.0,0.0,0.0,0.0,0.0,0.0,0.0,0.0,0.0,0.0,0.0,0.0,0.0,0.0,1.0,0.0,0.0,0.0,0.0,0.0,1.0,0.0,0.0,0.0,0.0,1.0,0.0,0.0,0.0,185000.0,0.04472303247595397
-0.7656956092022585,-0.21236922000807051,-0.28604021774650445,-1.0475353233147455,-0.5057092147860516,-1.021987401155326,0.2059921720278468,-1.0371220601333149,1.0,0.0,0.0,0.0,0.0,0.0,0.0,0.0,0.0,0.0,0.0,0.0,0.0,0.0,0.0,0.0,0.0,0.0,0.0,0.0,0.0,0.0,0.0,0.0,0.0,0.0,0.0,1.0,0.0,0.0,0.0,0.0,0.0,0.0,1.0,0.0,0.0,0.0,0.0,1.0,0.0,0.0,0.0,119900.0,-0.7691563080127181
2.037413171652418,1.1106447377307307,0.1301163809284611,0.387297606681275,1.41070494126247,0.7772367703207032,0.2059921720278468,1.6334835209507133,0.0,0.0,0.0,1.0,0.0,0.0,0.0,0.0,0.0,0.0,0.0,0.0,0.0,0.0,0.0,0.0,0.0,0.0,0.0,0.0,0.0,0.0,0.0,0.0,0.0,0.0,0.0,0.0,1.0,0.0,0.0,0.0,0.0,0.0,0.0,1.0,0.0,0.0,0.0,0.0,1.0,0.0,0.0,275000.0,1.1699018442114453
0.6358587812250798,1.1106447377307307,-0.31960123376867905,-0.45833380635867166,0.4392812138861504,0.7772367703207032,0.2059921720278468,0.29818073040869925,0.0,0.0,0.0,0.0,1.0,0.0,0.0,0.0,0.0,0.0,0.0,0.0,0.0,0.0,0.0,0.0,0.0,0.0,0.0,0.0,0.0,0.0,0.0,0.0,0.0,0.0,0.0,0.0,1.0,0.0,0.0,0.0,0.0,1.0,0.0,0.0,0.0,0.0,1.0,0.0,0.0,0.0,0.0,176000.0,-0.06779484869759517
1.336635976438749,1.2098707845611407,0.16636227823240968,1.0685006894078988,2.1772706036818787,0.7772367703207032,0.2059921720278468,1.6334835209507133,0.0,0.0,0.0,0.0,0.0,0.0,0.0,0.0,0.0,0.0,0.0,0.0,0.0,0.0,0.0,0.0,0.0,0.0,0.0,0.0,0.0,0.0,0.0,1.0,0.0,0.0,0.0,0.0,1.0,0.0,0.0,0.0,0.0,1.0,0.0,0.0,0.0,0.0,0.0,0.0,1.0,0.0,0.0,372500.0,2.388845556924894
-0.7656956092022585,-0.6423487562731809,-0.3088617086415832,0.9001573988490205,-0.21494292904075868,0.7772367703207032,1.4096672285210494,0.29818073040869925,0.0,0.0,0.0,0.0,0.0,0.0,0.0,0.0,0.0,1.0,0.0,0.0,0.0,0.0,0.0,0.0,0.0,0.0,0.0,0.0,0.0,0.0,0.0,0.0,0.0,0.0,0.0,1.0,0.0,0.0,0.0,0.0,0.0,0.0,1.0,0.0,0.0,0.0,0.0,1.0,0.0,0.0,0.0,124500.0,-0.7116471687462375
0.6358587812250798,0.8460419461829704,-0.1585083568622408,-0.3056503567820146,0.6309226294910025,0.7772367703207032,-0.9976828844653559,2.9687863114927273,0.0,0.0,1.0,0.0,0.0,0.0,0.0,0.0,0.0,0.0,0.0,0.0,0.0,0.0,0.0,0.0,0.0,0.0,0.0,0.0,0.0,0.0,0.0,0.0,0.0,0.0,0.0,0.0,1.0,0.0,0.0,0.0,0.0,0.0,1.0,0.0,0.0,0.0,1.0,0.0,0.0,0.0,0.0,209200.0,0.34727111296483054
-0.7656956092022585,-0.675424105216651,0.036145536066372094,1.2446739004578875,2.37552034396276,0.7772367703207032,1.4096672285210494,0.29818073040869925,0.0,1.0,0.0,0.0,0.0,0.0,0.0,0.0,0.0,0.0,0.0,0.0,0.0,0.0,0.0,0.0,0.0,0.0,0.0,0.0,0.0,0.0,0.0,0.0,0.0,0.0,0.0,1.0,0.0,0.0,0.0,0.0,0.0,0.0,1.0,0.0,0.0,0.0,0.0,1.0,0.0,0.0,0.0,137900.0,-0.5441205456656198
-2.167249999629597,-1.2046296883121714,0.8550343270074333,-1.1865164120319591,-0.36032607191340515,-1.021987401155326,-0.9976828844653559,1.6334835209507133,0.0,0.0,0.0,0.0,0.0,0.0,0.0,0.0,0.0,0.0,0.0,0.0,0.0,0.0,0.0,0.0,0.0,0.0,0.0,1.0,0.0,0.0,0.0,0.0,0.0,0.0,0.0,1.0,0.0,0.0,0.0,0.0,0.0,0.0,1.0,0.0,0.0,0.0,0.0,1.0,0.0,0.0,0.0,81000.0,-1.2554835944183915
0.6358587812250798,0.8460419461829704,-0.3309001091628112,0.8805825976212439,-0.18190130566061177,0.7772367703207032,0.2059921720278468,0.29818073040869925,0.0,0.0,0.0,0.0,1.0,0.0,0.0,0.0,0.0,0.0,0.0,0.0,0.0,0.0,0.0,0.0,0.0,0.0,0.0,0.0,0.0,0.0,0.0,0.0,0.0,0.0,0.0,1.0,0.0,0.0,0.0,0.0,0.0,1.0,0.0,0.0,0.0,0.0,1.0,0.0,0.0,0.0,0.0,239000.0,0.7198303195172487
1.336635976438749,0.8460419461829704,-0.45787261978003857,0.35597792471683254,1.335810594934137,-1.021987401155326,-2.2013579409585584,0.29818073040869925,0.0,0.0,0.0,0.0,0.0,0.0,0.0,0.0,0.0,0.0,0.0,0.0,0.0,0.0,0.0,0.0,0.0,0.0,0.0,0.0,0.0,0.0,0.0,1.0,0.0,0.0,0.0,0.0,1.0,0.0,0.0,0.0,0.0,1.0,0.0,0.0,0.0,0.0,0.0,0.0,1.0,0.0,0.0,247900.0,0.8310980020110917
0.6358587812250798,-1.5023078288034015,-0.5209673299017269,-0.761743225389208,-1.0696195871405592,-1.021987401155326,-0.9976828844653559,-1.0371220601333149,0.0,0.0,0.0,0.0,0.0,0.0,0.0,0.0,0.0,1.0,0.0,0.0,0.0,0.0,0.0,0.0,0.0,0.0,0.0,0.0,0.0,0.0,0.0,0.0,0.0,0.0,0.0,1.0,0.0,0.0,0.0,0.0,0.0,0.0,1.0,0.0,0.0,0.0,0.0,1.0,0.0,0.0,0.0,116900.0,-0.8066622684039011
-1.4664728044159276,-0.27851991789501057,1.670119536132648,-0.9007243141064215,0.014145659728259983,-1.021987401155326,0.2059921720278468,0.29818073040869925,0.0,0.0,1.0,0.0,0.0,0.0,0.0,0.0,0.0,0.0,0.0,0.0,0.0,0.0,0.0,0.0,0.0,0.0,0.0,0.0,0.0,0.0,0.0,0.0,0.0,0.0,0.0,0.0,1.0,0.0,0.0,0.0,0.0,0.0,1.0,0.0,0.0,0.0,0.0,1.0,0.0,0.0,0.0,132250.0,-0.6147567710690145
-1.4664728044159276,-0.04699247529072038,-0.9420462109266113,-1.7032911644452597,-0.9418586434039911,-1.021987401155326,-2.2013579409585584,-2.372424850675329,0.0,0.0,0.0,0.0,0.0,0.0,0.0,0.0,0.0,0.0,0.0,0.0,0.0,0.0,0.0,0.0,0.0,0.0,0.0,0.0,0.0,0.0,0.0,0.0,0.0,1.0,0.0,0.0,1.0,0.0,0.0,0.0,0.0,0.0,1.0,0.0,0.0,0.0,1.0,0.0,0.0,0.0,0.0,84500.0,-1.211726640628678
2.037413171652418,1.0444940398437905,0.37265065671537645,2.2860533257755997,1.1331553048692358,0.7772367703207032,0.2059921720278468,1.6334835209507133,0.0,0.0,0.0,1.0,0.0,0.0,0.0,0.0,0.0,0.0,0.0,0.0,0.0,0.0,0.0,0.0,0.0,0.0,0.0,0.0,0.0,0.0,0.0,0.0,0.0,0.0,0.0,0.0,0.0,1.0,0.0,0.0,0.0,0.0,0.0,1.0,0.0,0.0,0.0,0.0,1.0,0.0,0.0,412500.0,2.8889250288073347
2.037413171652418,1.1106447377307307,0.38048156045388387,0.5713007382223745,1.6177657811113906,0.7772367703207032,-0.9976828844653559,1.6334835209507133,0.0,0.0,0.0,1.0,0.0,0.0,0.0,0.0,0.0,0.0,0.0,0.0,0.0,0.0,0.0,0.0,0.0,0.0,0.0,0.0,0.0,0.0,0.0,0.0,0.0,0.0,0.0,0.0,1.0,0.0,0.0,0.0,0.0,1.0,0.0,0.0,0.0,0.0,0.0,0.0,1.0,0.0,0.0,372397.0,2.387557852284797
-0.7656956092022585,1.1106447377307307,-0.3728513791905295,-0.8028503079675388,0.07141780692051465,-1.021987401155326,-0.9976828844653559,0.29818073040869925,0.0,0.0,0.0,0.0,0.0,0.0,0.0,0.0,0.0,0.0,0.0,0.0,1.0,0.0,0.0,0.0,0.0,0.0,0.0,0.0,0.0,0.0,0.0,0.0,0.0,0.0,0.0,0.0,1.0,0.0,0.0,0.0,0.0,0.0,1.0,0.0,0.0,0.0,0.0,0.0,1.0,0.0,0.0,157000.0,-0.3053325978417544
0.6358587812250798,0.5152884567482701,-0.7051054378100584,0.0016740224940771195,0.9767582875365404,0.7772367703207032,-0.9976828844653559,0.29818073040869925,0.0,0.0,0.0,0.0,0.0,0.0,0.0,0.0,0.0,0.0,0.0,0.0,0.0,0.0,0.0,1.0,0.0,0.0,0.0,0.0,0.0,0.0,0.0,0.0,0.0,0.0,0.0,0.0,1.0,0.0,0.0,0.0,0.0,1.0,0.0,0.0,0.0,0.0,1.0,0.0,0.0,0.0,0.0,244000.0,0.7823402535025539
2.037413171652418,1.1106447377307307,0.40475736204325685,1.3816975090523234,0.07141780692051465,0.7772367703207032,1.4096672285210494,1.6334835209507133,0.0,0.0,0.0,1.0,0.0,0.0,0.0,0.0,0.0,0.0,0.0,0.0,0.0,0.0,0.0,0.0,0.0,0.0,0.0,0.0,0.0,0.0,0.0,0.0,0.0,0.0,0.0,0.0,0.0,1.0,0.0,0.0,0.0,0.0,0.0,1.0,0.0,0.0,1.0,0.0,0.0,0.0,0.0,300000.0,1.4824515141379706
-0.7656956092022585,0.01915822259621968,0.044983270285544746,0.2757212396829487,-0.12462915846835709,0.7772367703207032,1.4096672285210494,0.29818073040869925,0.0,0.0,0.0,0.0,0.0,1.0,0.0,0.0,0.0,0.0,0.0,0.0,0.0,0.0,0.0,0.0,0.0,0.0,0.0,0.0,0.0,0.0,0.0,0.0,0.0,0.0,0.0,1.0,0.0,0.0,0.0,0.0,0.0,0.0,1.0,0.0,0.0,0.0,1.0,0.0,0.0,0.0,0.0,140000.0,-0.5178663733917916
-0.06491841398858939,0.9452679930133805,-0.21522647393971595,0.027121264090186625,-0.5806035611143846,0.7772367703207032,0.2059921720278468,0.29818073040869925,0.0,0.0,0.0,0.0,0.0,0.0,0.0,0.0,0.0,0.0,0.0,0.0,0.0,1.0,0.0,0.0,0.0,0.0,0.0,0.0,0.0,0.0,0.0,0.0,0.0,0.0,0.0,0.0,1.0,0.0,0.0,0.0,0.0,0.0,1.0,0.0,0.0,0.0,1.0,0.0,0.0,0.0,0.0,190000.0,0.10723296646125904
-0.06491841398858939,-2.1638148076728023,-0.004127683160237472,-0.06096534143480782,-0.6643090070107568,-1.021987401155326,0.2059921720278468,-1.0371220601333149,0.0,0.0,0.0,0.0,0.0,0.0,0.0,0.0,0.0,0.0,0.0,0.0,0.0,0.0,0.0,0.0,0.0,0.0,0.0,1.0,0.0,0.0,0.0,0.0,0.0,0.0,0.0,1.0,0.0,0.0,0.0,0.0,0.0,0.0,1.0,0.0,0.0,0.0,0.0,1.0,0.0,0.0,0.0,135000.0,-0.5803763073770968
-0.7656956092022585,1.1437200866742006,-0.20370385843876931,-0.7343385036703209,0.14851492814085748,-1.021987401155326,-0.9976828844653559,0.29818073040869925,0.0,0.0,0.0,0.0,0.0,0.0,0.0,0.0,0.0,0.0,0.0,0.0,1.0,0.0,0.0,0.0,0.0,0.0,0.0,0.0,0.0,0.0,0.0,0.0,0.0,0.0,0.0,0.0,1.0,0.0,0.0,0.0,0.0,0.0,1.0,0.0,0.0,0.0,1.0,0.0,0.0,0.0,0.0,155000.0,-0.33033657143587647
0.6358587812250798,-1.0723282925382913,-0.46055750106181254,0.9960739248651255,-0.15106245717247463,0.7772367703207032,1.4096672285210494,0.29818073040869925,0.0,0.0,0.0,0.0,0.0,0.0,0.0,0.0,0.0,0.0,0.0,1.0,0.0,0.0,0.0,0.0,0.0,0.0,0.0,0.0,0.0,0.0,0.0,0.0,0.0,0.0,0.0,1.0,0.0,0.0,0.0,0.0,0.0,0.0,1.0,0.0,0.0,0.0,0.0,1.0,0.0,0.0,0.0,150000.0,-0.39284650542118155
0.6358587812250798,0.9783433419568505,0.090514382022295,-0.01594329861092177,0.9569333135084522,0.7772367703207032,0.2059921720278468,0.29818073040869925,0.0,0.0,0.0,0.0,0.0,0.0,0.0,1.0,0.0,0.0,0.0,0.0,0.0,0.0,0.0,0.0,0.0,0.0,0.0,0.0,0.0,0.0,0.0,0.0,0.0,0.0,0.0,0.0,1.0,0.0,0.0,0.0,0.0,1.0,0.0,0.0,0.0,0.0,1.0,0.0,0.0,0.0,0.0,201000.0,0.2447548212289302
-0.7656956092022585,-0.7415748031035909,-0.2565065236469907,-1.1277920083486295,-0.8493420979395796,-1.021987401155326,0.2059921720278468,0.29818073040869925,0.0,1.0,0.0,0.0,0.0,0.0,0.0,0.0,0.0,0.0,0.0,0.0,0.0,0.0,0.0,0.0,0.0,0.0,0.0,0.0,0.0,0.0,0.0,0.0,0.0,0.0,0.0,1.0,0.0,0.0,0.0,0.0,0.0,0.0,1.0,0.0,0.0,0.0,0.0,1.0,0.0,0.0,0.0,122900.0,-0.731650347621535
-0.7656956092022585,-0.5431227094427709,0.06019759754893059,-1.033832962455302,-0.18850963033664114,-1.021987401155326,0.2059921720278468,-1.0371220601333149,0.0,1.0,0.0,0.0,0.0,0.0,0.0,0.0,0.0,0.0,0.0,0.0,0.0,0.0,0.0,0.0,0.0,0.0,0.0,0.0,0.0,0.0,0.0,0.0,0.0,0.0,0.0,0.0,1.0,0.0,0.0,0.0,0.0,0.0,1.0,0.0,0.0,0.0,0.0,1.0,0.0,0.0,0.0,122500.0,-0.7366511423403594
-0.06491841398858939,-0.24544456895154054,-0.17417016433925564,-0.48769600820033643,0.42606456453409164,-1.021987401155326,0.2059921720278468,-1.0371220601333149,0.0,1.0,0.0,0.0,0.0,0.0,0.0,0.0,0.0,0.0,0.0,0.0,0.0,0.0,0.0,0.0,0.0,0.0,0.0,0.0,0.0,0.0,0.0,0.0,0.0,0.0,0.0,0.0,1.0,0.0,0.0,0.0,0.0,0.0,1.0,0.0,0.0,0.0,0.0,1.0,0.0,0.0,0.0,160000.0,-0.2678266374505714
-0.7656956092022585,-0.5761980583862408,1.2745470272846162,-1.0025132804908596,-0.15326523206448442,-1.021987401155326,-0.9976828844653559,0.29818073040869925,0.0,0.0,1.0,0.0,0.0,0.0,0.0,0.0,0.0,0.0,0.0,0.0,0.0,0.0,0.0,0.0,0.0,0.0,0.0,0.0,0.0,0.0,0.0,0.0,0.0,0.0,0.0,0.0,1.0,0.0,0.0,0.0,0.0,0.0,1.0,0.0,0.0,0.0,0.0,1.0,0.0,0.0,0.0,113000.0,-0.8554200169124391
-2.167249999629597,-2.031513411898922,-0.4957965678850959,-1.0416628829464125,-1.007941890164285,-1.021987401155326,-0.9976828844653559,-2.372424850675329,0.0,0.0,0.0,0.0,0.0,0.0,0.0,0.0,0.0,1.0,0.0,0.0,0.0,0.0,0.0,0.0,0.0,0.0,0.0,0.0,0.0,0.0,0.0,0.0,0.0,0.0,0.0,0.0,1.0,0.0,0.0,0.0,0.0,0.0,1.0,0.0,0.0,0.0,0.0,1.0,0.0,0.0,0.0,37900.0,-1.7943192253717213
-0.7656956092022585,-0.24544456895154054,0.42422275133611814,-0.9398739165619746,-0.1708874312005628,0.7772367703207032,0.2059921720278468,0.29818073040869925,0.0,0.0,0.0,0.0,0.0,1.0,0.0,0.0,0.0,0.0,0.0,0.0,0.0,0.0,0.0,0.0,0.0,0.0,0.0,0.0,0.0,0.0,0.0,0.0,0.0,0.0,0.0,1.0,0.0,0.0,0.0,0.0,0.0,0.0,1.0,0.0,0.0,0.0,0.0,1.0,0.0,0.0,0.0,165000.0,-0.20531670346526631
0.6358587812250798,0.8129665972395004,-0.016657129141849338,1.6518297659956396,0.45470063813021894,0.7772367703207032,0.2059921720278468,1.6334835209507133,0.0,0.0,0.0,0.0,0.0,0.0,0.0,0.0,1.0,0.0,0.0,0.0,0.0,0.0,0.0,0.0,0.0,0.0,0.0,0.0,0.0,0.0,0.0,0.0,0.0,0.0,0.0,0.0,1.0,0.0,0.0,0.0,0.0,1.0,0.0,0.0,0.0,0.0,1.0,0.0,0.0,0.0,0.0,265000.0,1.0448819762408352
0.6358587812250798,1.2429461335046108,-0.12774409217524738,-0.5522928522519991,0.3533729930977684,0.7772367703207032,-0.9976828844653559,0.29818073040869925,0.0,0.0,0.0,0.0,1.0,0.0,0.0,0.0,0.0,0.0,0.0,0.0,0.0,0.0,0.0,0.0,0.0,0.0,0.0,0.0,0.0,0.0,0.0,0.0,0.0,0.0,0.0,0.0,1.0,0.0,0.0,0.0,0.0,1.0,0.0,0.0,0.0,0.0,1.0,0.0,0.0,0.0,0.0,204500.0,0.2885117750186438
0.6358587812250798,0.9121926440699104,0.6196597346385818,1.5891904020667547,0.2630592225253668,0.7772367703207032,1.4096672285210494,1.6334835209507133,0.0,0.0,0.0,0.0,0.0,0.0,0.0,0.0,0.0,0.0,0.0,0.0,0.0,1.0,0.0,0.0,0.0,0.0,0.0,0.0,0.0,0.0,0.0,0.0,0.0,0.0,0.0,0.0,0.0,1.0,0.0,0.0,0.0,1.0,0.0,0.0,0.0,0.0,1.0,0.0,0.0,0.0,0.0,245000.0,0.7948422402996148
-0.06491841398858939,0.6806652014656203,-0.14407711997270573,-0.9868534395086382,-0.26780952644899375,-1.021987401155326,-0.9976828844653559,0.29818073040869925,1.0,0.0,0.0,0.0,0.0,0.0,0.0,0.0,0.0,0.0,0.0,0.0,0.0,0.0,0.0,0.0,0.0,0.0,0.0,0.0,0.0,0.0,0.0,0.0,0.0,0.0,0.0,0.0,1.0,0.0,0.0,0.0,0.0,1.0,0.0,0.0,0.0,0.0,1.0,0.0,0.0,0.0,0.0,147000.0,-0.4303524658123646
-0.7656956092022585,-1.2377050372556413,-0.06453751200015181,-0.7597857452664304,-1.0409835135444319,0.7772367703207032,1.4096672285210494,-1.0371220601333149,0.0,0.0,0.0,0.0,0.0,0.0,0.0,0.0,0.0,0.0,0.0,0.0,1.0,0.0,0.0,0.0,0.0,0.0,0.0,0.0,0.0,0.0,0.0,0.0,0.0,0.0,0.0,1.0,0.0,0.0,0.0,0.0,0.0,0.0,1.0,0.0,0.0,0.0,0.0,1.0,0.0,0.0,0.0,63000.0,-1.4805193567654897
0.6358587812250798,-1.6676845735207517,-0.3430939449842013,-0.14905194695980226,0.37540074201786633,0.7772367703207032,-0.9976828844653559,-1.0371220601333149,0.0,0.0,0.0,0.0,0.0,0.0,0.0,0.0,0.0,0.0,1.0,0.0,0.0,0.0,0.0,0.0,0.0,0.0,0.0,0.0,0.0,0.0,0.0,0.0,0.0,0.0,0.0,0.0,1.0,0.0,0.0,0.0,0.0,0.0,1.0,0.0,0.0,0.0,0.0,1.0,0.0,0.0,0.0,168000.0,-0.16781074307408328
0.6358587812250798,1.0775693887872606,-0.10324455047905991,-0.24692595309868498,-1.4837412668384005,0.7772367703207032,0.2059921720278468,0.29818073040869925,0.0,0.0,0.0,0.0,0.0,0.0,0.0,0.0,0.0,0.0,0.0,0.0,0.0,1.0,0.0,0.0,0.0,0.0,0.0,0.0,0.0,0.0,0.0,0.0,0.0,0.0,0.0,0.0,0.0,1.0,0.0,0.0,0.0,1.0,0.0,0.0,0.0,0.0,1.0,0.0,0.0,0.0,0.0,170000.0,-0.14280676947996124
-0.06491841398858939,0.08530892048315974,0.5652908886826589,-0.01202833836536646,0.3313452441776705,0.7772367703207032,0.2059921720278468,0.29818073040869925,0.0,0.0,0.0,0.0,0.0,1.0,0.0,0.0,0.0,0.0,0.0,0.0,0.0,0.0,0.0,0.0,0.0,0.0,0.0,0.0,0.0,0.0,0.0,0.0,0.0,0.0,0.0,0.0,1.0,0.0,0.0,0.0,0.0,0.0,1.0,0.0,0.0,0.0,0.0,1.0,0.0,0.0,0.0,169000.0,-0.15530875627702226
0.6358587812250798,1.0775693887872606,-0.2865995680135407,-0.13339210597758103,-0.7524200026911486,0.7772367703207032,0.2059921720278468,0.29818073040869925,0.0,0.0,0.0,0.0,0.0,0.0,0.0,0.0,0.0,0.0,0.0,0.0,0.0,1.0,0.0,0.0,0.0,0.0,0.0,0.0,0.0,0.0,0.0,0.0,0.0,0.0,0.0,0.0,1.0,0.0,0.0,0.0,0.0,1.0,0.0,0.0,0.0,0.0,1.0,0.0,0.0,0.0,0.0,188500.0,0.08847998626566753
-0.06491841398858939,0.7468158993525603,-0.24968245038914857,0.3501054843484996,0.7719002225796294,0.7772367703207032,0.2059921720278468,0.29818073040869925,1.0,0.0,0.0,0.0,0.0,0.0,0.0,0.0,0.0,0.0,0.0,0.0,0.0,0.0,0.0,0.0,0.0,0.0,0.0,0.0,0.0,0.0,0.0,0.0,0.0,0.0,0.0,0.0,1.0,0.0,0.0,0.0,0.0,1.0,0.0,0.0,0.0,0.0,1.0,0.0,0.0,0.0,0.0,193500.0,0.1509899202509726
-0.06491841398858939,-0.4438966626123607,-0.08355542107938412,-0.32131019776423586,0.1397038285728183,-1.021987401155326,0.2059921720278468,0.29818073040869925,0.0,1.0,0.0,0.0,0.0,0.0,0.0,0.0,0.0,0.0,0.0,0.0,0.0,0.0,0.0,0.0,0.0,0.0,0.0,0.0,0.0,0.0,0.0,0.0,0.0,0.0,0.0,0.0,1.0,0.0,0.0,0.0,0.0,0.0,1.0,0.0,0.0,0.0,0.0,1.0,0.0,0.0,0.0,162000.0,-0.24282266385644938
-0.06491841398858939,-0.11314317317766043,0.2956840599711893,1.2564187811945535,-0.3559205221293856,0.7772367703207032,1.4096672285210494,-1.0371220601333149,0.0,1.0,0.0,0.0,0.0,0.0,0.0,0.0,0.0,0.0,0.0,0.0,0.0,0.0,0.0,0.0,0.0,0.0,0.0,0.0,0.0,0.0,0.0,0.0,0.0,0.0,0.0,0.0,1.0,0.0,0.0,0.0,0.0,1.0,0.0,0.0,0.0,0.0,1.0,0.0,0.0,0.0,0.0,193500.0,0.1509899202509726
0.6358587812250798,1.1437200866742006,0.19544849211829438,1.6087652032945312,-0.04973481214002407,2.5764609417967326,1.4096672285210494,1.6334835209507133,0.0,0.0,0.0,0.0,0.0,0.0,0.0,0.0,0.0,0.0,0.0,0.0,0.0,1.0,0.0,0.0,0.0,0.0,0.0,0.0,0.0,0.0,0.0,0.0,0.0,0.0,0.0,0.0,1.0,0.0,0.0,0.0,0.0,1.0,0.0,0.0,0.0,0.0,1.0,0.0,0.0,0.0,0.0,287602.0,1.327451881828008
-0.7656956092022585,-0.4108213136688907,0.0636655692045553,0.34814800422572195,1.366649443422274,0.7772367703207032,3.817017341507455,-2.372424850675329,0.0,0.0,0.0,0.0,0.0,0.0,0.0,0.0,0.0,0.0,0.0,0.0,1.0,0.0,0.0,0.0,0.0,0.0,0.0,0.0,0.0,0.0,0.0,0.0,0.0,0.0,0.0,0.0,1.0,0.0,0.0,0.0,0.0,0.0,1.0,0.0,0.0,0.0,0.0,1.0,0.0,0.0,0.0,119900.0,-0.7691563080127181
-2.167249999629597,-0.708499454160121,-0.20280889801151133,-0.9007243141064215,-2.3296068253701616,0.7772367703207032,-0.9976828844653559,0.29818073040869925,0.0,1.0,0.0,0.0,0.0,0.0,0.0,0.0,0.0,0.0,0.0,0.0,0.0,0.0,0.0,0.0,0.0,0.0,0.0,0.0,0.0,0.0,0.0,0.0,0.0,0.0,0.0,1.0,0.0,0.0,0.0,0.0,0.0,0.0,1.0,0.0,0.0,0.0,0.0,1.0,0.0,0.0,0.0,92900.0,-1.1067099515333654
-0.06491841398858939,0.9121926440699104,-0.27295142149785634,0.28746612041961467,-0.23036235328482726,0.7772367703207032,0.2059921720278468,0.29818073040869925,0.0,0.0,0.0,0.0,0.0,0.0,0.0,0.0,0.0,0.0,0.0,0.0,0.0,1.0,0.0,0.0,0.0,0.0,0.0,0.0,0.0,0.0,0.0,0.0,0.0,0.0,0.0,0.0,1.0,0.0,0.0,0.0,0.0,0.0,1.0,0.0,0.0,0.0,1.0,0.0,0.0,0.0,0.0,175000.0,-0.08029683549465617
-0.7656956092022585,0.8460419461829704,0.38853620429920577,0.2522314782096169,-0.2854317255850721,0.7772367703207032,0.2059921720278468,0.29818073040869925,0.0,0.0,0.0,0.0,0.0,0.0,0.0,0.0,0.0,0.0,0.0,0.0,0.0,1.0,0.0,0.0,0.0,0.0,0.0,0.0,0.0,0.0,0.0,0.0,0.0,0.0,0.0,0.0,1.0,0.0,0.0,0.0,0.0,0.0,1.0,0.0,0.0,0.0,1.0,0.0,0.0,0.0,0.0,189900.0,0.10598276778155294
-0.7656956092022585,-0.708499454160121,-0.3531622497908537,0.7905385119734718,0.3313452441776705,-1.021987401155326,0.2059921720278468,-1.0371220601333149,0.0,1.0,0.0,0.0,0.0,0.0,0.0,0.0,0.0,0.0,0.0,0.0,0.0,0.0,0.0,0.0,0.0,0.0,0.0,0.0,0.0,0.0,0.0,0.0,0.0,0.0,0.0,0.0,1.0,0.0,0.0,0.0,0.0,0.0,1.0,0.0,0.0,0.0,0.0,1.0,0.0,0.0,0.0,138000.0,-0.5428703469859137
2.037413171652418,1.0775693887872606,0.5642840582019937,0.7513889095179187,1.8204210711762918,0.7772367703207032,-0.9976828844653559,1.6334835209507133,0.0,0.0,0.0,0.0,0.0,0.0,0.0,0.0,0.0,0.0,0.0,0.0,0.0,0.0,0.0,0.0,0.0,0.0,0.0,0.0,0.0,0.0,0.0,1.0,0.0,0.0,0.0,0.0,1.0,0.0,0.0,0.0,0.0,0.0,0.0,1.0,0.0,0.0,0.0,0.0,1.0,0.0,0.0,387000.0,2.570124365482279
1.336635976438749,1.1106447377307307,0.10572870928568084,0.6378550623968148,1.6662268287356061,0.7772367703207032,0.2059921720278468,1.6334835209507133,0.0,0.0,0.0,0.0,0.0,0.0,0.0,0.0,0.0,0.0,0.0,0.0,0.0,0.0,0.0,0.0,0.0,0.0,0.0,0.0,0.0,0.0,0.0,1.0,0.0,0.0,0.0,0.0,1.0,0.0,0.0,0.0,0.0,1.0,0.0,0.0,0.0,0.0,1.0,0.0,0.0,0.0,0.0,319000.0,1.7199892632821299
1.336635976438749,1.0444940398437905,4.826868703178395,3.4820736807927464,1.3049717464459998,2.5764609417967326,1.4096672285210494,1.6334835209507133,0.0,0.0,0.0,0.0,0.0,0.0,0.0,0.0,0.0,0.0,0.0,0.0,0.0,0.0,0.0,0.0,0.0,0.0,0.0,0.0,0.0,0.0,0.0,1.0,0.0,0.0,0.0,0.0,0.0,1.0,0.0,0.0,0.0,0.0,0.0,1.0,0.0,0.0,1.0,0.0,0.0,0.0,0.0,538000.0,4.457924371838492
0.6358587812250798,0.7137405504090902,-0.08165363017146089,0.9784566037601266,-0.13564303292840607,0.7772367703207032,0.2059921720278468,1.6334835209507133,0.0,0.0,1.0,0.0,0.0,0.0,0.0,0.0,0.0,0.0,0.0,0.0,0.0,0.0,0.0,0.0,0.0,0.0,0.0,0.0,0.0,0.0,0.0,0.0,0.0,0.0,0.0,0.0,1.0,0.0,0.0,0.0,0.0,0.0,1.0,0.0,0.0,0.0,1.0,0.0,0.0,0.0,0.0,188000.0,0.08222899286713702
-0.7656956092022585,-0.0800678242341904,0.13973720552148447,1.135055013582339,-0.038720937679975094,-1.021987401155326,2.613342285014252,0.29818073040869925,0.0,1.0,0.0,0.0,0.0,0.0,0.0,0.0,0.0,0.0,0.0,0.0,0.0,0.0,0.0,0.0,0.0,0.0,0.0,0.0,0.0,0.0,0.0,0.0,0.0,0.0,0.0,0.0,1.0,0.0,0.0,0.0,0.0,0.0,0.0,0.0,1.0,0.0,1.0,0.0,0.0,0.0,0.0,135000.0,-0.5803763073770968
-0.06491841398858939,-1.5023078288034015,-0.5545283459239015,0.22678423661350736,0.20138152554909255,0.7772367703207032,0.2059921720278468,-1.0371220601333149,0.0,0.0,0.0,0.0,0.0,0.0,0.0,0.0,0.0,1.0,0.0,0.0,0.0,0.0,0.0,0.0,0.0,0.0,0.0,0.0,0.0,0.0,0.0,0.0,0.0,0.0,0.0,1.0,0.0,0.0,0.0,0.0,0.0,1.0,0.0,0.0,0.0,0.0,0.0,1.0,0.0,0.0,0.0,152000.0,-0.3678425318270595
2.738190366866087,1.1767954356176706,0.23684041187897642,1.6283400045223078,1.3754605429903133,0.7772367703207032,0.2059921720278468,1.6334835209507133,0.0,0.0,0.0,1.0,0.0,0.0,0.0,0.0,0.0,0.0,0.0,0.0,0.0,0.0,0.0,0.0,0.0,0.0,0.0,0.0,0.0,0.0,0.0,0.0,0.0,0.0,0.0,0.0,0.0,1.0,0.0,0.0,0.0,0.0,0.0,1.0,0.0,0.0,0.0,0.0,1.0,0.0,0.0,426000.0,3.0577018505676583
-2.868027194843266,-1.7007599224642218,-0.21891818570215515,-2.0791273480185692,-1.6908021066873213,-1.021987401155326,-2.2013579409585584,-1.0371220601333149,0.0,0.0,0.0,0.0,0.0,0.0,0.0,0.0,0.0,0.0,1.0,0.0,0.0,0.0,0.0,0.0,0.0,0.0,0.0,0.0,0.0,0.0,0.0,0.0,0.0,0.0,0.0,1.0,0.0,0.0,0.0,0.0,0.0,0.0,0.0,0.0,1.0,0.0,0.0,1.0,0.0,0.0,0.0,60000.0,-1.5180253171566729
-2.167249999629597,-1.8992120161250419,-0.23592243382005698,-1.2452408157152886,-0.426409318673699,-1.021987401155326,-0.9976828844653559,-2.372424850675329,0.0,0.0,0.0,0.0,0.0,0.0,0.0,0.0,0.0,0.0,0.0,0.0,1.0,0.0,0.0,0.0,0.0,0.0,0.0,0.0,0.0,0.0,0.0,0.0,0.0,0.0,0.0,0.0,1.0,0.0,0.0,0.0,0.0,0.0,1.0,0.0,0.0,0.0,0.0,1.0,0.0,0.0,0.0,67000.0,-1.4305114095772458
1.336635976438749,1.1437200866742006,0.0826834782837876,0.30508344152461353,1.3181883957980585,0.7772367703207032,0.2059921720278468,1.6334835209507133,0.0,0.0,0.0,0.0,1.0,0.0,0.0,0.0,0.0,0.0,0.0,0.0,0.0,0.0,0.0,0.0,0.0,0.0,0.0,0.0,0.0,0.0,0.0,0.0,0.0,0.0,0.0,0.0,1.0,0.0,0.0,0.0,0.0,1.0,0.0,0.0,0.0,0.0,1.0,0.0,0.0,0.0,0.0,249700.0,0.8536015782458016
1.336635976438749,-2.3622669013336224,-0.08467412161345661,0.12891023047462466,-0.28102617580105255,0.7772367703207032,0.2059921720278468,-1.0371220601333149,0.0,0.0,0.0,0.0,0.0,0.0,0.0,0.0,0.0,1.0,0.0,0.0,0.0,0.0,0.0,0.0,0.0,0.0,0.0,0.0,0.0,0.0,0.0,0.0,0.0,0.0,0.0,1.0,0.0,0.0,0.0,0.0,0.0,1.0,0.0,0.0,0.0,0.0,0.0,1.0,0.0,0.0,0.0,150000.0,-0.39284650542118155
1.336635976438749,0.7137405504090902,0.31168147760842585,1.6616171666095279,0.3820090666938957,0.7772367703207032,1.4096672285210494,1.6334835209507133,0.0,0.0,0.0,0.0,0.0,0.0,0.0,0.0,1.0,0.0,0.0,0.0,0.0,0.0,0.0,0.0,0.0,0.0,0.0,0.0,0.0,0.0,0.0,0.0,0.0,0.0,0.0,0.0,1.0,0.0,0.0,0.0,0.0,1.0,0.0,0.0,0.0,0.0,1.0,0.0,0.0,0.0,0.0,362500.0,2.263825688954284
0.6358587812250798,-1.6676845735207517,-0.006365084228382448,0.41078736815460687,-1.0608084875725199,0.7772367703207032,0.2059921720278468,0.29818073040869925,0.0,0.0,0.0,0.0,0.0,0.0,0.0,0.0,0.0,1.0,0.0,0.0,0.0,0.0,0.0,0.0,0.0,0.0,0.0,0.0,0.0,0.0,0.0,0.0,0.0,0.0,0.0,1.0,0.0,0.0,0.0,0.0,0.0,0.0,1.0,0.0,0.0,0.0,0.0,1.0,0.0,0.0,0.0,140000.0,-0.5178663733917916
-0.7656956092022585,0.01915822259621968,-0.2972272230872293,-1.210006173505291,-0.3867593706175227,-1.021987401155326,0.2059921720278468,0.29818073040869925,0.0,0.0,0.0,0.0,0.0,0.0,0.0,1.0,0.0,0.0,0.0,0.0,0.0,0.0,0.0,0.0,0.0,0.0,0.0,0.0,0.0,0.0,0.0,0.0,0.0,0.0,0.0,1.0,0.0,0.0,0.0,0.0,0.0,0.0,1.0,0.0,0.0,0.0,0.0,1.0,0.0,0.0,0.0,112500.0,-0.8616710103109696
0.6358587812250798,0.9121926440699104,-0.7371002730845315,-0.09424250352202794,-0.8074893749913935,0.7772367703207032,0.2059921720278468,0.29818073040869925,0.0,0.0,0.0,0.0,1.0,0.0,0.0,0.0,0.0,0.0,0.0,0.0,0.0,0.0,0.0,0.0,0.0,0.0,0.0,0.0,0.0,0.0,0.0,0.0,0.0,0.0,0.0,1.0,0.0,0.0,0.0,0.0,0.0,1.0,0.0,0.0,0.0,0.0,1.0,0.0,0.0,0.0,0.0,156000.0,-0.3178345846388155
-0.7656956092022585,-0.04699247529072038,-0.10067153925069318,-0.15296690720535758,-0.2920400502611015,-1.021987401155326,0.2059921720278468,0.29818073040869925,0.0,1.0,0.0,0.0,0.0,0.0,0.0,0.0,0.0,0.0,0.0,0.0,0.0,0.0,0.0,0.0,0.0,0.0,0.0,0.0,0.0,0.0,0.0,0.0,0.0,0.0,0.0,1.0,0.0,0.0,0.0,0.0,0.0,0.0,1.0,0.0,0.0,0.0,0.0,1.0,0.0,0.0,0.0,155000.0,-0.33033657143587647
-0.06491841398858939,-0.37774596472542066,0.33360800807624663,0.11912282986073637,1.108924781057128,0.7772367703207032,0.2059921720278468,0.29818073040869925,0.0,0.0,0.0,0.0,0.0,0.0,0.0,0.0,0.0,0.0,0.0,0.0,0.0,0.0,0.0,0.0,1.0,0.0,0.0,0.0,0.0,0.0,0.0,0.0,0.0,0.0,0.0,0.0,1.0,0.0,0.0,0.0,0.0,0.0,1.0,0.0,0.0,0.0,0.0,1.0,0.0,0.0,0.0,193000.0,0.14473892685244208
-1.4664728044159276,-2.031513411898922,0.15774828412005154,-0.3017353965364593,-1.0960528858446767,-1.021987401155326,-0.9976828844653559,-1.0371220601333149,0.0,0.0,0.0,0.0,0.0,0.0,0.0,0.0,0.0,0.0,0.0,0.0,1.0,0.0,0.0,0.0,0.0,0.0,0.0,0.0,0.0,0.0,0.0,0.0,0.0,0.0,0.0,1.0,0.0,0.0,0.0,0.0,0.0,0.0,1.0,0.0,0.0,0.0,0.0,0.0,0.0,1.0,0.0,112000.0,-0.8679220037095001
-0.06491841398858939,1.1106447377307307,0.17385757181069536,0.11716534973795872,-0.8229087992354621,0.7772367703207032,0.2059921720278468,0.29818073040869925,0.0,0.0,0.0,0.0,0.0,0.0,0.0,0.0,0.0,0.0,0.0,0.0,0.0,1.0,0.0,0.0,0.0,0.0,0.0,0.0,0.0,0.0,0.0,0.0,0.0,0.0,0.0,0.0,0.0,1.0,0.0,0.0,0.0,1.0,0.0,0.0,0.0,0.0,1.0,0.0,0.0,0.0,0.0,174000.0,-0.0927988222917172
-0.7656956092022585,-0.14621852212113046,-0.16108136809060752,0.1641448726846224,1.1595886035733534,0.7772367703207032,1.4096672285210494,0.29818073040869925,0.0,1.0,0.0,0.0,0.0,0.0,0.0,0.0,0.0,0.0,0.0,0.0,0.0,0.0,0.0,0.0,0.0,0.0,0.0,0.0,0.0,0.0,0.0,0.0,0.0,0.0,0.0,1.0,0.0,0.0,0.0,0.0,0.0,0.0,1.0,0.0,0.0,0.0,0.0,1.0,0.0,0.0,0.0,119000.0,-0.780408096130073
0.6358587812250798,1.2429461335046108,-0.0619645007717851,-0.5601227727431096,0.3445618935297292,0.7772367703207032,-0.9976828844653559,0.29818073040869925,0.0,0.0,0.0,0.0,0.0,0.0,0.0,0.0,0.0,0.0,0.0,0.0,0.0,0.0,0.0,1.0,0.0,0.0,0.0,0.0,0.0,0.0,0.0,0.0,0.0,0.0,0.0,0.0,1.0,0.0,0.0,0.0,0.0,1.0,0.0,0.0,0.0,0.0,1.0,0.0,0.0,0.0,0.0,179781.0,-0.020524836617907466
0.6358587812250798,0.9452679930133805,-0.29163372041686686,-0.13730706622313635,-1.4837412668384005,0.7772367703207032,0.2059921720278468,0.29818073040869925,0.0,0.0,0.0,0.0,0.0,0.0,0.0,0.0,0.0,0.0,0.0,0.0,0.0,1.0,0.0,0.0,0.0,0.0,0.0,0.0,0.0,0.0,0.0,0.0,0.0,0.0,0.0,0.0,0.0,1.0,0.0,0.0,0.0,0.0,1.0,0.0,0.0,0.0,1.0,0.0,0.0,0.0,0.0,180000.0,-0.017786901509351104
1.336635976438749,1.0775693887872606,-0.6687476704527026,-0.23909603260757437,0.7058169758193356,0.7772367703207032,-0.9976828844653559,0.29818073040869925,0.0,0.0,0.0,0.0,1.0,0.0,0.0,0.0,0.0,0.0,0.0,0.0,0.0,0.0,0.0,0.0,0.0,0.0,0.0,0.0,0.0,0.0,0.0,0.0,0.0,0.0,0.0,0.0,1.0,0.0,0.0,0.0,0.0,1.0,0.0,0.0,0.0,0.0,1.0,0.0,0.0,0.0,0.0,214000.0,0.4072806495907234
-0.06491841398858939,-1.3369310840860515,-0.46055750106181254,-0.2606283139581286,-0.3823538208335031,-1.021987401155326,0.2059921720278468,-1.0371220601333149,0.0,0.0,0.0,0.0,0.0,0.0,0.0,0.0,0.0,0.0,0.0,1.0,0.0,0.0,0.0,0.0,0.0,0.0,0.0,0.0,0.0,0.0,0.0,0.0,0.0,0.0,0.0,1.0,0.0,0.0,0.0,0.0,0.0,0.0,1.0,0.0,0.0,0.0,0.0,1.0,0.0,0.0,0.0,127500.0,-0.6741412083550543
1.336635976438749,1.1767954356176706,-0.08601656225434359,2.1020501942345002,0.9349055645883543,0.7772367703207032,0.2059921720278468,1.6334835209507133,0.0,0.0,0.0,0.0,0.0,0.0,0.0,1.0,0.0,0.0,0.0,0.0,0.0,0.0,0.0,0.0,0.0,0.0,0.0,0.0,0.0,0.0,0.0,0.0,0.0,0.0,0.0,0.0,0.0,1.0,0.0,0.0,0.0,0.0,0.0,1.0,0.0,0.0,0.0,0.0,1.0,0.0,0.0,276000.0,1.1824038310085063
-0.7656956092022585,-1.8992120161250419,0.31045090702094613,0.5556408972401533,-0.684133981038845,-1.021987401155326,1.4096672285210494,-1.0371220601333149,0.0,0.0,0.0,0.0,0.0,0.0,0.0,0.0,0.0,0.0,0.0,0.0,0.0,0.0,0.0,0.0,1.0,0.0,0.0,0.0,0.0,0.0,0.0,0.0,0.0,0.0,0.0,1.0,0.0,0.0,0.0,0.0,0.0,0.0,1.0,0.0,0.0,0.0,1.0,0.0,0.0,0.0,0.0,138887.0,-0.5317810846969206
0.6358587812250798,1.1106447377307307,-0.8026561243811794,0.007546462862410082,0.6353281792750222,0.7772367703207032,-2.2013579409585584,0.29818073040869925,0.0,0.0,0.0,0.0,0.0,0.0,0.0,0.0,0.0,0.0,0.0,0.0,0.0,0.0,0.0,0.0,0.0,0.0,0.0,0.0,0.0,0.0,0.0,0.0,1.0,0.0,0.0,0.0,1.0,0.0,0.0,0.0,0.0,1.0,0.0,0.0,0.0,0.0,1.0,0.0,0.0,0.0,0.0,181000.0,-0.005284914712290088
0.6358587812250798,1.0444940398437905,0.275771190464699,1.270121142053997,0.8291723697718841,-1.021987401155326,-2.2013579409585584,0.29818073040869925,0.0,0.0,1.0,0.0,0.0,0.0,0.0,0.0,0.0,0.0,0.0,0.0,0.0,0.0,0.0,0.0,0.0,0.0,0.0,0.0,0.0,0.0,0.0,0.0,0.0,0.0,0.0,0.0,1.0,0.0,0.0,0.0,0.0,1.0,0.0,0.0,0.0,0.0,0.0,0.0,1.0,0.0,0.0,239686.0,0.7284066824600326
-0.06491841398858939,-1.6015338756338118,-0.4739819074706824,-0.8459148706686472,0.14631215324884767,-1.021987401155326,-0.9976828844653559,-1.0371220601333149,0.0,0.0,0.0,0.0,0.0,0.0,0.0,0.0,0.0,1.0,0.0,0.0,0.0,0.0,0.0,0.0,0.0,0.0,0.0,0.0,0.0,0.0,0.0,0.0,0.0,0.0,0.0,1.0,0.0,0.0,0.0,0.0,0.0,0.0,1.0,0.0,0.0,0.0,0.0,0.0,0.0,1.0,0.0,109500.0,-0.8991769707021526
-0.7656956092022585,-0.14621852212113046,0.10852546062086206,-0.8537447911597578,0.014145659728259983,-1.021987401155326,0.2059921720278468,0.29818073040869925,0.0,0.0,0.0,0.0,0.0,1.0,0.0,0.0,0.0,0.0,0.0,0.0,0.0,0.0,0.0,0.0,0.0,0.0,0.0,0.0,0.0,0.0,0.0,0.0,0.0,0.0,0.0,0.0,1.0,0.0,0.0,0.0,0.0,0.0,1.0,0.0,0.0,0.0,0.0,1.0,0.0,0.0,0.0,153600.0,-0.3478393529517619
2.738190366866087,0.9783433419568505,0.11669197451959122,2.2175415214783816,3.470299465291628,0.7772367703207032,-0.9976828844653559,1.6334835209507133,0.0,0.0,0.0,0.0,0.0,0.0,0.0,0.0,1.0,0.0,0.0,0.0,0.0,0.0,0.0,0.0,0.0,0.0,0.0,0.0,0.0,0.0,0.0,0.0,0.0,0.0,0.0,0.0,1.0,0.0,0.0,0.0,0.0,0.0,0.0,1.0,0.0,0.0,0.0,0.0,1.0,0.0,0.0,466500.0,3.5640323158486296
0.6358587812250798,0.4822131078048001,-0.5689595828134366,-0.09228502339925028,0.8710250927200702,-1.021987401155326,-0.9976828844653559,0.29818073040869925,0.0,0.0,0.0,0.0,0.0,0.0,1.0,0.0,0.0,0.0,0.0,0.0,0.0,0.0,0.0,0.0,0.0,0.0,0.0,0.0,0.0,0.0,0.0,0.0,0.0,0.0,0.0,0.0,1.0,0.0,0.0,0.0,0.0,1.0,0.0,0.0,0.0,0.0,1.0,0.0,0.0,0.0,0.0,190000.0,0.10723296646125904
-0.06491841398858939,1.1106447377307307,0.3037387038165112,-0.6364644975314382,0.2586536727413472,-1.021987401155326,0.2059921720278468,-2.372424850675329,1.0,0.0,0.0,0.0,0.0,0.0,0.0,0.0,0.0,0.0,0.0,0.0,0.0,0.0,0.0,0.0,0.0,0.0,0.0,0.0,0.0,0.0,0.0,0.0,0.0,0.0,0.0,0.0,1.0,0.0,0.0,0.0,0.0,1.0,0.0,0.0,0.0,0.0,1.0,0.0,0.0,0.0,0.0,146000.0,-0.4428544526094256
-0.06491841398858939,-0.27851991789501057,-0.36927153748149755,0.5791306587134851,-0.6114424096025217,-1.021987401155326,1.4096672285210494,0.29818073040869925,0.0,1.0,0.0,0.0,0.0,0.0,0.0,0.0,0.0,0.0,0.0,0.0,0.0,0.0,0.0,0.0,0.0,0.0,0.0,0.0,0.0,0.0,0.0,0.0,0.0,0.0,0.0,0.0,1.0,0.0,0.0,0.0,0.0,0.0,1.0,0.0,0.0,0.0,0.0,1.0,0.0,0.0,0.0,140000.0,-0.5178663733917916
-1.4664728044159276,-2.3622669013336224,0.04956994247524195,-0.40352436292089733,-2.3296068253701616,0.7772367703207032,0.2059921720278468,-2.372424850675329,0.0,0.0,0.0,0.0,0.0,0.0,0.0,0.0,0.0,1.0,0.0,0.0,0.0,0.0,0.0,0.0,0.0,0.0,0.0,0.0,0.0,0.0,0.0,0.0,0.0,0.0,0.0,0.0,1.0,0.0,0.0,0.0,0.0,0.0,1.0,0.0,0.0,0.0,0.0,1.0,0.0,0.0,0.0,106250.0,-0.9398084277926009
1.336635976438749,-1.2046296883121714,-0.07684321787494919,0.7298566281673645,-0.9903196910282065,-1.021987401155326,1.4096672285210494,0.29818073040869925,0.0,0.0,0.0,0.0,0.0,0.0,0.0,0.0,0.0,0.0,0.0,0.0,0.0,0.0,0.0,0.0,1.0,0.0,0.0,0.0,0.0,0.0,0.0,0.0,0.0,0.0,0.0,1.0,0.0,0.0,0.0,0.0,0.0,0.0,1.0,0.0,0.0,0.0,0.0,1.0,0.0,0.0,0.0,257076.0,0.9458162328609236
-0.06491841398858939,0.05223357153968971,-0.970684944598867,-1.0044707606136372,-1.2656665525294308,-1.021987401155326,-0.9976828844653559,-1.0371220601333149,0.0,0.0,0.0,0.0,0.0,0.0,0.0,0.0,0.0,0.0,0.0,0.0,0.0,0.0,0.0,0.0,0.0,0.0,0.0,0.0,0.0,1.0,0.0,0.0,0.0,0.0,0.0,1.0,0.0,0.0,0.0,0.0,0.0,0.0,1.0,0.0,0.0,0.0,0.0,1.0,0.0,0.0,0.0,111000.0,-0.8804239905065611
0.6358587812250798,1.1767954356176706,-0.7519789901876957,0.1347826708429576,0.723439174955414,0.7772367703207032,-2.2013579409585584,1.6334835209507133,0.0,0.0,0.0,0.0,0.0,0.0,0.0,0.0,0.0,0.0,0.0,0.0,0.0,0.0,0.0,0.0,0.0,0.0,0.0,0.0,0.0,0.0,0.0,0.0,1.0,0.0,0.0,0.0,1.0,0.0,0.0,0.0,0.0,1.0,0.0,0.0,0.0,0.0,1.0,0.0,0.0,0.0,0.0,175900.0,-0.06904504737730126
-0.06491841398858939,-2.031513411898922,-0.7558944420569493,-0.2586708338353509,-0.8229087992354621,-1.021987401155326,0.2059921720278468,-1.0371220601333149,0.0,0.0,0.0,0.0,0.0,0.0,0.0,0.0,0.0,1.0,0.0,0.0,0.0,0.0,0.0,0.0,0.0,0.0,0.0,0.0,0.0,0.0,0.0,0.0,0.0,0.0,0.0,1.0,0.0,0.0,0.0,0.0,0.0,0.0,1.0,0.0,0.0,0.0,0.0,1.0,0.0,0.0,0.0,114504.0,-0.8366170287696593
-3.5688043900569353,-0.675424105216651,2.33731253465348,0.1954645546490649,-2.3296068253701616,-1.021987401155326,0.2059921720278468,-1.0371220601333149,0.0,0.0,1.0,0.0,0.0,0.0,0.0,0.0,0.0,0.0,0.0,0.0,0.0,0.0,0.0,0.0,0.0,0.0,0.0,0.0,0.0,0.0,0.0,0.0,0.0,0.0,0.0,0.0,1.0,0.0,0.0,0.0,0.0,0.0,1.0,0.0,0.0,0.0,0.0,1.0,0.0,0.0,0.0,81500.0,-1.249232601019861
-0.06491841398858939,0.9121926440699104,-0.09944096866321345,0.4988739736796013,-0.4792759160819341,0.7772367703207032,0.2059921720278468,0.29818073040869925,0.0,0.0,0.0,0.0,0.0,0.0,0.0,1.0,0.0,0.0,0.0,0.0,0.0,0.0,0.0,0.0,0.0,0.0,0.0,0.0,0.0,0.0,0.0,0.0,0.0,0.0,0.0,0.0,1.0,0.0,0.0,0.0,0.0,0.0,1.0,0.0,0.0,0.0,1.0,0.0,0.0,0.0,0.0,214000.0,0.4072806495907234
-0.06491841398858939,-1.2377050372556413,0.18247156592305352,0.3129133620157242,-0.7546227775831584,-1.021987401155326,0.2059921720278468,-1.0371220601333149,0.0,0.0,0.0,0.0,0.0,0.0,0.0,0.0,0.0,0.0,0.0,0.0,0.0,0.0,0.0,0.0,1.0,0.0,0.0,0.0,0.0,0.0,0.0,0.0,0.0,0.0,0.0,1.0,0.0,0.0,0.0,0.0,0.0,0.0,1.0,0.0,0.0,0.0,0.0,1.0,0.0,0.0,0.0,188700.0,0.09098038362507972
1.336635976438749,1.1767954356176706,-0.1039157707995034,0.7318141082901422,-0.22595680350080766,0.7772367703207032,0.2059921720278468,1.6334835209507133,0.0,0.0,0.0,0.0,1.0,0.0,0.0,0.0,0.0,0.0,0.0,0.0,0.0,0.0,0.0,0.0,0.0,0.0,0.0,0.0,0.0,0.0,0.0,0.0,0.0,0.0,0.0,0.0,1.0,0.0,0.0,0.0,0.0,1.0,0.0,0.0,0.0,0.0,1.0,0.0,0.0,0.0,0.0,297900.0,1.4561973418641425
0.6358587812250798,-0.8408008499340011,-0.7807295939133586,-0.21756375125702015,-0.8956003706717853,-1.021987401155326,0.2059921720278468,-1.0371220601333149,0.0,0.0,0.0,0.0,0.0,0.0,0.0,0.0,0.0,1.0,0.0,0.0,0.0,0.0,0.0,0.0,0.0,0.0,0.0,0.0,0.0,0.0,0.0,0.0,0.0,0.0,0.0,1.0,0.0,0.0,0.0,0.0,0.0,0.0,1.0,0.0,0.0,0.0,0.0,1.0,0.0,0.0,0.0,135000.0,-0.5803763073770968
0.6358587812250798,0.31683636308744995,0.1938823113705929,-0.04139054020703128,-0.7325950286630605,0.7772367703207032,0.2059921720278468,0.29818073040869925,0.0,0.0,0.0,0.0,0.0,0.0,0.0,0.0,0.0,0.0,0.0,0.0,0.0,0.0,1.0,0.0,0.0,0.0,0.0,0.0,0.0,0.0,0.0,0.0,0.0,0.0,0.0,0.0,1.0,0.0,0.0,0.0,0.0,1.0,0.0,0.0,0.0,0.0,1.0,0.0,0.0,0.0,0.0,176000.0,-0.06779484869759517
-0.06491841398858939,0.9121926440699104,-0.7972863618176315,-0.08249762278536202,-0.7237839290950213,0.7772367703207032,-0.9976828844653559,0.29818073040869925,0.0,0.0,0.0,0.0,1.0,0.0,0.0,0.0,0.0,0.0,0.0,0.0,0.0,0.0,0.0,0.0,0.0,0.0,0.0,0.0,0.0,0.0,0.0,0.0,0.0,0.0,0.0,1.0,0.0,0.0,0.0,0.0,0.0,0.0,1.0,0.0,0.0,0.0,1.0,0.0,0.0,0.0,0.0,176000.0,-0.06779484869759517
0.6358587812250798,0.41606240991786003,0.42377527112248914,0.23657163722739563,0.3313452441776705,0.7772367703207032,0.2059921720278468,0.29818073040869925,0.0,0.0,0.0,0.0,0.0,0.0,0.0,0.0,0.0,0.0,0.0,0.0,0.0,0.0,1.0,0.0,0.0,0.0,0.0,0.0,0.0,0.0,0.0,0.0,0.0,0.0,0.0,0.0,1.0,0.0,0.0,0.0,0.0,1.0,0.0,0.0,0.0,0.0,1.0,0.0,0.0,0.0,0.0,202500.0,0.26350780142452174
1.336635976438749,1.1437200866742006,0.06478426973862779,0.007546462862410082,0.9833666122125697,0.7772367703207032,0.2059921720278468,0.29818073040869925,0.0,0.0,0.0,0.0,1.0,0.0,0.0,0.0,0.0,0.0,0.0,0.0,0.0,0.0,0.0,0.0,0.0,0.0,0.0,0.0,0.0,0.0,0.0,0.0,0.0,0.0,0.0,0.0,1.0,0.0,0.0,0.0,0.0,1.0,0.0,0.0,0.0,0.0,1.0,0.0,0.0,0.0,0.0,199000.0,0.21975084763480818
-0.06491841398858939,-0.47697201155583074,-0.21891818570215515,-0.04334802032980893,0.9260944650203151,-1.021987401155326,0.2059921720278468,0.29818073040869925,0.0,1.0,0.0,0.0,0.0,0.0,0.0,0.0,0.0,0.0,0.0,0.0,0.0,0.0,0.0,0.0,0.0,0.0,0.0,0.0,0.0,0.0,0.0,0.0,0.0,0.0,0.0,0.0,1.0,0.0,0.0,0.0,0.0,0.0,1.0,0.0,0.0,0.0,0.0,1.0,0.0,0.0,0.0,156500.0,-0.31158359124028495
-1.4664728044159276,-1.0061775946513511,0.20395061617724528,-1.1277920083486295,-0.8493420979395796,-1.021987401155326,-0.9976828844653559,-1.0371220601333149,0.0,0.0,0.0,0.0,0.0,0.0,0.0,0.0,0.0,0.0,0.0,0.0,1.0,0.0,0.0,0.0,0.0,0.0,0.0,0.0,0.0,0.0,0.0,0.0,0.0,0.0,0.0,1.0,0.0,0.0,0.0,0.0,0.0,0.0,0.0,0.0,1.0,0.0,1.0,0.0,0.0,0.0,0.0,80000.0,-1.2679855812154526
-0.7656956092022585,-1.0061775946513511,-0.599276367286801,-0.5679526932342203,-0.8493420979395796,-1.021987401155326,0.2059921720278468,-1.0371220601333149,0.0,0.0,0.0,0.0,0.0,0.0,0.0,0.0,0.0,0.0,0.0,1.0,0.0,0.0,0.0,0.0,0.0,0.0,0.0,0.0,0.0,0.0,0.0,0.0,0.0,0.0,0.0,1.0,0.0,0.0,0.0,0.0,0.0,1.0,0.0,0.0,0.0,0.0,0.0,1.0,0.0,0.0,0.0,124000.0,-0.7178981621447679
-0.7656956092022585,-0.7415748031035909,-0.08467412161345661,-1.1884738921547366,-0.4682620416218851,-1.021987401155326,-0.9976828844653559,0.29818073040869925,0.0,1.0,0.0,0.0,0.0,0.0,0.0,0.0,0.0,0.0,0.0,0.0,0.0,0.0,0.0,0.0,0.0,0.0,0.0,0.0,0.0,0.0,0.0,0.0,0.0,0.0,0.0,1.0,0.0,0.0,0.0,0.0,0.0,1.0,0.0,0.0,0.0,0.0,0.0,1.0,0.0,0.0,0.0,135000.0,-0.5803763073770968
-0.7656956092022585,-1.1054036414817612,0.05963824728189434,0.09954802863295983,0.0009290103762012131,0.7772367703207032,0.2059921720278468,-1.0371220601333149,0.0,0.0,0.0,0.0,0.0,0.0,0.0,0.0,0.0,0.0,1.0,0.0,0.0,0.0,0.0,0.0,0.0,0.0,0.0,0.0,0.0,0.0,0.0,0.0,0.0,0.0,0.0,1.0,0.0,0.0,0.0,0.0,0.0,0.0,0.0,0.0,1.0,0.0,0.0,0.0,0.0,1.0,0.0,137000.0,-0.5553723337829747
0.6358587812250798,1.2098707845611407,-0.33884288295472587,-0.09815746376758325,0.8644167680440408,0.7772367703207032,-0.9976828844653559,1.6334835209507133,1.0,0.0,0.0,0.0,0.0,0.0,0.0,0.0,0.0,0.0,0.0,0.0,0.0,0.0,0.0,0.0,0.0,0.0,0.0,0.0,0.0,0.0,0.0,0.0,0.0,0.0,0.0,0.0,1.0,0.0,0.0,0.0,0.0,1.0,0.0,0.0,0.0,0.0,1.0,0.0,0.0,0.0,0.0,224243.0,0.5353385003530193
-0.7656956092022585,-1.5353831777468716,-0.4739819074706824,-0.988810919631416,-0.21494292904075868,-1.021987401155326,-0.9976828844653559,-1.0371220601333149,0.0,0.0,0.0,0.0,0.0,0.0,0.0,0.0,0.0,0.0,0.0,1.0,0.0,0.0,0.0,0.0,0.0,0.0,0.0,0.0,0.0,0.0,0.0,0.0,0.0,0.0,0.0,1.0,0.0,0.0,0.0,0.0,0.0,0.0,1.0,0.0,0.0,0.0,0.0,1.0,0.0,0.0,0.0,115000.0,-0.8304160433183171
1.336635976438749,1.1106447377307307,0.25820759207976096,1.921962022938956,0.08022890648855383,0.7772367703207032,1.4096672285210494,1.6334835209507133,0.0,0.0,0.0,0.0,0.0,0.0,0.0,0.0,0.0,0.0,0.0,0.0,0.0,0.0,0.0,1.0,0.0,0.0,0.0,0.0,0.0,0.0,0.0,0.0,0.0,0.0,0.0,0.0,0.0,1.0,0.0,0.0,0.0,1.0,0.0,0.0,0.0,0.0,1.0,0.0,0.0,0.0,0.0,281213.0,1.2475766881815853
0.6358587812250798,1.0775693887872606,-0.13266637452516633,0.19154959440350958,-0.4616537169458557,0.7772367703207032,0.2059921720278468,0.29818073040869925,0.0,0.0,0.0,0.0,0.0,0.0,0.0,0.0,0.0,0.0,0.0,0.0,0.0,1.0,0.0,0.0,0.0,0.0,0.0,0.0,0.0,0.0,0.0,0.0,0.0,0.0,0.0,0.0,1.0,0.0,0.0,0.0,0.0,1.0,0.0,0.0,0.0,0.0,1.0,0.0,0.0,0.0,0.0,201490.0,0.2508807947594901
0.6358587812250798,1.1437200866742006,-0.31960123376867905,-0.6991038614603231,0.1881648761970338,-1.021987401155326,0.2059921720278468,-2.372424850675329,1.0,0.0,0.0,0.0,0.0,0.0,0.0,0.0,0.0,0.0,0.0,0.0,0.0,0.0,0.0,0.0,0.0,0.0,0.0,0.0,0.0,0.0,0.0,0.0,0.0,0.0,0.0,0.0,1.0,0.0,0.0,0.0,0.0,1.0,0.0,0.0,0.0,0.0,1.0,0.0,0.0,0.0,0.0,147000.0,-0.4303524658123646
0.6358587812250798,1.1437200866742006,-0.32620156691970675,-0.027688179347587695,0.8886472918561485,0.7772367703207032,0.2059921720278468,0.29818073040869925,1.0,0.0,0.0,0.0,0.0,0.0,0.0,0.0,0.0,0.0,0.0,0.0,0.0,0.0,0.0,0.0,0.0,0.0,0.0,0.0,0.0,0.0,0.0,0.0,0.0,0.0,0.0,0.0,1.0,0.0,0.0,0.0,0.0,1.0,0.0,0.0,0.0,0.0,1.0,0.0,0.0,0.0,0.0,181000.0,-0.005284914712290088
-0.06491841398858939,-0.774650152047061,-0.48740631387955224,-0.16471178794202349,-0.6114424096025217,-1.021987401155326,0.2059921720278468,-1.0371220601333149,0.0,0.0,0.0,0.0,0.0,0.0,0.0,0.0,0.0,0.0,0.0,1.0,0.0,0.0,0.0,0.0,0.0,0.0,0.0,0.0,0.0,0.0,0.0,0.0,0.0,0.0,0.0,1.0,0.0,0.0,0.0,0.0,0.0,0.0,1.0,0.0,0.0,0.0,0.0,1.0,0.0,0.0,0.0,139900.0,-0.5191165720714978
-1.4664728044159276,0.1514596183700998,-0.040932930731222325,0.23461415710461797,0.49214781129438545,0.7772367703207032,0.2059921720278468,0.29818073040869925,0.0,0.0,0.0,0.0,0.0,1.0,0.0,0.0,0.0,0.0,0.0,0.0,0.0,0.0,0.0,0.0,0.0,0.0,0.0,0.0,0.0,0.0,0.0,0.0,0.0,0.0,0.0,0.0,1.0,0.0,0.0,0.0,0.0,0.0,1.0,0.0,0.0,0.0,0.0,1.0,0.0,0.0,0.0,150000.0,-0.39284650542118155
2.037413171652418,1.1437200866742006,0.3424457422954193,2.442651735597812,1.7455267248479587,0.7772367703207032,1.4096672285210494,1.6334835209507133,0.0,0.0,0.0,1.0,0.0,0.0,0.0,0.0,0.0,0.0,0.0,0.0,0.0,0.0,0.0,0.0,0.0,0.0,0.0,0.0,0.0,0.0,0.0,0.0,0.0,0.0,0.0,0.0,0.0,1.0,0.0,0.0,0.0,0.0,0.0,1.0,0.0,0.0,0.0,0.0,1.0,0.0,0.0,390000.0,2.607630325873462
0.6358587812250798,1.0775693887872606,-0.23636991403368596,0.4303621693823834,-0.4792759160819341,0.7772367703207032,0.2059921720278468,0.29818073040869925,0.0,0.0,0.0,0.0,0.0,0.0,0.0,0.0,0.0,0.0,0.0,0.0,0.0,1.0,0.0,0.0,0.0,0.0,0.0,0.0,0.0,0.0,0.0,0.0,0.0,0.0,0.0,0.0,1.0,0.0,0.0,0.0,0.0,1.0,0.0,0.0,0.0,0.0,1.0,0.0,0.0,0.0,0.0,183500.0,0.02597005228036245
1.336635976438749,1.0114186909003204,0.2834902241497992,0.9862865242512372,-0.4131926693216402,0.7772367703207032,1.4096672285210494,1.6334835209507133,0.0,0.0,0.0,0.0,0.0,0.0,0.0,0.0,0.0,0.0,0.0,0.0,0.0,1.0,0.0,0.0,0.0,0.0,0.0,0.0,0.0,0.0,0.0,0.0,0.0,0.0,0.0,0.0,0.0,1.0,0.0,0.0,0.0,1.0,0.0,0.0,0.0,0.0,0.0,0.0,1.0,0.0,0.0,257500.0,0.9511170752628775
-0.06491841398858939,0.8129665972395004,-0.06420190183993008,0.539981056257932,-0.5211286390301202,0.7772367703207032,0.2059921720278468,0.29818073040869925,0.0,0.0,0.0,0.0,0.0,0.0,0.0,0.0,0.0,0.0,0.0,0.0,0.0,1.0,0.0,0.0,0.0,0.0,0.0,0.0,0.0,0.0,0.0,0.0,0.0,0.0,0.0,0.0,0.0,1.0,0.0,0.0,0.0,0.0,1.0,0.0,0.0,0.0,1.0,0.0,0.0,0.0,0.0,202000.0,0.2572568080259912
0.6358587812250798,-1.0061775946513511,0.010639163889519368,1.2388014600895547,1.036233209620805,-1.021987401155326,1.4096672285210494,-1.0371220601333149,0.0,0.0,0.0,0.0,0.0,0.0,0.0,0.0,0.0,0.0,0.0,0.0,0.0,0.0,0.0,0.0,1.0,0.0,0.0,0.0,0.0,0.0,0.0,0.0,0.0,0.0,0.0,0.0,1.0,0.0,0.0,0.0,0.0,0.0,1.0,0.0,0.0,0.0,1.0,0.0,0.0,0.0,0.0,257500.0,0.9511170752628775
-1.4664728044159276,-1.1384789904252313,-0.6124770335888564,-1.163026650558627,-1.5630411629507532,-1.021987401155326,-0.9976828844653559,-1.0371220601333149,0.0,0.0,0.0,0.0,0.0,0.0,0.0,0.0,0.0,0.0,0.0,1.0,0.0,0.0,0.0,0.0,0.0,0.0,0.0,0.0,0.0,0.0,0.0,0.0,0.0,0.0,0.0,0.0,0.0,0.0,1.0,0.0,0.0,0.0,1.0,0.0,0.0,0.0,0.0,1.0,0.0,0.0,0.0,87000.0,-1.1804716736360255
-0.06491841398858939,-1.3700064330295214,-0.5227572507562429,-1.345072301976949,-0.5387508381661985,-1.021987401155326,-0.9976828844653559,-1.0371220601333149,0.0,0.0,0.0,0.0,0.0,0.0,0.0,0.0,0.0,1.0,0.0,0.0,0.0,0.0,0.0,0.0,0.0,0.0,0.0,0.0,0.0,0.0,0.0,0.0,0.0,0.0,0.0,1.0,0.0,0.0,0.0,0.0,0.0,1.0,0.0,0.0,0.0,0.0,0.0,1.0,0.0,0.0,0.0,110000.0,-0.8929259773036221
-1.4664728044159276,-0.7415748031035909,0.04956994247524195,-0.6031873354442181,-0.7436089031231095,-1.021987401155326,1.4096672285210494,-2.372424850675329,0.0,1.0,0.0,0.0,0.0,0.0,0.0,0.0,0.0,0.0,0.0,0.0,0.0,0.0,0.0,0.0,0.0,0.0,0.0,0.0,0.0,0.0,0.0,0.0,0.0,0.0,0.0,0.0,1.0,0.0,0.0,0.0,0.0,0.0,1.0,0.0,0.0,0.0,0.0,1.0,0.0,0.0,0.0,135000.0,-0.5803763073770968
1.336635976438749,1.1106447377307307,0.14410013760436718,-0.004198417874255843,0.9701499628605109,0.7772367703207032,0.2059921720278468,1.6334835209507133,0.0,0.0,0.0,0.0,0.0,0.0,0.0,1.0,0.0,0.0,0.0,0.0,0.0,0.0,0.0,0.0,0.0,0.0,0.0,0.0,0.0,0.0,0.0,0.0,0.0,0.0,0.0,0.0,1.0,0.0,0.0,0.0,0.0,1.0,0.0,0.0,0.0,0.0,0.0,0.0,1.0,0.0,0.0,237000.0,0.6948263459231268
-0.06491841398858939,0.7468158993525603,-0.24968245038914857,-0.03747557996147596,-0.7832588511792857,0.7772367703207032,0.2059921720278468,0.29818073040869925,0.0,0.0,0.0,0.0,0.0,0.0,0.0,0.0,0.0,0.0,0.0,0.0,0.0,1.0,0.0,0.0,0.0,0.0,0.0,0.0,0.0,0.0,0.0,0.0,0.0,0.0,0.0,0.0,1.0,0.0,0.0,0.0,0.0,0.0,1.0,0.0,0.0,0.0,1.0,0.0,0.0,0.0,0.0,174000.0,-0.0927988222917172
0.6358587812250798,0.8791172951264404,-0.7046579575964295,-1.435116387624721,-0.7370005784470801,-1.021987401155326,-2.2013579409585584,-1.0371220601333149,0.0,1.0,0.0,0.0,0.0,0.0,0.0,0.0,0.0,0.0,0.0,0.0,0.0,0.0,0.0,0.0,0.0,0.0,0.0,0.0,0.0,0.0,0.0,0.0,0.0,0.0,0.0,0.0,1.0,0.0,0.0,0.0,0.0,0.0,1.0,0.0,0.0,0.0,1.0,0.0,0.0,0.0,0.0,133000.0,-0.6053802809712188
1.336635976438749,0.9783433419568505,-0.35539965085899866,0.13282519072017995,1.1243442053011967,0.7772367703207032,0.2059921720278468,0.29818073040869925,0.0,0.0,0.0,0.0,1.0,0.0,0.0,0.0,0.0,0.0,0.0,0.0,0.0,0.0,0.0,0.0,0.0,0.0,0.0,0.0,0.0,0.0,0.0,0.0,0.0,0.0,0.0,0.0,1.0,0.0,0.0,0.0,0.0,1.0,0.0,0.0,0.0,0.0,1.0,0.0,0.0,0.0,0.0,221000.0,0.4947945571701505
-0.7656956092022585,0.1514596183700998,-0.860492941992727,-0.3839495616931208,-1.748074253879576,-1.021987401155326,0.2059921720278468,-1.0371220601333149,0.0,0.0,0.0,0.0,0.0,0.0,0.0,0.0,0.0,0.0,0.0,0.0,0.0,0.0,0.0,0.0,0.0,0.0,0.0,0.0,0.0,0.0,0.0,0.0,0.0,1.0,0.0,0.0,0.0,1.0,0.0,0.0,0.0,0.0,1.0,0.0,0.0,0.0,1.0,0.0,0.0,0.0,0.0,115000.0,-0.8304160433183171
0.6358587812250798,-0.4108213136688907,0.14465948787140342,-0.05509290106647485,-2.3296068253701616,0.7772367703207032,-0.9976828844653559,0.29818073040869925,0.0,1.0,0.0,0.0,0.0,0.0,0.0,0.0,0.0,0.0,0.0,0.0,0.0,0.0,0.0,0.0,0.0,0.0,0.0,0.0,0.0,0.0,0.0,0.0,0.0,0.0,0.0,0.0,1.0,0.0,0.0,0.0,0.0,1.0,0.0,0.0,0.0,0.0,0.0,1.0,0.0,0.0,0.0,157500.0,-0.2990816044432239
-0.06491841398858939,1.2429461335046108,0.007059322180487407,-0.564037732988665,0.34015634374570963,0.7772367703207032,0.2059921720278468,0.29818073040869925,0.0,0.0,0.0,0.0,0.0,0.0,0.0,0.0,0.0,0.0,0.0,0.0,1.0,0.0,0.0,0.0,0.0,0.0,0.0,0.0,0.0,0.0,0.0,0.0,0.0,0.0,0.0,0.0,1.0,0.0,0.0,0.0,0.0,1.0,0.0,0.0,0.0,0.0,1.0,0.0,0.0,0.0,0.0,186000.0,0.05722501927301499
0.6358587812250798,-2.693020390768323,0.04956994247524195,1.9474092645350656,0.562636607838699,0.7772367703207032,2.613342285014252,0.29818073040869925,0.0,0.0,0.0,0.0,0.0,0.0,0.0,0.0,0.0,1.0,0.0,0.0,0.0,0.0,0.0,0.0,0.0,0.0,0.0,0.0,0.0,0.0,0.0,0.0,0.0,0.0,0.0,1.0,0.0,0.0,0.0,0.0,0.0,0.0,1.0,0.0,0.0,0.0,0.0,1.0,0.0,0.0,0.0,184000.0,0.03222104567889295
-1.4664728044159276,-1.0392529435948212,-0.5545283459239015,-1.6210769992885983,-0.8493420979395796,-1.021987401155326,-0.9976828844653559,-1.0371220601333149,0.0,0.0,0.0,0.0,0.0,0.0,0.0,0.0,0.0,1.0,0.0,0.0,0.0,0.0,0.0,0.0,0.0,0.0,0.0,0.0,0.0,0.0,0.0,0.0,0.0,0.0,0.0,1.0,0.0,0.0,0.0,0.0,0.0,0.0,1.0,0.0,0.0,0.0,0.0,1.0,0.0,0.0,0.0,86900.0,-1.1817218723157314
0.6358587812250798,1.1767954356176706,-0.24968245038914857,0.32270076262961245,-0.5387508381661985,0.7772367703207032,0.2059921720278468,0.29818073040869925,0.0,0.0,0.0,0.0,1.0,0.0,0.0,0.0,0.0,0.0,0.0,0.0,0.0,0.0,0.0,0.0,0.0,0.0,0.0,0.0,0.0,0.0,0.0,0.0,0.0,0.0,0.0,0.0,1.0,0.0,0.0,0.0,0.0,1.0,0.0,0.0,0.0,0.0,1.0,0.0,0.0,0.0,0.0,205950.0,0.30663965587438224
-0.7656956092022585,-0.34467061578195063,-0.2524792017243298,-1.2452408157152886,-0.426409318673699,-1.021987401155326,0.2059921720278468,-1.0371220601333149,0.0,0.0,0.0,0.0,0.0,1.0,0.0,0.0,0.0,0.0,0.0,0.0,0.0,0.0,0.0,0.0,0.0,0.0,0.0,0.0,0.0,0.0,0.0,0.0,0.0,0.0,0.0,1.0,0.0,0.0,0.0,0.0,0.0,1.0,0.0,0.0,0.0,0.0,0.0,1.0,0.0,0.0,0.0,135000.0,-0.5803763073770968
-0.06491841398858939,-0.37774596472542066,0.28774128617927464,-0.8204676290725377,0.0515928328924265,-1.021987401155326,0.2059921720278468,-1.0371220601333149,0.0,1.0,0.0,0.0,0.0,0.0,0.0,0.0,0.0,0.0,0.0,0.0,0.0,0.0,0.0,0.0,0.0,0.0,0.0,0.0,0.0,0.0,0.0,0.0,0.0,0.0,0.0,0.0,0.0,0.0,0.0,0.0,1.0,0.0,1.0,0.0,0.0,0.0,0.0,1.0,0.0,0.0,0.0,148000.0,-0.4178504790153036
-0.06491841398858939,-0.37774596472542066,1.6923816767606905,0.11716534973795872,1.1067220061651182,-1.021987401155326,0.2059921720278468,0.29818073040869925,0.0,0.0,0.0,0.0,0.0,0.0,0.0,0.0,0.0,0.0,0.0,0.0,0.0,0.0,0.0,0.0,1.0,0.0,0.0,0.0,0.0,0.0,0.0,0.0,0.0,0.0,0.0,0.0,1.0,0.0,0.0,0.0,0.0,0.0,1.0,0.0,0.0,0.0,0.0,1.0,0.0,0.0,0.0,201000.0,0.2447548212289302
-0.06491841398858939,-1.0392529435948212,0.2406439936948229,0.489086573065713,-0.1642791065245334,0.7772367703207032,1.4096672285210494,-1.0371220601333149,0.0,0.0,1.0,0.0,0.0,0.0,0.0,0.0,0.0,0.0,0.0,0.0,0.0,0.0,0.0,0.0,0.0,0.0,0.0,0.0,0.0,0.0,0.0,0.0,0.0,0.0,0.0,0.0,1.0,0.0,0.0,0.0,0.0,0.0,1.0,0.0,0.0,0.0,1.0,0.0,0.0,0.0,0.0,160000.0,-0.2678266374505714
-0.7656956092022585,-0.4108213136688907,-0.26981906000245337,-0.6854015006008796,0.20358430044110234,-1.021987401155326,0.2059921720278468,-1.0371220601333149,0.0,1.0,0.0,0.0,0.0,0.0,0.0,0.0,0.0,0.0,0.0,0.0,0.0,0.0,0.0,0.0,0.0,0.0,0.0,0.0,0.0,0.0,0.0,0.0,0.0,0.0,0.0,0.0,1.0,0.0,0.0,0.0,0.0,0.0,1.0,0.0,0.0,0.0,0.0,1.0,0.0,0.0,0.0,141000.0,-0.5053643865947307
-0.06491841398858939,-0.4108213136688907,0.12922142050120308,-0.28020311518590507,-0.08497921041218079,-1.021987401155326,-0.9976828844653559,-1.0371220601333149,0.0,0.0,0.0,0.0,0.0,0.0,0.0,0.0,0.0,0.0,0.0,0.0,1.0,0.0,0.0,0.0,0.0,0.0,0.0,0.0,0.0,0.0,0.0,0.0,0.0,0.0,0.0,0.0,0.0,0.0,1.0,0.0,0.0,0.0,0.0,1.0,0.0,0.0,0.0,1.0,0.0,0.0,0.0,177000.0,-0.055292861900534146
0.6358587812250798,0.18453496731356983,0.17262700122321561,-0.17449918855591176,0.723439174955414,0.7772367703207032,0.2059921720278468,0.29818073040869925,0.0,0.0,0.0,0.0,0.0,0.0,0.0,0.0,0.0,0.0,0.0,0.0,0.0,0.0,1.0,0.0,0.0,0.0,0.0,0.0,0.0,0.0,0.0,0.0,0.0,0.0,0.0,0.0,1.0,0.0,0.0,0.0,0.0,0.0,1.0,0.0,0.0,0.0,0.0,1.0,0.0,0.0,0.0,82500.0,-1.2367306142228
-0.7656956092022585,-0.11314317317766043,-0.18927262154923422,-1.1806439716636261,-0.39997601996958143,-1.021987401155326,0.2059921720278468,-1.0371220601333149,0.0,0.0,0.0,0.0,0.0,1.0,0.0,0.0,0.0,0.0,0.0,0.0,0.0,0.0,0.0,0.0,0.0,0.0,0.0,0.0,0.0,0.0,0.0,0.0,0.0,0.0,0.0,0.0,1.0,0.0,0.0,0.0,0.0,0.0,1.0,0.0,0.0,0.0,0.0,1.0,0.0,0.0,0.0,115000.0,-0.8304160433183171
-0.06491841398858939,0.7798912482960303,0.0007945991896814747,0.14065511121129057,-0.5541702624102671,0.7772367703207032,0.2059921720278468,0.29818073040869925,0.0,0.0,0.0,0.0,0.0,0.0,0.0,0.0,0.0,0.0,0.0,0.0,0.0,1.0,0.0,0.0,0.0,0.0,0.0,0.0,0.0,0.0,0.0,0.0,0.0,0.0,0.0,0.0,0.0,1.0,0.0,0.0,0.0,0.0,1.0,0.0,0.0,0.0,1.0,0.0,0.0,0.0,0.0,168000.0,-0.16781074307408328
0.6358587812250798,1.0775693887872606,-0.7824076447144673,0.40687240790905155,-0.17969853076860196,0.7772367703207032,0.2059921720278468,0.29818073040869925,0.0,0.0,0.0,0.0,0.0,0.0,0.0,0.0,0.0,0.0,0.0,0.0,1.0,0.0,0.0,0.0,0.0,0.0,0.0,0.0,0.0,0.0,0.0,0.0,0.0,0.0,0.0,1.0,0.0,0.0,0.0,0.0,0.0,1.0,0.0,0.0,0.0,0.0,1.0,0.0,0.0,0.0,0.0,130000.0,-0.6428862413624018
0.6358587812250798,0.8129665972395004,0.07082525262261923,1.2231416191073334,0.014145659728259983,0.7772367703207032,1.4096672285210494,0.29818073040869925,0.0,0.0,0.0,0.0,0.0,0.0,0.0,0.0,1.0,0.0,0.0,0.0,0.0,0.0,0.0,0.0,0.0,0.0,0.0,0.0,0.0,0.0,0.0,0.0,0.0,0.0,0.0,0.0,1.0,0.0,0.0,0.0,0.0,1.0,0.0,0.0,0.0,0.0,0.0,0.0,1.0,0.0,0.0,279500.0,1.2261607847982199
-0.06491841398858939,0.1514596183700998,0.11232904243670852,0.04473858519518551,0.29830362079752354,0.7772367703207032,0.2059921720278468,0.29818073040869925,0.0,0.0,0.0,0.0,0.0,0.0,0.0,0.0,0.0,0.0,0.0,0.0,0.0,0.0,1.0,0.0,0.0,0.0,0.0,0.0,0.0,0.0,0.0,0.0,0.0,0.0,0.0,0.0,1.0,0.0,0.0,0.0,0.0,0.0,1.0,0.0,0.0,0.0,1.0,0.0,0.0,0.0,0.0,180000.0,-0.017786901509351104
-1.4664728044159276,-0.873876198877471,-0.21835883543511891,0.05648346593185144,-2.3296068253701616,0.7772367703207032,1.4096672285210494,-1.0371220601333149,0.0,0.0,0.0,0.0,0.0,0.0,0.0,0.0,0.0,0.0,0.0,0.0,1.0,0.0,0.0,0.0,0.0,0.0,0.0,0.0,0.0,0.0,0.0,0.0,0.0,0.0,0.0,1.0,0.0,0.0,0.0,0.0,0.0,0.0,1.0,0.0,0.0,0.0,0.0,1.0,0.0,0.0,0.0,98000.0,-1.0429498188683544
0.6358587812250798,1.0444940398437905,-0.24599073862670937,0.5243212152757109,-0.3823538208335031,0.7772367703207032,0.2059921720278468,0.29818073040869925,0.0,0.0,0.0,0.0,0.0,0.0,0.0,1.0,0.0,0.0,0.0,0.0,0.0,0.0,0.0,0.0,0.0,0.0,0.0,0.0,0.0,0.0,0.0,0.0,0.0,0.0,0.0,0.0,1.0,0.0,0.0,0.0,0.0,1.0,0.0,0.0,0.0,0.0,1.0,0.0,0.0,0.0,0.0,224900.0,0.5435523056786884
0.6358587812250798,1.0114186909003204,-0.29163372041686686,-0.1686267481875788,-0.7722449767192368,0.7772367703207032,0.2059921720278468,0.29818073040869925,0.0,0.0,0.0,0.0,0.0,0.0,0.0,0.0,0.0,0.0,0.0,0.0,0.0,1.0,0.0,0.0,0.0,0.0,0.0,0.0,0.0,0.0,0.0,0.0,0.0,0.0,0.0,0.0,1.0,0.0,0.0,0.0,0.0,1.0,0.0,0.0,0.0,0.0,1.0,0.0,0.0,0.0,0.0,176000.0,-0.06779484869759517
-0.06491841398858939,-2.031513411898922,-0.07124971520458674,0.040823624949630204,-0.6973506303909037,-1.021987401155326,1.4096672285210494,1.6334835209507133,0.0,0.0,0.0,0.0,0.0,0.0,0.0,0.0,0.0,1.0,0.0,0.0,0.0,0.0,0.0,0.0,0.0,0.0,0.0,0.0,0.0,0.0,0.0,0.0,0.0,0.0,0.0,1.0,0.0,0.0,0.0,0.0,0.0,1.0,0.0,0.0,0.0,0.0,0.0,1.0,0.0,0.0,0.0,146500.0,-0.4366034592108951
0.6358587812250798,1.2429461335046108,-0.19206937288441545,0.6887495455890338,-0.34710942256134636,0.7772367703207032,0.2059921720278468,0.29818073040869925,0.0,0.0,0.0,0.0,1.0,0.0,0.0,0.0,0.0,0.0,0.0,0.0,0.0,0.0,0.0,0.0,0.0,0.0,0.0,0.0,0.0,0.0,0.0,0.0,0.0,0.0,0.0,0.0,1.0,0.0,0.0,0.0,0.0,1.0,0.0,0.0,0.0,0.0,1.0,0.0,0.0,0.0,0.0,252678.0,0.8908324949274493
-0.7656956092022585,-0.14621852212113046,-0.06017457991726912,-1.174771531295293,-0.3867593706175227,-1.021987401155326,0.2059921720278468,-1.0371220601333149,0.0,0.0,0.0,0.0,0.0,1.0,0.0,0.0,0.0,0.0,0.0,0.0,0.0,0.0,0.0,0.0,0.0,0.0,0.0,0.0,0.0,0.0,0.0,0.0,0.0,0.0,0.0,1.0,0.0,0.0,0.0,0.0,0.0,0.0,1.0,0.0,0.0,0.0,0.0,1.0,0.0,0.0,0.0,122000.0,-0.74290213573889
0.6358587812250798,1.0114186909003204,-0.17987553706302534,0.4401495699962717,-0.4792759160819341,0.7772367703207032,0.2059921720278468,0.29818073040869925,0.0,0.0,0.0,0.0,0.0,0.0,0.0,1.0,0.0,0.0,0.0,0.0,0.0,0.0,0.0,0.0,0.0,0.0,0.0,0.0,0.0,0.0,0.0,0.0,0.0,0.0,0.0,0.0,1.0,0.0,0.0,0.0,0.0,1.0,0.0,0.0,0.0,0.0,1.0,0.0,0.0,0.0,0.0,198500.0,0.21349985423627765
-0.7656956092022585,-0.807725500990531,-0.20996858142957525,-0.5562078124975544,-0.4968981152180124,-1.021987401155326,-0.9976828844653559,-1.0371220601333149,0.0,1.0,0.0,0.0,0.0,0.0,0.0,0.0,0.0,0.0,0.0,0.0,0.0,0.0,0.0,0.0,0.0,0.0,0.0,0.0,0.0,0.0,0.0,0.0,0.0,0.0,0.0,1.0,0.0,0.0,0.0,0.0,0.0,0.0,1.0,0.0,0.0,0.0,0.0,1.0,0.0,0.0,0.0,118500.0,-0.7866590895286035
-0.06491841398858939,0.11838426942662977,-0.45328594759034135,-0.7911054272308728,-0.10920973422428853,-1.021987401155326,0.2059921720278468,-1.0371220601333149,0.0,0.0,0.0,0.0,0.0,0.0,0.0,0.0,0.0,0.0,0.0,0.0,1.0,0.0,0.0,0.0,0.0,0.0,0.0,0.0,0.0,0.0,0.0,0.0,0.0,0.0,0.0,1.0,0.0,0.0,0.0,0.0,0.0,0.0,1.0,0.0,0.0,0.0,0.0,1.0,0.0,0.0,0.0,125200.0,-0.7028957779882947
2.738190366866087,1.1767954356176706,3.326691286987188,6.2166734123131295,4.5827007857565745,2.5764609417967326,0.2059921720278468,1.6334835209507133,0.0,0.0,0.0,0.0,0.0,0.0,0.0,0.0,0.0,0.0,0.0,0.0,1.0,0.0,0.0,0.0,0.0,0.0,0.0,0.0,0.0,0.0,0.0,0.0,0.0,0.0,0.0,0.0,0.0,1.0,0.0,0.0,0.0,0.0,0.0,1.0,0.0,0.0,0.0,0.0,1.0,0.0,0.0,184750.0,0.04159753577668872
-0.7656956092022585,-0.14621852212113046,-0.05950335959682562,-1.1043022468752977,-0.26780952644899375,-1.021987401155326,-0.9976828844653559,-1.0371220601333149,0.0,0.0,0.0,0.0,0.0,0.0,0.0,0.0,0.0,0.0,0.0,0.0,1.0,0.0,0.0,0.0,0.0,0.0,0.0,0.0,0.0,0.0,0.0,0.0,0.0,0.0,0.0,0.0,1.0,0.0,0.0,0.0,0.0,0.0,1.0,0.0,0.0,0.0,1.0,0.0,0.0,0.0,0.0,118500.0,-0.7866590895286035
-0.7656956092022585,-0.774650152047061,-0.48740631387955224,-1.3920518249236127,-0.5916174355744336,-1.021987401155326,-0.9976828844653559,-1.0371220601333149,0.0,0.0,0.0,0.0,0.0,0.0,0.0,0.0,0.0,1.0,0.0,0.0,0.0,0.0,0.0,0.0,0.0,0.0,0.0,0.0,0.0,0.0,0.0,0.0,0.0,0.0,0.0,1.0,0.0,0.0,0.0,0.0,0.0,0.0,1.0,0.0,0.0,0.0,0.0,1.0,0.0,0.0,0.0,115000.0,-0.8304160433183171
-0.06491841398858939,0.1514596183700998,-0.607331011132123,-1.061237684174189,-0.2193484788247783,0.7772367703207032,-0.9976828844653559,0.29818073040869925,0.0,0.0,0.0,0.0,0.0,0.0,0.0,0.0,0.0,0.0,0.0,0.0,0.0,0.0,0.0,0.0,0.0,0.0,1.0,0.0,0.0,0.0,0.0,0.0,0.0,0.0,0.0,0.0,1.0,0.0,0.0,0.0,0.0,0.0,1.0,0.0,0.0,0.0,1.0,0.0,0.0,0.0,0.0,143750.0,-0.4709839229028129
1.336635976438749,1.1437200866742006,-0.19206937288441545,-0.4348440448853398,0.4855394866183561,0.7772367703207032,-0.9976828844653559,0.29818073040869925,0.0,0.0,0.0,0.0,1.0,0.0,0.0,0.0,0.0,0.0,0.0,0.0,0.0,0.0,0.0,0.0,0.0,0.0,0.0,0.0,0.0,0.0,0.0,0.0,0.0,0.0,0.0,0.0,1.0,0.0,0.0,0.0,0.0,1.0,0.0,0.0,0.0,0.0,1.0,0.0,0.0,0.0,0.0,198600.0,0.21475005291598376
1.336635976438749,0.9121926440699104,-0.8627303430608719,0.46755429171515883,-0.19291518012066075,0.7772367703207032,0.2059921720278468,0.29818073040869925,0.0,0.0,0.0,0.0,1.0,0.0,0.0,0.0,0.0,0.0,0.0,0.0,0.0,0.0,0.0,0.0,0.0,0.0,0.0,0.0,0.0,0.0,0.0,0.0,0.0,0.0,0.0,0.0,1.0,0.0,0.0,0.0,0.0,1.0,0.0,0.0,0.0,0.0,1.0,0.0,0.0,0.0,0.0,172500.0,-0.11155180248730871
1.336635976438749,1.1767954356176706,0.26257052416264365,0.16022991243906712,1.1551830537893337,0.7772367703207032,0.2059921720278468,1.6334835209507133,0.0,0.0,0.0,1.0,0.0,0.0,0.0,0.0,0.0,0.0,0.0,0.0,0.0,0.0,0.0,0.0,0.0,0.0,0.0,0.0,0.0,0.0,0.0,0.0,0.0,0.0,0.0,0.0,1.0,0.0,0.0,0.0,0.0,1.0,0.0,0.0,0.0,0.0,0.0,0.0,1.0,0.0,0.0,317500.0,1.7012362830865384
-0.06491841398858939,0.7137405504090902,-0.14407711997270573,-0.1177322649953598,0.6309226294910025,0.7772367703207032,-0.9976828844653559,2.9687863114927273,1.0,0.0,0.0,0.0,0.0,0.0,0.0,0.0,0.0,0.0,0.0,0.0,0.0,0.0,0.0,0.0,0.0,0.0,0.0,0.0,0.0,0.0,0.0,0.0,0.0,0.0,0.0,0.0,1.0,0.0,0.0,0.0,0.0,1.0,0.0,0.0,0.0,0.0,1.0,0.0,0.0,0.0,0.0,224500.0,0.5385515109598641
2.037413171652418,1.2098707845611407,0.5136069240085099,2.374139931300594,0.8688223178280604,0.7772367703207032,0.2059921720278468,1.6334835209507133,0.0,0.0,0.0,1.0,0.0,0.0,0.0,0.0,0.0,0.0,0.0,0.0,0.0,0.0,0.0,0.0,0.0,0.0,0.0,0.0,0.0,0.0,0.0,0.0,0.0,0.0,0.0,0.0,1.0,0.0,0.0,0.0,0.0,0.0,0.0,1.0,0.0,0.0,0.0,0.0,1.0,0.0,0.0,446261.0,3.311004605062912
-1.4664728044159276,-0.04699247529072038,-0.37128519844282803,-1.2452408157152886,-0.426409318673699,-1.021987401155326,0.2059921720278468,0.29818073040869925,0.0,1.0,0.0,0.0,0.0,0.0,0.0,0.0,0.0,0.0,0.0,0.0,0.0,0.0,0.0,0.0,0.0,0.0,0.0,0.0,0.0,0.0,0.0,0.0,0.0,0.0,0.0,1.0,0.0,0.0,0.0,0.0,0.0,0.0,1.0,0.0,0.0,0.0,0.0,1.0,0.0,0.0,0.0,76500.0,-1.3117425350051661
-0.7656956092022585,-0.5761980583862408,-0.140609148317081,-0.7597857452664304,0.11987885454473014,-1.021987401155326,-0.9976828844653559,-1.0371220601333149,0.0,0.0,0.0,0.0,0.0,0.0,0.0,0.0,0.0,0.0,0.0,0.0,0.0,0.0,0.0,0.0,1.0,0.0,0.0,0.0,0.0,0.0,0.0,0.0,0.0,0.0,0.0,0.0,1.0,0.0,0.0,0.0,0.0,0.0,1.0,0.0,0.0,0.0,0.0,1.0,0.0,0.0,0.0,144800.0,-0.45785683676589883
-0.7656956092022585,-0.21236922000807051,-0.11734017720837325,-1.0103432009819702,-0.1620763316325236,-1.021987401155326,0.2059921720278468,-1.0371220601333149,0.0,0.0,0.0,0.0,0.0,1.0,0.0,0.0,0.0,0.0,0.0,0.0,0.0,0.0,0.0,0.0,0.0,0.0,0.0,0.0,0.0,0.0,0.0,0.0,0.0,0.0,0.0,0.0,1.0,0.0,0.0,0.0,0.0,0.0,1.0,0.0,0.0,0.0,0.0,1.0,0.0,0.0,0.0,126000.0,-0.6928941885506459
-2.167249999629597,-1.3700064330295214,-0.4739819074706824,-0.6619117391275476,-0.7259867039870311,-1.021987401155326,0.2059921720278468,-1.0371220601333149,0.0,0.0,0.0,0.0,0.0,0.0,0.0,0.0,0.0,0.0,0.0,1.0,0.0,0.0,0.0,0.0,0.0,0.0,0.0,0.0,0.0,0.0,0.0,0.0,0.0,0.0,0.0,1.0,0.0,0.0,0.0,0.0,0.0,0.0,1.0,0.0,0.0,0.0,0.0,1.0,0.0,0.0,0.0,75000.0,-1.3304955152007576
-1.4664728044159276,-0.5431227094427709,-0.39287611875042705,-0.6814865403553242,-2.3296068253701616,0.7772367703207032,-0.9976828844653559,-2.372424850675329,0.0,0.0,0.0,0.0,0.0,0.0,0.0,0.0,0.0,0.0,0.0,0.0,1.0,0.0,0.0,0.0,0.0,0.0,0.0,0.0,0.0,0.0,0.0,0.0,0.0,0.0,0.0,0.0,1.0,0.0,0.0,0.0,0.0,0.0,1.0,0.0,0.0,0.0,0.0,1.0,0.0,0.0,0.0,82500.0,-1.2367306142228
0.6358587812250798,0.8129665972395004,0.1599856851881965,1.757533692625633,0.7080197507113454,0.7772367703207032,0.2059921720278468,1.6334835209507133,0.0,0.0,0.0,0.0,0.0,0.0,0.0,0.0,1.0,0.0,0.0,0.0,0.0,0.0,0.0,0.0,0.0,0.0,0.0,0.0,0.0,0.0,0.0,0.0,0.0,0.0,0.0,0.0,1.0,0.0,0.0,0.0,0.0,1.0,0.0,0.0,0.0,0.0,1.0,0.0,0.0,0.0,0.0,315750.0,1.6793578061916816
-0.7656956092022585,-0.47697201155583074,-0.03869552966307735,-0.5170582100420013,0.027362309080318753,-1.021987401155326,-0.9976828844653559,-1.0371220601333149,0.0,1.0,0.0,0.0,0.0,0.0,0.0,0.0,0.0,0.0,0.0,0.0,0.0,0.0,0.0,0.0,0.0,0.0,0.0,0.0,0.0,0.0,0.0,0.0,0.0,0.0,0.0,0.0,1.0,0.0,0.0,0.0,0.0,1.0,0.0,0.0,0.0,0.0,0.0,1.0,0.0,0.0,0.0,134450.0,-0.5872524001154803
-0.06491841398858939,-0.27851991789501057,0.04956994247524195,-0.8772345526330897,-0.012287638975857556,-1.021987401155326,0.2059921720278468,-1.0371220601333149,0.0,0.0,0.0,0.0,0.0,0.0,0.0,0.0,0.0,0.0,0.0,0.0,0.0,0.0,1.0,0.0,0.0,0.0,0.0,0.0,0.0,0.0,0.0,0.0,0.0,0.0,0.0,0.0,1.0,0.0,0.0,0.0,0.0,0.0,1.0,0.0,0.0,0.0,0.0,1.0,0.0,0.0,0.0,127000.0,-0.6803922017535848
-0.06491841398858939,-0.14621852212113046,0.1278789798603161,-0.9007243141064215,-0.038720937679975094,-1.021987401155326,0.2059921720278468,0.29818073040869925,0.0,1.0,0.0,0.0,0.0,0.0,0.0,0.0,0.0,0.0,0.0,0.0,0.0,0.0,0.0,0.0,0.0,0.0,0.0,0.0,0.0,0.0,0.0,0.0,0.0,0.0,0.0,0.0,1.0,0.0,0.0,0.0,0.0,0.0,1.0,0.0,0.0,0.0,0.0,1.0,0.0,0.0,0.0,163000.0,-0.23032067705938836
0.6358587812250798,0.8460419461829704,-0.10984488363008758,1.045010927934567,-0.0012737645158085818,0.7772367703207032,0.2059921720278468,0.29818073040869925,0.0,0.0,0.0,0.0,0.0,0.0,0.0,1.0,0.0,0.0,0.0,0.0,0.0,0.0,0.0,0.0,0.0,0.0,0.0,0.0,0.0,0.0,0.0,0.0,0.0,0.0,0.0,0.0,1.0,0.0,0.0,0.0,0.0,1.0,0.0,0.0,0.0,0.0,1.0,0.0,0.0,0.0,0.0,219500.0,0.47604157697455896
-1.4664728044159276,-0.7415748031035909,-0.3531622497908537,-0.9007243141064215,-2.3296068253701616,0.7772367703207032,-0.9976828844653559,0.29818073040869925,0.0,1.0,0.0,0.0,0.0,0.0,0.0,0.0,0.0,0.0,0.0,0.0,0.0,0.0,0.0,0.0,0.0,0.0,0.0,0.0,0.0,0.0,0.0,0.0,0.0,0.0,0.0,1.0,0.0,0.0,0.0,0.0,0.0,0.0,1.0,0.0,0.0,0.0,0.0,1.0,0.0,0.0,0.0,90000.0,-1.1429657132448423
2.037413171652418,1.1437200866742006,4.655707521465304,1.6400848852589738,3.5297743873758924,0.7772367703207032,1.4096672285210494,1.6334835209507133,0.0,0.0,0.0,0.0,0.0,0.0,0.0,0.0,0.0,0.0,0.0,0.0,0.0,0.0,0.0,0.0,0.0,0.0,0.0,0.0,0.0,0.0,0.0,1.0,0.0,0.0,0.0,0.0,1.0,0.0,0.0,0.0,0.0,1.0,0.0,0.0,0.0,0.0,0.0,0.0,1.0,0.0,0.0,591587.0,5.1278683383326005
-0.7656956092022585,0.18453496731356983,-0.13736491676827078,-0.9633636780353064,-0.2964456000451211,-1.021987401155326,-2.2013579409585584,0.29818073040869925,0.0,0.0,1.0,0.0,0.0,0.0,0.0,0.0,0.0,0.0,0.0,0.0,0.0,0.0,0.0,0.0,0.0,0.0,0.0,0.0,0.0,0.0,0.0,0.0,0.0,0.0,0.0,0.0,1.0,0.0,0.0,0.0,0.0,1.0,0.0,0.0,0.0,0.0,1.0,0.0,0.0,0.0,0.0,153500.0,-0.349089551631468
0.6358587812250798,1.1437200866742006,-0.17260398359155416,0.2032944751401755,1.2036441014135493,0.7772367703207032,0.2059921720278468,0.29818073040869925,0.0,0.0,0.0,0.0,0.0,0.0,0.0,1.0,0.0,0.0,0.0,0.0,0.0,0.0,0.0,0.0,0.0,0.0,0.0,0.0,0.0,0.0,0.0,0.0,0.0,0.0,0.0,0.0,1.0,0.0,0.0,0.0,0.0,1.0,0.0,0.0,0.0,0.0,1.0,0.0,0.0,0.0,0.0,220000.0,0.4822925703730895
-0.06491841398858939,-2.031513411898922,-0.3531622497908537,1.548083319488424,0.3445618935297292,0.7772367703207032,1.4096672285210494,0.29818073040869925,0.0,0.0,0.0,0.0,0.0,0.0,0.0,0.0,0.0,1.0,0.0,0.0,0.0,0.0,0.0,0.0,0.0,0.0,0.0,0.0,0.0,0.0,0.0,0.0,0.0,0.0,0.0,1.0,0.0,0.0,0.0,0.0,0.0,0.0,1.0,0.0,0.0,0.0,0.0,1.0,0.0,0.0,0.0,133900.0,-0.5941284928538638
0.6358587812250798,1.1106447377307307,0.648969688631281,0.058440946054629093,1.0406387594048243,0.7772367703207032,0.2059921720278468,0.29818073040869925,0.0,0.0,0.0,0.0,0.0,0.0,0.0,0.0,0.0,0.0,0.0,0.0,0.0,0.0,0.0,0.0,0.0,0.0,0.0,0.0,0.0,0.0,0.0,1.0,0.0,0.0,0.0,0.0,1.0,0.0,0.0,0.0,0.0,1.0,0.0,0.0,0.0,0.0,0.0,0.0,1.0,0.0,0.0,260000.0,0.9823720422555301
-0.7656956092022585,-0.34467061578195063,-0.20784305041483753,-1.2452408157152886,-0.426409318673699,-1.021987401155326,0.2059921720278468,0.29818073040869925,0.0,0.0,0.0,0.0,0.0,1.0,0.0,0.0,0.0,0.0,0.0,0.0,0.0,0.0,0.0,0.0,0.0,0.0,0.0,0.0,0.0,0.0,0.0,0.0,0.0,0.0,0.0,1.0,0.0,0.0,0.0,0.0,0.0,0.0,1.0,0.0,0.0,0.0,0.0,1.0,0.0,0.0,0.0,141000.0,-0.5053643865947307
1.336635976438749,0.9452679930133805,0.2643604450171596,2.3232454481083753,0.8754306425040898,0.7772367703207032,1.4096672285210494,1.6334835209507133,0.0,0.0,0.0,0.0,0.0,0.0,0.0,0.0,1.0,0.0,0.0,0.0,0.0,0.0,0.0,0.0,0.0,0.0,0.0,0.0,0.0,0.0,0.0,0.0,0.0,0.0,0.0,0.0,0.0,1.0,0.0,0.0,0.0,1.0,0.0,0.0,0.0,0.0,1.0,0.0,0.0,0.0,0.0,327000.0,1.820005157658618
1.336635976438749,0.7137405504090902,-0.08982014407019005,0.8042408728329153,-0.6180507342785512,0.7772367703207032,0.2059921720278468,0.29818073040869925,1.0,0.0,0.0,0.0,0.0,0.0,0.0,0.0,0.0,0.0,0.0,0.0,0.0,0.0,0.0,0.0,0.0,0.0,0.0,0.0,0.0,0.0,0.0,0.0,0.0,0.0,0.0,0.0,1.0,0.0,0.0,0.0,0.0,1.0,0.0,0.0,0.0,0.0,1.0,0.0,0.0,0.0,0.0,215000.0,0.4197826363877844
-0.06491841398858939,-0.3115952668384806,-0.12416425046621543,0.4225322488912728,-0.43962596802575776,-1.021987401155326,1.4096672285210494,0.29818073040869925,0.0,1.0,0.0,0.0,0.0,0.0,0.0,0.0,0.0,0.0,0.0,0.0,0.0,0.0,0.0,0.0,0.0,0.0,0.0,0.0,0.0,0.0,0.0,0.0,0.0,0.0,0.0,0.0,1.0,0.0,0.0,0.0,0.0,0.0,1.0,0.0,0.0,0.0,0.0,1.0,0.0,0.0,0.0,171000.0,-0.13030478268290024
-1.4664728044159276,-0.11314317317766043,0.04710880130028248,0.5243212152757109,1.5648991837031556,0.7772367703207032,1.4096672285210494,-2.372424850675329,0.0,0.0,0.0,0.0,0.0,1.0,0.0,0.0,0.0,0.0,0.0,0.0,0.0,0.0,0.0,0.0,0.0,0.0,0.0,0.0,0.0,0.0,0.0,0.0,0.0,0.0,0.0,0.0,1.0,0.0,0.0,0.0,0.0,0.0,1.0,0.0,0.0,0.0,0.0,1.0,0.0,0.0,0.0,136500.0,-0.5616233271815052
0.6358587812250798,1.0444940398437905,-0.2776499637409608,0.8766676373756885,-0.46385649183786554,0.7772367703207032,1.4096672285210494,0.29818073040869925,0.0,0.0,0.0,0.0,0.0,0.0,0.0,0.0,0.0,0.0,0.0,0.0,0.0,1.0,0.0,0.0,0.0,0.0,0.0,0.0,0.0,0.0,0.0,0.0,0.0,0.0,0.0,0.0,0.0,1.0,0.0,0.0,0.0,1.0,0.0,0.0,0.0,0.0,1.0,0.0,0.0,0.0,0.0,211000.0,0.3697746891995404
1.336635976438749,1.0444940398437905,0.3249940139638885,1.7614486528711883,0.05379560778443629,2.5764609417967326,1.4096672285210494,1.6334835209507133,0.0,0.0,0.0,1.0,0.0,0.0,0.0,0.0,0.0,0.0,0.0,0.0,0.0,0.0,0.0,0.0,0.0,0.0,0.0,0.0,0.0,0.0,0.0,0.0,0.0,0.0,0.0,0.0,0.0,1.0,0.0,0.0,0.0,1.0,0.0,0.0,0.0,0.0,1.0,0.0,0.0,0.0,0.0,290000.0,1.3574316461673606
-0.06491841398858939,-0.17929387106460049,-0.2972272230872293,0.6633023039929242,-0.6643090070107568,-1.021987401155326,1.4096672285210494,0.29818073040869925,0.0,1.0,0.0,0.0,0.0,0.0,0.0,0.0,0.0,0.0,0.0,0.0,0.0,0.0,0.0,0.0,0.0,0.0,0.0,0.0,0.0,0.0,0.0,0.0,0.0,0.0,0.0,0.0,1.0,0.0,0.0,0.0,0.0,0.0,1.0,0.0,0.0,0.0,0.0,1.0,0.0,0.0,0.0,155000.0,-0.33033657143587647
0.6358587812250798,1.0444940398437905,-0.21332468303179272,-0.3193527176414582,0.615503205246934,0.7772367703207032,0.2059921720278468,0.29818073040869925,0.0,0.0,0.0,0.0,0.0,0.0,0.0,1.0,0.0,0.0,0.0,0.0,0.0,0.0,0.0,0.0,0.0,0.0,0.0,0.0,0.0,0.0,0.0,0.0,0.0,0.0,0.0,0.0,1.0,0.0,0.0,0.0,0.0,1.0,0.0,0.0,0.0,0.0,1.0,0.0,0.0,0.0,0.0,185000.0,0.04472303247595397
-0.7656956092022585,-1.7007599224642218,-0.08467412161345661,1.6635746467323056,-0.18630685544463135,0.7772367703207032,1.4096672285210494,0.29818073040869925,0.0,0.0,0.0,0.0,0.0,0.0,0.0,0.0,0.0,1.0,0.0,0.0,0.0,0.0,0.0,0.0,0.0,0.0,0.0,0.0,0.0,0.0,0.0,0.0,0.0,0.0,0.0,0.0,0.0,0.0,0.0,1.0,0.0,0.0,1.0,0.0,0.0,0.0,0.0,1.0,0.0,0.0,0.0,130000.0,-0.6428862413624018
-0.7656956092022585,-0.4438966626123607,-0.5545283459239015,-1.2452408157152886,-0.426409318673699,-1.021987401155326,0.2059921720278468,-1.0371220601333149,0.0,0.0,0.0,0.0,0.0,0.0,0.0,0.0,0.0,0.0,1.0,0.0,0.0,0.0,0.0,0.0,0.0,0.0,0.0,0.0,0.0,0.0,0.0,0.0,0.0,0.0,0.0,0.0,1.0,0.0,0.0,0.0,0.0,0.0,1.0,0.0,0.0,0.0,0.0,1.0,0.0,0.0,0.0,118000.0,-0.792910082927134
-0.7656956092022585,-0.5100473604993008,0.15774828412005154,0.11716534973795872,0.20358430044110234,-1.021987401155326,-0.9976828844653559,-1.0371220601333149,0.0,0.0,0.0,0.0,0.0,0.0,0.0,0.0,0.0,0.0,0.0,0.0,1.0,0.0,0.0,0.0,0.0,0.0,0.0,0.0,0.0,0.0,0.0,0.0,0.0,0.0,0.0,0.0,1.0,0.0,0.0,0.0,0.0,0.0,1.0,0.0,0.0,0.0,0.0,1.0,0.0,0.0,0.0,103500.0,-0.9741888914845187
-0.06491841398858939,-0.6092734073297109,-0.09306437561900026,0.2130818757540638,-0.12683193336036688,-1.021987401155326,2.613342285014252,-1.0371220601333149,0.0,0.0,0.0,0.0,0.0,0.0,0.0,0.0,0.0,0.0,0.0,0.0,1.0,0.0,0.0,0.0,0.0,0.0,0.0,0.0,0.0,0.0,0.0,0.0,0.0,0.0,0.0,0.0,1.0,0.0,0.0,0.0,0.0,0.0,1.0,0.0,0.0,0.0,0.0,1.0,0.0,0.0,0.0,149900.0,-0.39409670410088765
0.6358587812250798,0.8129665972395004,0.4075541133784381,1.4874014356823166,0.5472171835946303,0.7772367703207032,0.2059921720278468,0.29818073040869925,0.0,0.0,0.0,0.0,0.0,0.0,1.0,0.0,0.0,0.0,0.0,0.0,0.0,0.0,0.0,0.0,0.0,0.0,0.0,0.0,0.0,0.0,0.0,0.0,0.0,0.0,0.0,0.0,1.0,0.0,0.0,0.0,0.0,1.0,0.0,0.0,0.0,0.0,0.0,0.0,1.0,0.0,0.0,328000.0,1.832507144455679
-0.7656956092022585,-0.013917126347250347,-0.21612143436697392,-1.237410895224178,-0.6378757083066393,-1.021987401155326,-0.9976828844653559,0.29818073040869925,0.0,0.0,0.0,0.0,0.0,1.0,0.0,0.0,0.0,0.0,0.0,0.0,0.0,0.0,0.0,0.0,0.0,0.0,0.0,0.0,0.0,0.0,0.0,0.0,0.0,0.0,0.0,1.0,0.0,0.0,0.0,0.0,0.0,0.0,1.0,0.0,0.0,0.0,1.0,0.0,0.0,0.0,0.0,119900.0,-0.7691563080127181
0.6358587812250798,1.0444940398437905,-0.8646321339687952,0.2463590378412839,-0.6466868078746785,0.7772367703207032,-0.9976828844653559,0.29818073040869925,0.0,0.0,0.0,1.0,0.0,0.0,0.0,0.0,0.0,0.0,0.0,0.0,0.0,0.0,0.0,0.0,0.0,0.0,0.0,0.0,0.0,0.0,0.0,0.0,0.0,0.0,0.0,0.0,0.0,1.0,0.0,0.0,0.0,1.0,0.0,0.0,0.0,0.0,1.0,0.0,0.0,0.0,0.0,175500.0,-0.07404584209612566
-1.4664728044159276,-1.7007599224642218,-0.15179615365780588,-1.2452408157152886,-1.0255640893003632,-1.021987401155326,0.2059921720278468,-1.0371220601333149,0.0,0.0,0.0,0.0,0.0,0.0,0.0,0.0,0.0,0.0,0.0,0.0,0.0,0.0,0.0,0.0,0.0,0.0,0.0,1.0,0.0,0.0,0.0,0.0,0.0,0.0,0.0,1.0,0.0,0.0,0.0,0.0,0.0,0.0,0.0,0.0,1.0,0.0,0.0,0.0,0.0,1.0,0.0,65000.0,-1.4555153831713679
0.6358587812250798,0.21761031625703986,-0.9008780312727438,-0.8713621122647567,0.0075373350522305975,0.7772367703207032,-0.9976828844653559,-1.0371220601333149,0.0,0.0,0.0,0.0,0.0,0.0,0.0,0.0,0.0,0.0,0.0,0.0,0.0,0.0,0.0,0.0,0.0,0.0,1.0,0.0,0.0,0.0,0.0,0.0,0.0,0.0,0.0,0.0,1.0,0.0,0.0,0.0,0.0,0.0,1.0,0.0,0.0,0.0,1.0,0.0,0.0,0.0,0.0,142500.0,-0.48661140639913913
-0.06491841398858939,-0.24544456895154054,0.0010183392964959724,-1.108217207120853,-0.3206761238572288,-1.021987401155326,-0.9976828844653559,-1.0371220601333149,0.0,0.0,0.0,0.0,0.0,1.0,0.0,0.0,0.0,0.0,0.0,0.0,0.0,0.0,0.0,0.0,0.0,0.0,0.0,0.0,0.0,0.0,0.0,0.0,0.0,0.0,0.0,0.0,1.0,0.0,0.0,0.0,0.0,0.0,1.0,0.0,0.0,0.0,0.0,1.0,0.0,0.0,0.0,132000.0,-0.6178822677682798
1.336635976438749,0.9452679930133805,-0.09082697455085528,1.4365069524900977,0.2256120493612003,0.7772367703207032,0.2059921720278468,1.6334835209507133,0.0,0.0,0.0,0.0,0.0,0.0,0.0,0.0,1.0,0.0,0.0,0.0,0.0,0.0,0.0,0.0,0.0,0.0,0.0,0.0,0.0,0.0,0.0,0.0,0.0,0.0,0.0,0.0,0.0,1.0,0.0,0.0,0.0,1.0,0.0,0.0,0.0,0.0,1.0,0.0,0.0,0.0,0.0,300000.0,1.4824515141379706
-0.7656956092022585,0.34991171203092,-0.420284281835203,-1.339199861608616,-0.5321425134901692,-1.021987401155326,0.2059921720278468,-1.0371220601333149,0.0,0.0,1.0,0.0,0.0,0.0,0.0,0.0,0.0,0.0,0.0,0.0,0.0,0.0,0.0,0.0,0.0,0.0,0.0,0.0,0.0,0.0,0.0,0.0,0.0,0.0,0.0,0.0,1.0,0.0,0.0,0.0,0.0,1.0,0.0,0.0,0.0,0.0,0.0,1.0,0.0,0.0,0.0,130500.0,-0.6366352479638713
0.6358587812250798,1.0114186909003204,0.1462256686191049,0.21699683599961908,1.1265469801932064,0.7772367703207032,0.2059921720278468,1.6334835209507133,0.0,0.0,0.0,0.0,0.0,0.0,0.0,1.0,0.0,0.0,0.0,0.0,0.0,0.0,0.0,0.0,0.0,0.0,0.0,0.0,0.0,0.0,0.0,0.0,0.0,0.0,0.0,0.0,1.0,0.0,0.0,0.0,0.0,1.0,0.0,0.0,0.0,0.0,1.0,0.0,0.0,0.0,0.0,250000.0,0.8573521742849199
2.738190366866087,0.8129665972395004,0.5891192100584028,5.8251773877575985,2.9482418158853068,2.5764609417967326,1.4096672285210494,1.6334835209507133,0.0,0.0,0.0,0.0,0.0,0.0,0.0,0.0,1.0,0.0,0.0,0.0,0.0,0.0,0.0,0.0,0.0,0.0,0.0,0.0,0.0,0.0,0.0,0.0,0.0,0.0,0.0,0.0,1.0,0.0,0.0,0.0,0.0,0.0,0.0,1.0,0.0,0.0,0.0,0.0,1.0,0.0,0.0,745000.0,7.0458356388301215
-1.4664728044159276,-1.5353831777468716,-0.00815500508289843,-0.42897160451700683,0.20578707533311213,0.7772367703207032,-2.2013579409585584,0.29818073040869925,0.0,0.0,0.0,0.0,0.0,0.0,0.0,0.0,0.0,1.0,0.0,0.0,0.0,0.0,0.0,0.0,0.0,0.0,0.0,0.0,0.0,0.0,0.0,0.0,0.0,0.0,0.0,1.0,0.0,0.0,0.0,0.0,0.0,0.0,1.0,0.0,0.0,0.0,0.0,1.0,0.0,0.0,0.0,128500.0,-0.6616392215579934
2.037413171652418,1.2429461335046108,0.06444865957840604,0.3520629644712772,1.0957081317050692,-1.021987401155326,-2.2013579409585584,1.6334835209507133,0.0,0.0,0.0,0.0,0.0,0.0,0.0,1.0,0.0,0.0,0.0,0.0,0.0,0.0,0.0,0.0,0.0,0.0,0.0,0.0,0.0,0.0,0.0,0.0,0.0,0.0,0.0,0.0,1.0,0.0,0.0,0.0,0.0,0.0,0.0,1.0,0.0,0.0,0.0,0.0,1.0,0.0,0.0,323262.0,1.773272731011204
-1.4664728044159276,-0.4108213136688907,-0.44153959198258025,-1.2217510542419567,-0.39997601996958143,-1.021987401155326,0.2059921720278468,-1.0371220601333149,0.0,0.0,0.0,0.0,0.0,0.0,0.0,0.0,0.0,0.0,0.0,0.0,1.0,0.0,0.0,0.0,0.0,0.0,0.0,0.0,0.0,0.0,0.0,0.0,0.0,0.0,0.0,1.0,0.0,0.0,0.0,0.0,0.0,0.0,1.0,0.0,0.0,0.0,0.0,1.0,0.0,0.0,0.0,85000.0,-1.2054756472301476
-0.7656956092022585,0.18453496731356983,-0.21891818570215515,1.0176062062156797,-2.3296068253701616,0.7772367703207032,1.4096672285210494,0.29818073040869925,1.0,0.0,0.0,0.0,0.0,0.0,0.0,0.0,0.0,0.0,0.0,0.0,0.0,0.0,0.0,0.0,0.0,0.0,0.0,0.0,0.0,0.0,0.0,0.0,0.0,0.0,0.0,1.0,0.0,0.0,0.0,0.0,0.0,0.0,1.0,0.0,0.0,0.0,0.0,1.0,0.0,0.0,0.0,144000.0,-0.4678584262035476
0.6358587812250798,-0.04699247529072038,1.067587428481206,1.383654989175101,1.959195889372909,0.7772367703207032,0.2059921720278468,0.29818073040869925,0.0,1.0,0.0,0.0,0.0,0.0,0.0,0.0,0.0,0.0,0.0,0.0,0.0,0.0,0.0,0.0,0.0,0.0,0.0,0.0,0.0,0.0,0.0,0.0,0.0,0.0,0.0,0.0,1.0,0.0,0.0,0.0,0.0,0.0,1.0,0.0,0.0,0.0,1.0,0.0,0.0,0.0,0.0,180000.0,-0.017786901509351104
-0.06491841398858939,0.31683636308744995,0.24489505572429834,-0.1177322649953598,0.8423890191239428,0.7772367703207032,0.2059921720278468,0.29818073040869925,0.0,0.0,0.0,0.0,0.0,0.0,0.0,0.0,0.0,0.0,0.0,0.0,0.0,0.0,1.0,0.0,0.0,0.0,0.0,0.0,0.0,0.0,0.0,0.0,0.0,0.0,0.0,0.0,1.0,0.0,0.0,0.0,0.0,1.0,0.0,0.0,0.0,0.0,1.0,0.0,0.0,0.0,0.0,182900.0,0.01846886020212584
-0.06491841398858939,0.1514596183700998,-0.607331011132123,-1.061237684174189,0.04498450821639711,0.7772367703207032,-0.9976828844653559,0.29818073040869925,0.0,0.0,0.0,0.0,0.0,0.0,0.0,0.0,0.0,0.0,0.0,0.0,0.0,0.0,0.0,0.0,0.0,0.0,1.0,0.0,0.0,0.0,0.0,0.0,0.0,0.0,0.0,0.0,1.0,0.0,0.0,0.0,0.0,0.0,1.0,0.0,0.0,0.0,1.0,0.0,0.0,0.0,0.0,128000.0,-0.6678902149565239
1.336635976438749,1.1106447377307307,0.12194986702973191,0.9079873193401311,1.9966430625370755,0.7772367703207032,0.2059921720278468,1.6334835209507133,0.0,0.0,0.0,0.0,0.0,0.0,0.0,0.0,0.0,0.0,0.0,0.0,0.0,0.0,0.0,1.0,0.0,0.0,0.0,0.0,0.0,0.0,0.0,0.0,0.0,0.0,0.0,0.0,1.0,0.0,0.0,0.0,0.0,1.0,0.0,0.0,0.0,0.0,0.0,0.0,1.0,0.0,0.0,370000.0,2.357590589932242
1.336635976438749,0.5152884567482701,-0.7445955666628172,-0.5796975739708862,0.29389807101350396,0.7772367703207032,-0.9976828844653559,0.29818073040869925,0.0,0.0,0.0,0.0,0.0,0.0,0.0,0.0,0.0,0.0,0.0,0.0,0.0,0.0,0.0,0.0,0.0,0.0,0.0,0.0,0.0,0.0,0.0,1.0,0.0,0.0,0.0,0.0,1.0,0.0,0.0,0.0,0.0,0.0,1.0,0.0,0.0,0.0,1.0,0.0,0.0,0.0,0.0,130000.0,-0.6428862413624018
-0.06491841398858939,1.1437200866742006,-0.07024288472392151,0.48125665257460243,-0.792069950747325,0.7772367703207032,0.2059921720278468,1.6334835209507133,0.0,0.0,0.0,0.0,0.0,0.0,0.0,0.0,0.0,0.0,0.0,0.0,0.0,1.0,0.0,0.0,0.0,0.0,0.0,0.0,0.0,0.0,0.0,0.0,0.0,0.0,0.0,0.0,0.0,1.0,0.0,0.0,0.0,1.0,0.0,0.0,0.0,0.0,1.0,0.0,0.0,0.0,0.0,198444.0,0.21279974297564225
-0.06491841398858939,-0.4438966626123607,-0.09988844887684244,-0.8224251091953153,0.0493900580004167,-1.021987401155326,0.2059921720278468,-1.0371220601333149,0.0,1.0,0.0,0.0,0.0,0.0,0.0,0.0,0.0,0.0,0.0,0.0,0.0,0.0,0.0,0.0,0.0,0.0,0.0,0.0,0.0,0.0,0.0,0.0,0.0,0.0,0.0,0.0,1.0,0.0,0.0,0.0,0.0,0.0,1.0,0.0,0.0,0.0,0.0,1.0,0.0,0.0,0.0,136000.0,-0.5678743205800357
-0.7656956092022585,-2.031513411898922,-0.17674317556762237,-1.3783494640641691,-0.5761980113303651,-1.021987401155326,-0.9976828844653559,-2.372424850675329,0.0,0.0,0.0,0.0,0.0,0.0,0.0,0.0,0.0,0.0,0.0,0.0,1.0,0.0,0.0,0.0,0.0,0.0,0.0,0.0,0.0,0.0,0.0,0.0,0.0,0.0,0.0,0.0,1.0,0.0,0.0,0.0,0.0,0.0,1.0,0.0,0.0,0.0,0.0,0.0,0.0,1.0,0.0,85000.0,-1.2054756472301476
-1.4664728044159276,-0.5431227094427709,-0.24442455787900788,-1.2452408157152886,-0.426409318673699,-1.021987401155326,0.2059921720278468,0.29818073040869925,0.0,0.0,0.0,0.0,0.0,0.0,0.0,0.0,0.0,0.0,0.0,0.0,1.0,0.0,0.0,0.0,0.0,0.0,0.0,0.0,0.0,0.0,0.0,0.0,0.0,0.0,0.0,1.0,0.0,0.0,0.0,0.0,0.0,0.0,1.0,0.0,0.0,0.0,0.0,1.0,0.0,0.0,0.0,79275.0,-1.2770495216433218
-1.4664728044159276,-2.3622669013336224,-0.18401472903909352,-0.6305920571631052,-0.43742319313374795,-1.021987401155326,-0.9976828844653559,-1.0371220601333149,0.0,0.0,0.0,0.0,0.0,0.0,0.0,0.0,0.0,0.0,0.0,0.0,0.0,0.0,0.0,0.0,0.0,0.0,0.0,1.0,0.0,0.0,0.0,0.0,0.0,0.0,0.0,1.0,0.0,0.0,0.0,0.0,0.0,0.0,1.0,0.0,0.0,0.0,0.0,1.0,0.0,0.0,0.0,102776.0,-0.9832403299255909
2.037413171652418,1.0444940398437905,0.16658601833922418,0.5713007382223745,1.6177657811113906,0.7772367703207032,-0.9976828844653559,1.6334835209507133,0.0,0.0,0.0,1.0,0.0,0.0,0.0,0.0,0.0,0.0,0.0,0.0,0.0,0.0,0.0,0.0,0.0,0.0,0.0,0.0,0.0,0.0,0.0,0.0,0.0,0.0,0.0,0.0,1.0,0.0,0.0,0.0,0.0,0.0,0.0,1.0,0.0,0.0,0.0,0.0,1.0,0.0,0.0,374000.0,2.4075985371204855
-0.06491841398858939,0.01915822259621968,0.28852437655312535,-0.20581887052035425,-0.7370005784470801,-1.021987401155326,0.2059921720278468,0.29818073040869925,0.0,0.0,0.0,0.0,0.0,0.0,0.0,0.0,0.0,0.0,0.0,0.0,0.0,0.0,1.0,0.0,0.0,0.0,0.0,0.0,0.0,0.0,0.0,0.0,0.0,0.0,0.0,0.0,1.0,0.0,0.0,0.0,0.0,0.0,1.0,0.0,0.0,0.0,0.0,1.0,0.0,0.0,0.0,162000.0,-0.24282266385644938
1.336635976438749,1.1106447377307307,0.23381992043698072,0.9079873193401311,0.09344555584061259,0.7772367703207032,0.2059921720278468,0.29818073040869925,0.0,0.0,0.0,0.0,1.0,0.0,0.0,0.0,0.0,0.0,0.0,0.0,0.0,0.0,0.0,0.0,0.0,0.0,0.0,0.0,0.0,0.0,0.0,0.0,0.0,0.0,0.0,0.0,0.0,1.0,0.0,0.0,0.0,1.0,0.0,0.0,0.0,0.0,1.0,0.0,0.0,0.0,0.0,252000.0,0.8823561478790419
1.336635976438749,1.0114186909003204,0.5037623593086721,0.5595558574857086,1.5869269326232536,0.7772367703207032,0.2059921720278468,1.6334835209507133,0.0,0.0,0.0,0.0,0.0,0.0,0.0,1.0,0.0,0.0,0.0,0.0,0.0,0.0,0.0,0.0,0.0,0.0,0.0,0.0,0.0,0.0,0.0,0.0,0.0,0.0,0.0,0.0,1.0,0.0,0.0,0.0,0.0,1.0,0.0,0.0,0.0,0.0,0.0,0.0,1.0,0.0,0.0,300000.0,1.4824515141379706
-0.7656956092022585,-0.27851991789501057,-0.1250592108934734,-1.0573227239286338,-0.21494292904075868,-1.021987401155326,0.2059921720278468,-1.0371220601333149,0.0,0.0,0.0,0.0,0.0,1.0,0.0,0.0,0.0,0.0,0.0,0.0,0.0,0.0,0.0,0.0,0.0,0.0,0.0,0.0,0.0,0.0,0.0,0.0,0.0,0.0,0.0,0.0,1.0,0.0,0.0,0.0,0.0,1.0,0.0,0.0,0.0,0.0,0.0,1.0,0.0,0.0,0.0,144900.0,-0.45660663808619273
-0.06491841398858939,0.7137405504090902,-0.25516408300610377,-0.6482093782681041,0.2256120493612003,0.7772367703207032,0.2059921720278468,0.29818073040869925,0.0,0.0,0.0,0.0,0.0,0.0,0.0,0.0,0.0,0.0,0.0,0.0,0.0,1.0,0.0,0.0,0.0,0.0,0.0,0.0,0.0,0.0,0.0,0.0,0.0,0.0,0.0,0.0,1.0,0.0,0.0,0.0,0.0,0.0,1.0,0.0,0.0,0.0,1.0,0.0,0.0,0.0,0.0,183500.0,0.02597005228036245
-0.06491841398858939,0.2506856652005099,-0.27574817283303754,-1.1395368890852953,-0.3074594745051701,0.7772367703207032,-0.9976828844653559,-1.0371220601333149,1.0,0.0,0.0,0.0,0.0,0.0,0.0,0.0,0.0,0.0,0.0,0.0,0.0,0.0,0.0,0.0,0.0,0.0,0.0,0.0,0.0,0.0,0.0,0.0,0.0,0.0,0.0,0.0,1.0,0.0,0.0,0.0,0.0,0.0,1.0,0.0,0.0,0.0,1.0,0.0,0.0,0.0,0.0,99500.0,-1.0241968386727627
-0.06491841398858939,1.0444940398437905,-0.6624829474618966,-1.2765604976797311,-0.4616537169458557,-1.021987401155326,-2.2013579409585584,0.29818073040869925,0.0,0.0,0.0,0.0,0.0,0.0,0.0,1.0,0.0,0.0,0.0,0.0,0.0,0.0,0.0,0.0,0.0,0.0,0.0,0.0,0.0,0.0,0.0,0.0,0.0,0.0,0.0,0.0,1.0,0.0,0.0,0.0,0.0,1.0,0.0,0.0,0.0,0.0,1.0,0.0,0.0,0.0,0.0,140000.0,-0.5178663733917916
-1.4664728044159276,-0.37774596472542066,-0.326760917186743,-1.1865164120319591,-0.36032607191340515,-1.021987401155326,-0.9976828844653559,0.29818073040869925,0.0,1.0,0.0,0.0,0.0,0.0,0.0,0.0,0.0,0.0,0.0,0.0,0.0,0.0,0.0,0.0,0.0,0.0,0.0,0.0,0.0,0.0,0.0,0.0,0.0,0.0,0.0,1.0,0.0,0.0,0.0,0.0,0.0,0.0,1.0,0.0,0.0,0.0,0.0,1.0,0.0,0.0,0.0,141500.0,-0.4991133931962002
-0.06491841398858939,0.18453496731356983,0.626483807896424,-0.28216059530868276,0.4106451402900231,0.7772367703207032,0.2059921720278468,0.29818073040869925,0.0,0.0,1.0,0.0,0.0,0.0,0.0,0.0,0.0,0.0,0.0,0.0,0.0,0.0,0.0,0.0,0.0,0.0,0.0,0.0,0.0,0.0,0.0,0.0,0.0,0.0,0.0,0.0,1.0,0.0,0.0,0.0,0.0,0.0,1.0,0.0,0.0,0.0,1.0,0.0,0.0,0.0,0.0,188000.0,0.08222899286713702
-1.4664728044159276,-1.6015338756338118,-0.5833908197029717,-0.40743932316645265,-0.23917345285286642,-1.021987401155326,0.2059921720278468,-1.0371220601333149,0.0,0.0,0.0,0.0,0.0,0.0,0.0,0.0,0.0,0.0,0.0,0.0,1.0,0.0,0.0,0.0,0.0,0.0,0.0,0.0,0.0,0.0,0.0,0.0,0.0,0.0,0.0,1.0,0.0,0.0,0.0,0.0,0.0,1.0,0.0,0.0,0.0,0.0,0.0,1.0,0.0,0.0,0.0,108000.0,-0.9179299508977441
-0.06491841398858939,-0.6423487562731809,2.333956433051262,-0.051177940820919546,1.2653217983898235,-1.021987401155326,0.2059921720278468,0.29818073040869925,0.0,0.0,0.0,0.0,0.0,0.0,0.0,0.0,0.0,0.0,0.0,0.0,0.0,1.0,0.0,0.0,0.0,0.0,0.0,0.0,0.0,0.0,0.0,0.0,0.0,0.0,0.0,0.0,1.0,0.0,0.0,0.0,0.0,0.0,1.0,0.0,0.0,0.0,0.0,1.0,0.0,0.0,0.0,115000.0,-0.8304160433183171
-0.7656956092022585,-0.774650152047061,0.4927990940747617,1.604850243048976,-2.3296068253701616,0.7772367703207032,-0.9976828844653559,0.29818073040869925,0.0,0.0,0.0,0.0,0.0,0.0,0.0,0.0,0.0,0.0,0.0,0.0,0.0,1.0,0.0,0.0,0.0,0.0,0.0,0.0,0.0,0.0,0.0,0.0,0.0,0.0,0.0,0.0,1.0,0.0,0.0,0.0,0.0,0.0,1.0,0.0,0.0,0.0,0.0,1.0,0.0,0.0,0.0,169000.0,-0.15530875627702226
-0.7656956092022585,-0.4438966626123607,0.1250822285251349,0.539981056257932,1.1595886035733534,0.7772367703207032,1.4096672285210494,1.6334835209507133,0.0,1.0,0.0,0.0,0.0,0.0,0.0,0.0,0.0,0.0,0.0,0.0,0.0,0.0,0.0,0.0,0.0,0.0,0.0,0.0,0.0,0.0,0.0,0.0,0.0,0.0,0.0,1.0,0.0,0.0,0.0,0.0,0.0,0.0,1.0,0.0,0.0,0.0,0.0,1.0,0.0,0.0,0.0,110000.0,-0.8929259773036221
-0.06491841398858939,0.8791172951264404,0.09252804298362549,0.2600613987007275,-0.27662062601703297,0.7772367703207032,0.2059921720278468,0.29818073040869925,0.0,0.0,0.0,0.0,0.0,0.0,0.0,0.0,0.0,0.0,0.0,0.0,0.0,1.0,0.0,0.0,0.0,0.0,0.0,0.0,0.0,0.0,0.0,0.0,0.0,0.0,0.0,0.0,1.0,0.0,0.0,0.0,0.0,0.0,1.0,0.0,0.0,0.0,1.0,0.0,0.0,0.0,0.0,183000.0,0.019719058881831942
0.6358587812250798,-1.3369310840860515,-0.2907387599896089,0.6221952214145935,-0.038720937679975094,-1.021987401155326,1.4096672285210494,-1.0371220601333149,0.0,0.0,0.0,0.0,0.0,0.0,0.0,0.0,0.0,0.0,0.0,0.0,0.0,0.0,0.0,0.0,0.0,0.0,0.0,1.0,0.0,0.0,0.0,0.0,0.0,0.0,0.0,1.0,0.0,0.0,0.0,0.0,0.0,0.0,1.0,0.0,0.0,0.0,0.0,1.0,0.0,0.0,0.0,169500.0,-0.14905776287849176
2.037413171652418,1.2098707845611407,0.39536027755704795,2.5875052646833585,1.4900048373748225,2.5764609417967326,1.4096672285210494,1.6334835209507133,0.0,0.0,0.0,1.0,0.0,0.0,0.0,0.0,0.0,0.0,0.0,0.0,0.0,0.0,0.0,0.0,0.0,0.0,0.0,0.0,0.0,0.0,0.0,0.0,0.0,0.0,0.0,0.0,0.0,1.0,0.0,0.0,0.0,0.0,0.0,1.0,0.0,0.0,0.0,0.0,1.0,0.0,0.0,582933.0,5.019676144590835
-0.06491841398858939,1.2429461335046108,-0.716628053311005,-0.5405479715153331,-0.9815085914601673,0.7772367703207032,-0.9976828844653559,0.29818073040869925,0.0,0.0,0.0,0.0,1.0,0.0,0.0,0.0,0.0,0.0,0.0,0.0,0.0,0.0,0.0,0.0,0.0,0.0,0.0,0.0,0.0,0.0,0.0,0.0,0.0,0.0,0.0,1.0,0.0,0.0,0.0,0.0,0.0,1.0,0.0,0.0,0.0,0.0,1.0,0.0,0.0,0.0,0.0,164500.0,-0.21156769686379684
-0.06491841398858939,1.1437200866742006,0.3378590701057221,0.6770046648523679,1.7146878763598217,0.7772367703207032,0.2059921720278468,0.29818073040869925,0.0,0.0,0.0,0.0,0.0,0.0,0.0,1.0,0.0,0.0,0.0,0.0,0.0,0.0,0.0,0.0,0.0,0.0,0.0,0.0,0.0,0.0,0.0,0.0,0.0,0.0,0.0,0.0,1.0,0.0,0.0,0.0,0.0,1.0,0.0,0.0,0.0,0.0,1.0,0.0,0.0,0.0,0.0,233555.0,0.6517570014072516
1.336635976438749,1.1767954356176706,-0.09362372588603651,0.285508640296837,1.2785384477418822,0.7772367703207032,0.2059921720278468,1.6334835209507133,0.0,0.0,0.0,0.0,0.0,0.0,0.0,0.0,0.0,0.0,0.0,0.0,0.0,0.0,0.0,1.0,0.0,0.0,0.0,0.0,0.0,0.0,0.0,0.0,0.0,0.0,0.0,0.0,1.0,0.0,0.0,0.0,0.0,1.0,0.0,0.0,0.0,0.0,1.0,0.0,0.0,0.0,0.0,293077.0,1.3959002595419172
0.6358587812250798,1.1437200866742006,0.06478426973862779,0.048653545440740825,0.9965832615646285,0.7772367703207032,0.2059921720278468,0.29818073040869925,0.0,0.0,0.0,0.0,0.0,0.0,0.0,0.0,0.0,0.0,0.0,0.0,0.0,1.0,0.0,0.0,0.0,0.0,0.0,0.0,0.0,0.0,0.0,0.0,0.0,0.0,0.0,0.0,1.0,0.0,0.0,0.0,0.0,1.0,0.0,0.0,0.0,0.0,1.0,0.0,0.0,0.0,0.0,206580.0,0.31451590755653064
2.037413171652418,0.9452679930133805,0.07753745582705415,1.2779510625451078,0.8423890191239428,0.7772367703207032,0.2059921720278468,1.6334835209507133,0.0,0.0,0.0,0.0,0.0,0.0,0.0,1.0,0.0,0.0,0.0,0.0,0.0,0.0,0.0,0.0,0.0,0.0,0.0,0.0,0.0,0.0,0.0,0.0,0.0,0.0,0.0,0.0,1.0,0.0,0.0,0.0,0.0,0.0,0.0,1.0,0.0,0.0,0.0,0.0,1.0,0.0,0.0,313000.0,1.6449773424997638
-0.7656956092022585,-0.6092734073297109,-0.3102041492824702,-0.9085542345975322,-0.047532037248014275,-1.021987401155326,0.2059921720278468,-1.0371220601333149,0.0,1.0,0.0,0.0,0.0,0.0,0.0,0.0,0.0,0.0,0.0,0.0,0.0,0.0,0.0,0.0,0.0,0.0,0.0,0.0,0.0,0.0,0.0,0.0,0.0,0.0,0.0,0.0,1.0,0.0,0.0,0.0,0.0,0.0,1.0,0.0,0.0,0.0,0.0,1.0,0.0,0.0,0.0,112900.0,-0.8566702155921452
-0.06491841398858939,0.1514596183700998,0.10919668094130555,-0.8576597514053131,-0.06295146149208283,-1.021987401155326,0.2059921720278468,0.29818073040869925,0.0,0.0,1.0,0.0,0.0,0.0,0.0,0.0,0.0,0.0,0.0,0.0,0.0,0.0,0.0,0.0,0.0,0.0,0.0,0.0,0.0,0.0,0.0,0.0,0.0,0.0,0.0,0.0,1.0,0.0,0.0,0.0,0.0,0.0,1.0,0.0,0.0,0.0,1.0,0.0,0.0,0.0,0.0,146800.0,-0.4328528631717768
-0.7656956092022585,-1.3700064330295214,-0.603751169423091,0.3011684812790582,-1.6753826824432527,0.7772367703207032,0.2059921720278468,-1.0371220601333149,0.0,0.0,0.0,0.0,0.0,0.0,0.0,0.0,0.0,0.0,0.0,1.0,0.0,0.0,0.0,0.0,0.0,0.0,0.0,0.0,0.0,0.0,0.0,0.0,0.0,0.0,0.0,1.0,0.0,0.0,0.0,0.0,0.0,0.0,1.0,0.0,0.0,0.0,0.0,1.0,0.0,0.0,0.0,137000.0,-0.5553723337829747
2.738190366866087,-2.5937943439379127,0.3516190866748137,2.4955036989128088,0.3952257160459545,2.5764609417967326,0.2059921720278468,0.29818073040869925,0.0,0.0,0.0,0.0,0.0,0.0,0.0,0.0,0.0,1.0,0.0,0.0,0.0,0.0,0.0,0.0,0.0,0.0,0.0,0.0,0.0,0.0,0.0,0.0,0.0,0.0,0.0,1.0,0.0,0.0,0.0,0.0,0.0,1.0,0.0,0.0,0.0,0.0,0.0,1.0,0.0,0.0,0.0,325000.0,1.795001184064496
-1.4664728044159276,-0.4108213136688907,-0.11599773656748627,-0.5385904913925554,-0.23697067796085663,-1.021987401155326,0.2059921720278468,-2.372424850675329,0.0,1.0,0.0,0.0,0.0,0.0,0.0,0.0,0.0,0.0,0.0,0.0,0.0,0.0,0.0,0.0,0.0,0.0,0.0,0.0,0.0,0.0,0.0,0.0,0.0,0.0,0.0,0.0,1.0,0.0,0.0,0.0,0.0,0.0,1.0,0.0,0.0,0.0,0.0,1.0,0.0,0.0,0.0,128950.0,-0.6560133274993158
-0.06491841398858939,-1.5353831777468716,-0.37486504015185995,-0.5170582100420013,-0.6378757083066393,0.7772367703207032,0.2059921720278468,-1.0371220601333149,0.0,0.0,0.0,0.0,0.0,0.0,0.0,0.0,0.0,0.0,0.0,0.0,0.0,0.0,0.0,0.0,0.0,0.0,0.0,1.0,0.0,0.0,0.0,0.0,0.0,0.0,0.0,1.0,0.0,0.0,0.0,0.0,0.0,0.0,1.0,0.0,0.0,0.0,0.0,1.0,0.0,0.0,0.0,127000.0,-0.6803922017535848
-0.7656956092022585,0.01915822259621968,-0.970684944598867,-0.3878645219386761,-0.9418586434039911,0.7772367703207032,0.2059921720278468,-1.0371220601333149,0.0,0.0,0.0,0.0,0.0,0.0,0.0,0.0,0.0,0.0,0.0,0.0,0.0,0.0,0.0,0.0,0.0,0.0,0.0,0.0,0.0,1.0,0.0,0.0,0.0,0.0,0.0,1.0,0.0,0.0,0.0,0.0,0.0,0.0,1.0,0.0,0.0,0.0,0.0,1.0,0.0,0.0,0.0,119500.0,-0.7741571027315425
0.6358587812250798,1.0775693887872606,0.4715437839273844,0.058440946054629093,1.0406387594048243,0.7772367703207032,0.2059921720278468,1.6334835209507133,0.0,0.0,0.0,0.0,0.0,0.0,0.0,0.0,0.0,0.0,0.0,0.0,0.0,1.0,0.0,0.0,0.0,0.0,0.0,0.0,0.0,0.0,0.0,0.0,0.0,0.0,0.0,0.0,1.0,0.0,0.0,0.0,0.0,1.0,0.0,0.0,0.0,0.0,1.0,0.0,0.0,0.0,0.0,259000.0,0.969870055458469
-0.7656956092022585,-1.6015338756338118,-0.14508395045337094,0.64177002264237,-0.43742319313374795,0.7772367703207032,0.2059921720278468,0.29818073040869925,0.0,0.0,0.0,0.0,0.0,0.0,0.0,0.0,0.0,0.0,0.0,0.0,0.0,0.0,0.0,0.0,0.0,0.0,0.0,1.0,0.0,0.0,0.0,0.0,0.0,0.0,0.0,1.0,0.0,0.0,0.0,0.0,0.0,1.0,0.0,0.0,0.0,0.0,1.0,0.0,0.0,0.0,0.0,150909.0,-0.3814821994226531
-0.7656956092022585,0.11838426942662977,0.7036741447474256,0.39317004704960795,0.7322502745234531,0.7772367703207032,0.2059921720278468,0.29818073040869925,0.0,0.0,0.0,0.0,0.0,1.0,0.0,0.0,0.0,0.0,0.0,0.0,0.0,0.0,0.0,0.0,0.0,0.0,0.0,0.0,0.0,0.0,0.0,0.0,0.0,0.0,0.0,0.0,0.0,0.0,1.0,0.0,0.0,0.0,1.0,0.0,0.0,0.0,1.0,0.0,0.0,0.0,0.0,171000.0,-0.13030478268290024
-2.868027194843266,-0.8408008499340011,-0.3407446738626491,-2.139809231824677,-1.4330774443221752,-1.021987401155326,-2.2013579409585584,-1.0371220601333149,0.0,0.0,0.0,0.0,0.0,0.0,0.0,0.0,0.0,1.0,0.0,0.0,0.0,0.0,0.0,0.0,0.0,0.0,0.0,0.0,0.0,0.0,0.0,0.0,0.0,0.0,0.0,1.0,0.0,0.0,0.0,0.0,0.0,0.0,1.0,0.0,0.0,0.0,0.0,1.0,0.0,0.0,0.0,46500.0,-1.6868021389169965
-0.06491841398858939,-0.4438966626123607,0.013995265491736832,-0.7088912620742114,-1.0343751888684023,-1.021987401155326,0.2059921720278468,-1.0371220601333149,0.0,1.0,0.0,0.0,0.0,0.0,0.0,0.0,0.0,0.0,0.0,0.0,0.0,0.0,0.0,0.0,0.0,0.0,0.0,0.0,0.0,0.0,0.0,0.0,0.0,0.0,0.0,0.0,1.0,0.0,0.0,0.0,0.0,0.0,1.0,0.0,0.0,0.0,0.0,1.0,0.0,0.0,0.0,145000.0,-0.4553564394064866
-0.06491841398858939,-0.6092734073297109,0.2017132151091003,0.009503942985187737,0.9855693871045795,-1.021987401155326,-0.9976828844653559,0.29818073040869925,0.0,1.0,0.0,0.0,0.0,0.0,0.0,0.0,0.0,0.0,0.0,0.0,0.0,0.0,0.0,0.0,0.0,0.0,0.0,0.0,0.0,0.0,0.0,0.0,0.0,0.0,0.0,0.0,1.0,0.0,0.0,0.0,0.0,0.0,1.0,0.0,0.0,0.0,0.0,1.0,0.0,0.0,0.0,149500.0,-0.39909749881971207
1.336635976438749,0.31683636308744995,-0.08467412161345661,2.0041761880956175,3.2301970020625603,0.7772367703207032,1.4096672285210494,0.29818073040869925,0.0,0.0,0.0,0.0,0.0,0.0,0.0,0.0,0.0,0.0,0.0,0.0,0.0,0.0,1.0,0.0,0.0,0.0,0.0,0.0,0.0,0.0,0.0,0.0,0.0,0.0,0.0,0.0,1.0,0.0,0.0,0.0,0.0,1.0,0.0,0.0,0.0,0.0,1.0,0.0,0.0,0.0,0.0,278000.0,1.2074078046026284
2.037413171652418,0.9452679930133805,-0.12573043121391692,2.652102108735021,1.0626665083249223,0.7772367703207032,1.4096672285210494,1.6334835209507133,0.0,0.0,0.0,0.0,0.0,0.0,0.0,0.0,1.0,0.0,0.0,0.0,0.0,0.0,0.0,0.0,0.0,0.0,0.0,0.0,0.0,0.0,0.0,0.0,0.0,0.0,0.0,0.0,1.0,0.0,0.0,0.0,0.0,0.0,0.0,1.0,0.0,0.0,0.0,0.0,1.0,0.0,0.0,405000.0,2.795160127829377
-0.7656956092022585,-0.3115952668384806,-0.2901794097225726,-0.4250566442714515,-0.27882340090904273,-1.021987401155326,0.2059921720278468,0.29818073040869925,0.0,1.0,0.0,0.0,0.0,0.0,0.0,0.0,0.0,0.0,0.0,0.0,0.0,0.0,0.0,0.0,0.0,0.0,0.0,0.0,0.0,0.0,0.0,0.0,0.0,0.0,0.0,1.0,0.0,0.0,0.0,0.0,0.0,0.0,1.0,0.0,0.0,0.0,0.0,1.0,0.0,0.0,0.0,140000.0,-0.5178663733917916
-0.06491841398858939,0.01915822259621968,-0.11152293443119632,-0.23322359223924138,0.2278148242532101,-1.021987401155326,0.2059921720278468,0.29818073040869925,0.0,0.0,0.0,0.0,0.0,0.0,0.0,0.0,0.0,0.0,0.0,0.0,0.0,0.0,1.0,0.0,0.0,0.0,0.0,0.0,0.0,0.0,0.0,0.0,0.0,0.0,0.0,0.0,1.0,0.0,0.0,0.0,0.0,1.0,0.0,0.0,0.0,0.0,0.0,1.0,0.0,0.0,0.0,197500.0,0.20099786743921666
-2.167249999629597,-2.693020390768323,0.04956994247524195,-1.5173305527813825,-0.9418586434039911,-1.021987401155326,-2.2013579409585584,-1.0371220601333149,0.0,0.0,0.0,0.0,0.0,0.0,0.0,0.0,0.0,1.0,0.0,0.0,0.0,0.0,0.0,0.0,0.0,0.0,0.0,0.0,0.0,0.0,0.0,0.0,0.0,0.0,0.0,1.0,0.0,0.0,0.0,0.0,0.0,0.0,1.0,0.0,0.0,0.0,0.0,1.0,0.0,0.0,0.0,78500.0,-1.286738561411044
0.6358587812250798,1.0444940398437905,-0.6611405068210097,-0.8224251091953153,-1.1621361326049704,0.7772367703207032,-0.9976828844653559,0.29818073040869925,0.0,0.0,0.0,0.0,1.0,0.0,0.0,0.0,0.0,0.0,0.0,0.0,0.0,0.0,0.0,0.0,0.0,0.0,0.0,0.0,0.0,0.0,0.0,0.0,0.0,0.0,0.0,0.0,1.0,0.0,0.0,0.0,0.0,1.0,0.0,0.0,0.0,0.0,1.0,0.0,0.0,0.0,0.0,139000.0,-0.5303683601888527
0.6358587812250798,-1.5023078288034015,0.0627706087772973,1.135055013582339,0.48113393683433653,-1.021987401155326,0.2059921720278468,-1.0371220601333149,0.0,0.0,0.0,0.0,0.0,0.0,0.0,0.0,0.0,0.0,0.0,0.0,0.0,0.0,0.0,0.0,1.0,0.0,0.0,0.0,0.0,0.0,0.0,0.0,0.0,0.0,0.0,1.0,0.0,0.0,0.0,0.0,0.0,1.0,0.0,0.0,0.0,0.0,1.0,0.0,0.0,0.0,0.0,234000.0,0.6573203855319437
0.6358587812250798,1.0775693887872606,-0.22786778997473506,0.16022991243906712,-0.6334701585226197,0.7772367703207032,0.2059921720278468,0.29818073040869925,0.0,0.0,0.0,0.0,0.0,0.0,0.0,1.0,0.0,0.0,0.0,0.0,0.0,0.0,0.0,0.0,0.0,0.0,0.0,0.0,0.0,0.0,0.0,0.0,0.0,0.0,0.0,0.0,1.0,0.0,0.0,0.0,0.0,1.0,0.0,0.0,0.0,0.0,1.0,0.0,0.0,0.0,0.0,185900.0,0.05597482059330888
-0.06491841398858939,0.8460419461829704,-0.23704113435412946,0.048653545440740825,-0.5387508381661985,0.7772367703207032,0.2059921720278468,0.29818073040869925,0.0,0.0,0.0,0.0,0.0,0.0,0.0,0.0,0.0,0.0,0.0,0.0,0.0,1.0,0.0,0.0,0.0,0.0,0.0,0.0,0.0,0.0,0.0,0.0,0.0,0.0,0.0,0.0,1.0,0.0,0.0,0.0,0.0,0.0,1.0,0.0,0.0,0.0,0.0,1.0,0.0,0.0,0.0,183500.0,0.02597005228036245
1.336635976438749,1.0775693887872606,0.3424457422954193,1.8632376192556264,0.1308927290047791,2.5764609417967326,1.4096672285210494,1.6334835209507133,0.0,0.0,0.0,1.0,0.0,0.0,0.0,0.0,0.0,0.0,0.0,0.0,0.0,0.0,0.0,0.0,0.0,0.0,0.0,0.0,0.0,0.0,0.0,0.0,0.0,0.0,0.0,0.0,0.0,1.0,0.0,0.0,0.0,1.0,0.0,0.0,0.0,0.0,0.0,0.0,1.0,0.0,0.0,309000.0,1.5949693953115198
0.6358587812250798,0.5483638056917401,0.007171192233894656,0.41861728864571746,-0.1708874312005628,0.7772367703207032,0.2059921720278468,0.29818073040869925,0.0,0.0,0.0,0.0,0.0,0.0,0.0,0.0,0.0,0.0,0.0,0.0,0.0,0.0,1.0,0.0,0.0,0.0,0.0,0.0,0.0,0.0,0.0,0.0,0.0,0.0,0.0,0.0,1.0,0.0,0.0,0.0,0.0,0.0,1.0,0.0,0.0,0.0,1.0,0.0,0.0,0.0,0.0,196500.0,0.18849588064215564
0.6358587812250798,0.2837610141439799,0.22721958728595304,2.2958407263894878,-0.03211261300394571,0.7772367703207032,1.4096672285210494,0.29818073040869925,0.0,0.0,0.0,0.0,0.0,0.0,0.0,0.0,0.0,0.0,0.0,0.0,0.0,0.0,1.0,0.0,0.0,0.0,0.0,0.0,0.0,0.0,0.0,0.0,0.0,0.0,0.0,0.0,0.0,1.0,0.0,0.0,0.0,1.0,0.0,0.0,0.0,0.0,1.0,0.0,0.0,0.0,0.0,249000.0,0.8448501874878589
-0.7656956092022585,0.08530892048315974,-0.15179615365780588,0.5713007382223745,-0.3559205221293856,0.7772367703207032,1.4096672285210494,0.29818073040869925,0.0,1.0,0.0,0.0,0.0,0.0,0.0,0.0,0.0,0.0,0.0,0.0,0.0,0.0,0.0,0.0,0.0,0.0,0.0,0.0,0.0,0.0,0.0,0.0,0.0,0.0,0.0,1.0,0.0,0.0,0.0,0.0,0.0,0.0,1.0,0.0,0.0,0.0,1.0,0.0,0.0,0.0,0.0,133000.0,-0.6053802809712188
-0.7656956092022585,-1.6676845735207517,-0.48740631387955224,-1.7306958861641468,-0.9726974918921282,-1.021987401155326,-0.9976828844653559,-1.0371220601333149,0.0,0.0,0.0,0.0,0.0,0.0,0.0,0.0,0.0,0.0,0.0,1.0,0.0,0.0,0.0,0.0,0.0,0.0,0.0,0.0,0.0,0.0,0.0,0.0,0.0,0.0,0.0,1.0,0.0,0.0,0.0,0.0,0.0,0.0,1.0,0.0,0.0,0.0,0.0,1.0,0.0,0.0,0.0,89000.0,-1.1554677000419034
-0.06491841398858939,1.0444940398437905,-0.17517699481992088,0.44602201036460465,-0.426409318673699,0.7772367703207032,0.2059921720278468,0.29818073040869925,0.0,0.0,0.0,0.0,1.0,0.0,0.0,0.0,0.0,0.0,0.0,0.0,0.0,0.0,0.0,0.0,0.0,0.0,0.0,0.0,0.0,0.0,0.0,0.0,0.0,0.0,0.0,0.0,1.0,0.0,0.0,0.0,0.0,0.0,1.0,0.0,0.0,0.0,1.0,0.0,0.0,0.0,0.0,207500.0,0.3260177354098268
1.336635976438749,1.0775693887872606,-0.7322898607880198,0.285508640296837,1.1816163524934513,0.7772367703207032,-0.9976828844653559,0.29818073040869925,0.0,0.0,0.0,0.0,0.0,0.0,0.0,0.0,0.0,0.0,0.0,0.0,0.0,0.0,0.0,0.0,1.0,0.0,0.0,0.0,0.0,0.0,0.0,0.0,0.0,0.0,0.0,0.0,1.0,0.0,0.0,0.0,0.0,1.0,0.0,0.0,0.0,0.0,0.0,0.0,1.0,0.0,0.0,246000.0,0.8073442270966759
0.6358587812250798,1.1437200866742006,-0.08411477134642036,0.9334345609362406,-0.1664818814165432,0.7772367703207032,0.2059921720278468,1.6334835209507133,0.0,0.0,0.0,0.0,1.0,0.0,0.0,0.0,0.0,0.0,0.0,0.0,0.0,0.0,0.0,0.0,0.0,0.0,0.0,0.0,0.0,0.0,0.0,0.0,0.0,0.0,0.0,0.0,1.0,0.0,0.0,0.0,0.0,1.0,0.0,0.0,0.0,0.0,1.0,0.0,0.0,0.0,0.0,250000.0,0.8573521742849199
0.6358587812250798,0.4822131078048001,-0.701749336207841,0.0016740224940771195,0.4833367117263463,0.7772367703207032,-0.9976828844653559,0.29818073040869925,0.0,0.0,0.0,0.0,0.0,0.0,0.0,0.0,0.0,0.0,0.0,0.0,0.0,0.0,0.0,1.0,0.0,0.0,0.0,0.0,0.0,0.0,0.0,0.0,0.0,0.0,0.0,0.0,1.0,0.0,0.0,0.0,0.0,1.0,0.0,0.0,0.0,0.0,1.0,0.0,0.0,0.0,0.0,241500.0,0.7510852865099013
1.336635976438749,0.7468158993525603,-0.05200806601853995,0.5928330195729287,1.368852218314284,0.7772367703207032,0.2059921720278468,0.29818073040869925,0.0,0.0,1.0,0.0,0.0,0.0,0.0,0.0,0.0,0.0,0.0,0.0,0.0,0.0,0.0,0.0,0.0,0.0,0.0,0.0,0.0,0.0,0.0,0.0,0.0,0.0,0.0,0.0,1.0,0.0,0.0,0.0,0.0,1.0,0.0,0.0,0.0,0.0,1.0,0.0,0.0,0.0,0.0,285000.0,1.2949217121820553
-1.4664728044159276,-2.031513411898922,-0.08467412161345661,0.019291343599076007,-0.8383282234795306,0.7772367703207032,0.2059921720278468,0.29818073040869925,0.0,0.0,0.0,0.0,0.0,0.0,0.0,0.0,0.0,1.0,0.0,0.0,0.0,0.0,0.0,0.0,0.0,0.0,0.0,0.0,0.0,0.0,0.0,0.0,0.0,0.0,0.0,1.0,0.0,0.0,0.0,0.0,0.0,1.0,0.0,0.0,0.0,0.0,0.0,0.0,0.0,1.0,0.0,87500.0,-1.174220680237495
-0.7656956092022585,-0.4108213136688907,-0.05894400932978938,-0.41722672378034087,0.011942884836250188,-1.021987401155326,0.2059921720278468,0.29818073040869925,0.0,1.0,0.0,0.0,0.0,0.0,0.0,0.0,0.0,0.0,0.0,0.0,0.0,0.0,0.0,0.0,0.0,0.0,0.0,0.0,0.0,0.0,0.0,0.0,0.0,0.0,0.0,1.0,0.0,0.0,0.0,0.0,0.0,1.0,0.0,0.0,0.0,0.0,0.0,1.0,0.0,0.0,0.0,162000.0,-0.24282266385644938
-0.7656956092022585,-0.14621852212113046,1.6381247008581747,0.25810391857794984,1.2653217983898235,0.7772367703207032,1.4096672285210494,0.29818073040869925,0.0,0.0,1.0,0.0,0.0,0.0,0.0,0.0,0.0,0.0,0.0,0.0,0.0,0.0,0.0,0.0,0.0,0.0,0.0,0.0,0.0,0.0,0.0,0.0,0.0,0.0,0.0,0.0,1.0,0.0,0.0,0.0,0.0,0.0,1.0,0.0,0.0,0.0,0.0,1.0,0.0,0.0,0.0,143000.0,-0.48036041300060867
1.336635976438749,0.01915822259621968,0.39189230590142327,2.3565226101955954,1.9702097638329579,0.7772367703207032,1.4096672285210494,0.29818073040869925,0.0,1.0,0.0,0.0,0.0,0.0,0.0,0.0,0.0,0.0,0.0,0.0,0.0,0.0,0.0,0.0,0.0,0.0,0.0,0.0,0.0,0.0,0.0,0.0,0.0,0.0,0.0,0.0,1.0,0.0,0.0,0.0,0.0,0.0,0.0,1.0,0.0,0.0,1.0,0.0,0.0,0.0,0.0,345000.0,2.0450409200057162
1.336635976438749,0.5483638056917401,-0.6283625811726857,-0.6286345770403275,0.23882869871325907,0.7772367703207032,-0.9976828844653559,0.29818073040869925,0.0,0.0,0.0,0.0,0.0,0.0,0.0,0.0,0.0,0.0,0.0,0.0,0.0,0.0,0.0,0.0,0.0,0.0,0.0,0.0,0.0,0.0,0.0,1.0,0.0,0.0,0.0,0.0,1.0,0.0,0.0,0.0,0.0,0.0,1.0,0.0,0.0,0.0,1.0,0.0,0.0,0.0,0.0,182000.0,0.007217072084770926
-0.7656956092022585,-0.9731022457078812,-0.09809852802232646,0.28159368005128166,-0.7259867039870311,-1.021987401155326,0.2059921720278468,-1.0371220601333149,0.0,1.0,0.0,0.0,0.0,0.0,0.0,0.0,0.0,0.0,0.0,0.0,0.0,0.0,0.0,0.0,0.0,0.0,0.0,0.0,0.0,0.0,0.0,0.0,0.0,0.0,0.0,0.0,1.0,0.0,0.0,0.0,0.0,1.0,0.0,0.0,0.0,0.0,0.0,1.0,0.0,0.0,0.0,146500.0,-0.4366034592108951
-0.7656956092022585,-0.0800678242341904,0.04878685210139121,0.23461415710461797,-0.6114424096025217,0.7772367703207032,1.4096672285210494,0.29818073040869925,0.0,0.0,0.0,0.0,0.0,0.0,0.0,0.0,0.0,0.0,0.0,0.0,0.0,0.0,1.0,0.0,0.0,0.0,0.0,0.0,0.0,0.0,0.0,0.0,0.0,0.0,0.0,0.0,1.0,0.0,0.0,0.0,0.0,0.0,1.0,0.0,0.0,0.0,0.0,1.0,0.0,0.0,0.0,152000.0,-0.3678425318270595
-0.06491841398858939,-1.3038557351425815,0.693941450100995,1.6537872461184173,-0.23256512817683705,0.7772367703207032,1.4096672285210494,0.29818073040869925,0.0,0.0,0.0,0.0,0.0,0.0,0.0,0.0,0.0,0.0,0.0,0.0,0.0,0.0,0.0,0.0,1.0,0.0,0.0,0.0,0.0,0.0,0.0,0.0,0.0,0.0,0.0,1.0,0.0,0.0,0.0,0.0,0.0,0.0,1.0,0.0,0.0,0.0,1.0,0.0,0.0,0.0,0.0,239000.0,0.7198303195172487
2.037413171652418,0.8791172951264404,0.02238551949728049,3.088620176114438,0.7719002225796294,0.7772367703207032,1.4096672285210494,1.6334835209507133,0.0,0.0,0.0,0.0,0.0,0.0,0.0,0.0,1.0,0.0,0.0,0.0,0.0,0.0,0.0,0.0,0.0,0.0,0.0,0.0,0.0,0.0,0.0,0.0,0.0,0.0,0.0,0.0,1.0,0.0,0.0,0.0,0.0,1.0,0.0,0.0,0.0,0.0,0.0,0.0,1.0,0.0,0.0,410000.0,2.8576700618146824
-0.7656956092022585,-0.37774596472542066,-0.140609148317081,-0.6971463813375455,0.19036765108904358,-1.021987401155326,0.2059921720278468,-1.0371220601333149,0.0,1.0,0.0,0.0,0.0,0.0,0.0,0.0,0.0,0.0,0.0,0.0,0.0,0.0,0.0,0.0,0.0,0.0,0.0,0.0,0.0,0.0,0.0,0.0,0.0,0.0,0.0,0.0,1.0,0.0,0.0,0.0,0.0,0.0,1.0,0.0,0.0,0.0,0.0,1.0,0.0,0.0,0.0,120000.0,-0.767906109333012
1.336635976438749,1.1437200866742006,-0.645143089183773,0.1054204690012928,1.0935053568130595,0.7772367703207032,-0.9976828844653559,0.29818073040869925,0.0,0.0,0.0,1.0,0.0,0.0,0.0,0.0,0.0,0.0,0.0,0.0,0.0,0.0,0.0,0.0,0.0,0.0,0.0,0.0,0.0,0.0,0.0,0.0,0.0,0.0,0.0,0.0,1.0,0.0,0.0,0.0,0.0,1.0,0.0,0.0,0.0,0.0,1.0,0.0,0.0,0.0,0.0,209500.0,0.3510217090039488
0.6358587812250798,0.9783433419568505,-0.20448694881262006,-0.1294771457320257,0.87322786761208,0.7772367703207032,0.2059921720278468,0.29818073040869925,1.0,0.0,0.0,0.0,0.0,0.0,0.0,0.0,0.0,0.0,0.0,0.0,0.0,0.0,0.0,0.0,0.0,0.0,0.0,0.0,0.0,0.0,0.0,0.0,0.0,0.0,0.0,0.0,1.0,0.0,0.0,0.0,0.0,1.0,0.0,0.0,0.0,0.0,1.0,0.0,0.0,0.0,0.0,189000.0,0.09473097966419802
0.6358587812250798,0.1514596183700998,-0.9035629125545178,-0.8713621122647567,-0.005679314299828171,0.7772367703207032,-0.9976828844653559,-1.0371220601333149,0.0,0.0,0.0,0.0,0.0,0.0,0.0,0.0,0.0,0.0,0.0,0.0,0.0,0.0,0.0,0.0,0.0,0.0,1.0,0.0,0.0,0.0,0.0,0.0,0.0,0.0,0.0,0.0,1.0,0.0,0.0,0.0,0.0,0.0,1.0,0.0,0.0,0.0,0.0,1.0,0.0,0.0,0.0,137500.0,-0.5491213403844443
-0.06491841398858939,1.0114186909003204,-0.17719065578125134,-0.15883934757369053,0.9459194390484033,0.7772367703207032,-0.9976828844653559,0.29818073040869925,0.0,1.0,0.0,0.0,0.0,0.0,0.0,0.0,0.0,0.0,0.0,0.0,0.0,0.0,0.0,0.0,0.0,0.0,0.0,0.0,0.0,0.0,0.0,0.0,0.0,0.0,0.0,0.0,1.0,0.0,0.0,0.0,0.0,1.0,0.0,0.0,0.0,0.0,1.0,0.0,0.0,0.0,0.0,190000.0,0.10723296646125904
-1.4664728044159276,-1.4692324798599317,-0.12282180982532845,-1.4566486689752753,-0.8757753966436972,-1.021987401155326,-0.9976828844653559,0.29818073040869925,0.0,0.0,0.0,0.0,0.0,1.0,0.0,0.0,0.0,0.0,0.0,0.0,0.0,0.0,0.0,0.0,0.0,0.0,0.0,0.0,0.0,0.0,0.0,0.0,0.0,0.0,0.0,1.0,0.0,0.0,0.0,0.0,0.0,0.0,1.0,0.0,0.0,0.0,0.0,0.0,0.0,1.0,0.0,85000.0,-1.2054756472301476
0.6358587812250798,1.1767954356176706,-0.04384155211981079,0.054525985809073786,1.036233209620805,2.5764609417967326,0.2059921720278468,0.29818073040869925,0.0,0.0,0.0,0.0,1.0,0.0,0.0,0.0,0.0,0.0,0.0,0.0,0.0,0.0,0.0,0.0,0.0,0.0,0.0,0.0,0.0,0.0,0.0,0.0,0.0,0.0,0.0,0.0,1.0,0.0,0.0,0.0,0.0,1.0,0.0,0.0,0.0,0.0,1.0,0.0,0.0,0.0,0.0,235876.0,0.6807741127632302
2.037413171652418,1.2429461335046108,0.2229685252564776,2.329117888476708,0.6771809022232083,0.7772367703207032,0.2059921720278468,1.6334835209507133,0.0,0.0,0.0,1.0,0.0,0.0,0.0,0.0,0.0,0.0,0.0,0.0,0.0,0.0,0.0,0.0,0.0,0.0,0.0,0.0,0.0,0.0,0.0,0.0,0.0,0.0,0.0,0.0,1.0,0.0,0.0,0.0,0.0,0.0,0.0,1.0,0.0,0.0,0.0,0.0,1.0,0.0,0.0,398800.0,2.7176478096875987
-0.06491841398858939,1.0444940398437905,-0.6624829474618966,-1.2765604976797311,-0.4616537169458557,-1.021987401155326,-2.2013579409585584,0.29818073040869925,0.0,0.0,0.0,0.0,0.0,0.0,0.0,1.0,0.0,0.0,0.0,0.0,0.0,0.0,0.0,0.0,0.0,0.0,0.0,0.0,0.0,0.0,0.0,0.0,0.0,0.0,0.0,0.0,1.0,0.0,0.0,0.0,0.0,1.0,0.0,0.0,0.0,0.0,1.0,0.0,0.0,0.0,0.0,144000.0,-0.4678584262035476
-0.7656956092022585,0.11838426942662977,-0.00010036123757651556,-1.039705402823635,-0.19511795501267054,-1.021987401155326,0.2059921720278468,0.29818073040869925,0.0,0.0,0.0,0.0,0.0,0.0,0.0,1.0,0.0,0.0,0.0,0.0,0.0,0.0,0.0,0.0,0.0,0.0,0.0,0.0,0.0,0.0,0.0,0.0,0.0,0.0,0.0,0.0,1.0,0.0,0.0,0.0,0.0,0.0,1.0,0.0,0.0,0.0,0.0,1.0,0.0,0.0,0.0,122000.0,-0.74290213573889
0.6358587812250798,0.6806652014656203,-0.08959640396337555,-0.6129747360581064,0.24323424849727865,0.7772367703207032,0.2059921720278468,0.29818073040869925,0.0,0.0,0.0,0.0,0.0,0.0,0.0,0.0,0.0,0.0,0.0,0.0,0.0,1.0,0.0,0.0,0.0,0.0,0.0,0.0,0.0,0.0,0.0,0.0,0.0,0.0,0.0,0.0,1.0,0.0,0.0,0.0,0.0,1.0,0.0,0.0,0.0,0.0,1.0,0.0,0.0,0.0,0.0,160000.0,-0.2678266374505714
-0.7656956092022585,-0.708499454160121,-0.3531622497908537,-0.9007243141064215,-2.3296068253701616,-1.021987401155326,-0.9976828844653559,0.29818073040869925,0.0,1.0,0.0,0.0,0.0,0.0,0.0,0.0,0.0,0.0,0.0,0.0,0.0,0.0,0.0,0.0,0.0,0.0,0.0,0.0,0.0,0.0,0.0,0.0,0.0,0.0,0.0,1.0,0.0,0.0,0.0,0.0,0.0,0.0,1.0,0.0,0.0,0.0,0.0,1.0,0.0,0.0,0.0,109500.0,-0.8991769707021526
-0.06491841398858939,0.8460419461829704,0.06556736011247853,-0.3193527176414582,0.7652918979036001,0.7772367703207032,-0.9976828844653559,0.29818073040869925,0.0,1.0,0.0,0.0,0.0,0.0,0.0,0.0,0.0,0.0,0.0,0.0,0.0,0.0,0.0,0.0,0.0,0.0,0.0,0.0,0.0,0.0,0.0,0.0,0.0,0.0,0.0,0.0,1.0,0.0,0.0,0.0,0.0,1.0,0.0,0.0,0.0,0.0,1.0,0.0,0.0,0.0,0.0,177000.0,-0.055292861900534146
-0.7656956092022585,-0.708499454160121,-0.3738582096711947,-0.5816550540936638,-0.7678394269352172,-1.021987401155326,0.2059921720278468,-1.0371220601333149,0.0,0.0,0.0,0.0,0.0,0.0,0.0,0.0,0.0,0.0,0.0,1.0,0.0,0.0,0.0,0.0,0.0,0.0,0.0,0.0,0.0,0.0,0.0,0.0,0.0,0.0,0.0,1.0,0.0,0.0,0.0,0.0,0.0,1.0,0.0,0.0,0.0,0.0,0.0,1.0,0.0,0.0,0.0,110000.0,-0.8929259773036221
-0.7656956092022585,-0.5431227094427709,0.20596427713857576,-0.17449918855591176,0.32253414460963126,-1.021987401155326,0.2059921720278468,-1.0371220601333149,0.0,1.0,0.0,0.0,0.0,0.0,0.0,0.0,0.0,0.0,0.0,0.0,0.0,0.0,0.0,0.0,0.0,0.0,0.0,0.0,0.0,0.0,0.0,0.0,0.0,0.0,0.0,0.0,1.0,0.0,0.0,0.0,0.0,0.0,1.0,0.0,0.0,0.0,0.0,1.0,0.0,0.0,0.0,130000.0,-0.6428862413624018
2.738190366866087,1.2098707845611407,5.988415467705859,8.107599210916343,11.129347764809683,0.7772367703207032,0.2059921720278468,0.29818073040869925,0.0,0.0,0.0,0.0,0.0,0.0,0.0,0.0,0.0,0.0,0.0,0.0,1.0,0.0,0.0,0.0,0.0,0.0,0.0,0.0,0.0,0.0,0.0,0.0,0.0,0.0,0.0,0.0,1.0,0.0,0.0,0.0,0.0,0.0,0.0,1.0,0.0,0.0,0.0,0.0,1.0,0.0,0.0,160000.0,-0.2678266374505714
-0.06491841398858939,-0.4438966626123607,0.44950538340615637,-0.3056503567820146,-0.5255341888141397,-1.021987401155326,0.2059921720278468,0.29818073040869925,0.0,0.0,0.0,0.0,0.0,0.0,0.0,0.0,0.0,0.0,0.0,0.0,0.0,0.0,0.0,1.0,0.0,0.0,0.0,0.0,0.0,0.0,0.0,0.0,0.0,0.0,0.0,0.0,0.0,0.0,1.0,0.0,0.0,1.0,0.0,0.0,0.0,0.0,0.0,1.0,0.0,0.0,0.0,137500.0,-0.5491213403844443
-0.7656956092022585,-1.866136667181572,0.04956994247524195,0.29725352103350294,-0.8185032494514425,0.7772367703207032,1.4096672285210494,-1.0371220601333149,0.0,0.0,0.0,0.0,0.0,0.0,0.0,0.0,0.0,1.0,0.0,0.0,0.0,0.0,0.0,0.0,0.0,0.0,0.0,0.0,0.0,0.0,0.0,0.0,0.0,0.0,0.0,1.0,0.0,0.0,0.0,0.0,0.0,0.0,1.0,0.0,0.0,0.0,0.0,0.0,0.0,1.0,0.0,139000.0,-0.5303683601888527
2.037413171652418,1.1106447377307307,-0.4973627486327974,0.126952750351847,1.1067220061651182,0.7772367703207032,-0.9976828844653559,0.29818073040869925,0.0,0.0,0.0,1.0,0.0,0.0,0.0,0.0,0.0,0.0,0.0,0.0,0.0,0.0,0.0,0.0,0.0,0.0,0.0,0.0,0.0,0.0,0.0,0.0,0.0,0.0,0.0,0.0,1.0,0.0,0.0,0.0,0.0,0.0,0.0,1.0,0.0,0.0,0.0,0.0,1.0,0.0,0.0,282500.0,1.2636667451894028
-0.06491841398858939,1.1106447377307307,-0.013412897593039121,0.07018582679129502,-0.6378757083066393,0.7772367703207032,0.2059921720278468,0.29818073040869925,0.0,0.0,0.0,0.0,0.0,0.0,0.0,0.0,0.0,0.0,0.0,0.0,0.0,1.0,0.0,0.0,0.0,0.0,0.0,0.0,0.0,0.0,0.0,0.0,0.0,0.0,0.0,0.0,1.0,0.0,0.0,0.0,0.0,1.0,0.0,0.0,0.0,0.0,1.0,0.0,0.0,0.0,0.0,176000.0,-0.06779484869759517
0.6358587812250798,0.7137405504090902,-0.05111310559128197,2.242988763074491,0.637530954167032,0.7772367703207032,1.4096672285210494,1.6334835209507133,0.0,0.0,0.0,0.0,0.0,0.0,0.0,0.0,1.0,0.0,0.0,0.0,0.0,0.0,0.0,0.0,0.0,0.0,0.0,0.0,0.0,0.0,0.0,0.0,0.0,0.0,0.0,0.0,1.0,0.0,0.0,0.0,0.0,0.0,1.0,0.0,0.0,0.0,1.0,0.0,0.0,0.0,0.0,260000.0,0.9823720422555301
-0.06491841398858939,0.18453496731356983,0.09991146650850391,-0.5718676534797756,0.3313452441776705,-1.021987401155326,0.2059921720278468,0.29818073040869925,0.0,0.0,0.0,0.0,0.0,0.0,0.0,0.0,0.0,0.0,0.0,0.0,0.0,0.0,0.0,0.0,0.0,0.0,0.0,0.0,1.0,0.0,0.0,0.0,0.0,0.0,0.0,0.0,1.0,0.0,0.0,0.0,0.0,0.0,1.0,0.0,0.0,0.0,1.0,0.0,0.0,0.0,0.0,165000.0,-0.20531670346526631
-0.7656956092022585,-0.37774596472542066,1.078774433821931,-0.5405479715153331,0.36658964244982717,-1.021987401155326,1.4096672285210494,0.29818073040869925,0.0,0.0,1.0,0.0,0.0,0.0,0.0,0.0,0.0,0.0,0.0,0.0,0.0,0.0,0.0,0.0,0.0,0.0,0.0,0.0,0.0,0.0,0.0,0.0,0.0,0.0,0.0,1.0,0.0,0.0,0.0,0.0,0.0,0.0,1.0,0.0,0.0,0.0,0.0,1.0,0.0,0.0,0.0,131000.0,-0.6303842545653409
0.6358587812250798,1.0775693887872606,-0.17719065578125134,-0.1686267481875788,0.7851168719316882,0.7772367703207032,0.2059921720278468,0.29818073040869925,0.0,0.0,0.0,0.0,0.0,0.0,0.0,1.0,0.0,0.0,0.0,0.0,0.0,0.0,0.0,0.0,0.0,0.0,0.0,0.0,0.0,0.0,0.0,0.0,0.0,0.0,0.0,0.0,1.0,0.0,0.0,0.0,0.0,1.0,0.0,0.0,0.0,0.0,1.0,0.0,0.0,0.0,0.0,185500.0,0.05097402587448448
-0.7656956092022585,-2.3622669013336224,-0.599276367286801,-0.1177322649953598,-1.1401083836848724,-1.021987401155326,0.2059921720278468,-1.0371220601333149,0.0,0.0,0.0,0.0,0.0,0.0,0.0,0.0,0.0,1.0,0.0,0.0,0.0,0.0,0.0,0.0,0.0,0.0,0.0,0.0,0.0,0.0,0.0,0.0,0.0,0.0,0.0,0.0,1.0,0.0,0.0,0.0,0.0,0.0,1.0,0.0,0.0,0.0,0.0,1.0,0.0,0.0,0.0,79000.0,-1.2804875680125136
-0.06491841398858939,-0.5761980583862408,0.7990993003038088,0.7944534722190271,0.5560282831626695,-1.021987401155326,0.2059921720278468,0.29818073040869925,0.0,0.0,0.0,0.0,0.0,0.0,0.0,0.0,0.0,0.0,0.0,0.0,0.0,0.0,0.0,0.0,1.0,0.0,0.0,0.0,0.0,0.0,0.0,0.0,0.0,0.0,0.0,0.0,0.0,0.0,1.0,0.0,0.0,0.0,1.0,0.0,0.0,0.0,0.0,1.0,0.0,0.0,0.0,224000.0,0.5323005175613336
-0.7656956092022585,-2.5276436460509726,-0.23569869371324248,0.9608392826551277,-0.22155125371678808,0.7772367703207032,1.4096672285210494,-2.372424850675329,0.0,0.0,0.0,0.0,0.0,0.0,0.0,0.0,0.0,0.0,0.0,0.0,0.0,0.0,0.0,0.0,0.0,0.0,0.0,1.0,0.0,0.0,0.0,0.0,0.0,0.0,0.0,0.0,1.0,0.0,0.0,0.0,0.0,0.0,1.0,0.0,0.0,0.0,0.0,1.0,0.0,0.0,0.0,119600.0,-0.7729069040518364
-0.7656956092022585,0.1514596183700998,-0.6860875287308261,-0.7010613415831007,0.185962101305024,-1.021987401155326,0.2059921720278468,0.29818073040869925,0.0,0.0,0.0,0.0,0.0,0.0,0.0,0.0,0.0,0.0,0.0,0.0,0.0,0.0,0.0,0.0,0.0,0.0,0.0,0.0,0.0,0.0,0.0,0.0,0.0,1.0,0.0,0.0,1.0,0.0,0.0,0.0,0.0,0.0,1.0,0.0,0.0,0.0,1.0,0.0,0.0,0.0,0.0,134000.0,-0.5928782941741577
-0.7656956092022585,0.1514596183700998,-0.8686594558914561,-0.7597857452664304,-1.1489194832529117,-1.021987401155326,0.2059921720278468,-1.0371220601333149,0.0,0.0,0.0,0.0,0.0,0.0,0.0,0.0,0.0,0.0,0.0,0.0,0.0,0.0,0.0,0.0,0.0,0.0,0.0,0.0,0.0,0.0,0.0,0.0,0.0,1.0,0.0,0.0,1.0,0.0,0.0,0.0,0.0,0.0,1.0,0.0,0.0,0.0,1.0,0.0,0.0,0.0,0.0,85000.0,-1.2054756472301476
-0.7656956092022585,0.11838426942662977,-0.1126416349652688,-1.2452408157152886,-0.426409318673699,-1.021987401155326,-0.9976828844653559,-2.372424850675329,0.0,0.0,0.0,0.0,0.0,0.0,0.0,0.0,0.0,0.0,0.0,0.0,1.0,0.0,0.0,0.0,0.0,0.0,0.0,0.0,0.0,0.0,0.0,0.0,0.0,0.0,0.0,0.0,1.0,0.0,0.0,0.0,0.0,0.0,1.0,0.0,0.0,0.0,1.0,0.0,0.0,0.0,0.0,99600.0,-1.0229466399930567
-0.7656956092022585,-1.0392529435948212,0.22856202792684002,0.42448972901405047,-0.3449066476693366,-1.021987401155326,-0.9976828844653559,-1.0371220601333149,0.0,0.0,0.0,0.0,0.0,0.0,0.0,0.0,0.0,0.0,0.0,0.0,0.0,0.0,0.0,0.0,1.0,0.0,0.0,0.0,0.0,0.0,0.0,0.0,0.0,0.0,0.0,0.0,1.0,0.0,0.0,0.0,0.0,0.0,1.0,0.0,0.0,0.0,1.0,0.0,0.0,0.0,0.0,194000.0,0.1572409136495031
-0.7656956092022585,0.1514596183700998,0.19522475201147987,-0.914426674965865,-1.3251414746136954,-1.021987401155326,0.2059921720278468,0.29818073040869925,0.0,0.0,0.0,0.0,0.0,0.0,0.0,0.0,0.0,0.0,0.0,0.0,1.0,0.0,0.0,0.0,0.0,0.0,0.0,0.0,0.0,0.0,0.0,0.0,0.0,0.0,0.0,0.0,0.0,1.0,0.0,0.0,0.0,0.0,1.0,0.0,0.0,0.0,1.0,0.0,0.0,0.0,0.0,165000.0,-0.20531670346526631
-0.7656956092022585,-0.774650152047061,-0.08467412161345661,0.3285732029979454,0.34015634374570963,-1.021987401155326,0.2059921720278468,-1.0371220601333149,0.0,0.0,0.0,0.0,0.0,0.0,0.0,0.0,0.0,1.0,0.0,0.0,0.0,0.0,0.0,0.0,0.0,0.0,0.0,0.0,0.0,0.0,0.0,0.0,0.0,0.0,0.0,1.0,0.0,0.0,0.0,0.0,0.0,0.0,1.0,0.0,0.0,0.0,0.0,1.0,0.0,0.0,0.0,135000.0,-0.5803763073770968
-1.4664728044159276,-0.04699247529072038,-0.11230602480504706,-1.2452408157152886,-0.426409318673699,-1.021987401155326,0.2059921720278468,-1.0371220601333149,0.0,1.0,0.0,0.0,0.0,0.0,0.0,0.0,0.0,0.0,0.0,0.0,0.0,0.0,0.0,0.0,0.0,0.0,0.0,0.0,0.0,0.0,0.0,0.0,0.0,0.0,0.0,0.0,1.0,0.0,0.0,0.0,0.0,0.0,1.0,0.0,0.0,0.0,0.0,1.0,0.0,0.0,0.0,116050.0,-0.8172889571814029
-0.06491841398858939,-0.17929387106460049,-0.30953292896202667,-0.297820436290904,-0.8757753966436972,-1.021987401155326,0.2059921720278468,0.29818073040869925,0.0,1.0,0.0,0.0,0.0,0.0,0.0,0.0,0.0,0.0,0.0,0.0,0.0,0.0,0.0,0.0,0.0,0.0,0.0,0.0,0.0,0.0,0.0,0.0,0.0,0.0,0.0,0.0,1.0,0.0,0.0,0.0,0.0,0.0,1.0,0.0,0.0,0.0,0.0,1.0,0.0,0.0,0.0,155000.0,-0.33033657143587647
-0.7656956092022585,-0.4108213136688907,-0.26366620706505467,-0.6208046565492169,-1.16654168238899,-1.021987401155326,0.2059921720278468,-1.0371220601333149,0.0,1.0,0.0,0.0,0.0,0.0,0.0,0.0,0.0,0.0,0.0,0.0,0.0,0.0,0.0,0.0,0.0,0.0,0.0,0.0,0.0,0.0,0.0,0.0,0.0,0.0,0.0,0.0,1.0,0.0,0.0,0.0,0.0,0.0,1.0,0.0,0.0,0.0,1.0,0.0,0.0,0.0,0.0,138000.0,-0.5428703469859137
0.6358587812250798,0.9783433419568505,0.004821921112342431,1.2936109035273289,0.4392812138861504,0.7772367703207032,0.2059921720278468,0.29818073040869925,0.0,0.0,0.0,0.0,0.0,0.0,0.0,1.0,0.0,0.0,0.0,0.0,0.0,0.0,0.0,0.0,0.0,0.0,0.0,0.0,0.0,0.0,0.0,0.0,0.0,0.0,0.0,0.0,1.0,0.0,0.0,0.0,0.0,1.0,0.0,0.0,0.0,0.0,1.0,0.0,0.0,0.0,0.0,230500.0,0.6135634317422302
-0.7656956092022585,-0.47697201155583074,-0.20079523705018085,0.05061102556351848,0.3489674433137488,-1.021987401155326,1.4096672285210494,-1.0371220601333149,0.0,0.0,0.0,0.0,0.0,0.0,0.0,0.0,0.0,0.0,0.0,0.0,1.0,0.0,0.0,0.0,0.0,0.0,0.0,0.0,0.0,0.0,0.0,0.0,0.0,0.0,0.0,0.0,0.0,0.0,1.0,0.0,0.0,0.0,1.0,0.0,0.0,0.0,0.0,1.0,0.0,0.0,0.0,144500.0,-0.4616074328050171
1.336635976438749,0.9121926440699104,-0.8627303430608719,0.20916691550850847,-0.21494292904075868,0.7772367703207032,0.2059921720278468,0.29818073040869925,0.0,0.0,0.0,0.0,1.0,0.0,0.0,0.0,0.0,0.0,0.0,0.0,0.0,0.0,0.0,0.0,0.0,0.0,0.0,0.0,0.0,0.0,0.0,0.0,0.0,0.0,0.0,1.0,0.0,0.0,0.0,0.0,0.0,1.0,0.0,0.0,0.0,0.0,1.0,0.0,0.0,0.0,0.0,200000.0,0.2322528344318692
-0.06491841398858939,-0.21236922000807051,0.9053758510406952,1.7222990504156352,-0.0805736606281612,0.7772367703207032,0.2059921720278468,0.29818073040869925,0.0,1.0,0.0,0.0,0.0,0.0,0.0,0.0,0.0,0.0,0.0,0.0,0.0,0.0,0.0,0.0,0.0,0.0,0.0,0.0,0.0,0.0,0.0,0.0,0.0,0.0,0.0,0.0,0.0,0.0,0.0,0.0,1.0,0.0,1.0,0.0,0.0,0.0,1.0,0.0,0.0,0.0,0.0,129000.0,-0.6553882281594628
-0.06491841398858939,-0.8408008499340011,-0.1126416349652688,0.2718062794373934,-0.684133981038845,-1.021987401155326,0.2059921720278468,-1.0371220601333149,0.0,0.0,0.0,0.0,0.0,0.0,0.0,0.0,0.0,0.0,0.0,0.0,1.0,0.0,0.0,0.0,0.0,0.0,0.0,0.0,0.0,0.0,0.0,0.0,0.0,0.0,0.0,1.0,0.0,0.0,0.0,0.0,0.0,1.0,0.0,0.0,0.0,0.0,0.0,1.0,0.0,0.0,0.0,154400.0,-0.3378377635141131
-1.4664728044159276,-0.47697201155583074,0.09991146650850391,0.563470817731264,0.10225665540865178,-1.021987401155326,2.613342285014252,-1.0371220601333149,0.0,0.0,0.0,0.0,0.0,0.0,1.0,0.0,0.0,0.0,0.0,0.0,0.0,0.0,0.0,0.0,0.0,0.0,0.0,0.0,0.0,0.0,0.0,0.0,0.0,0.0,0.0,0.0,1.0,0.0,0.0,0.0,0.0,0.0,1.0,0.0,0.0,0.0,0.0,1.0,0.0,0.0,0.0,161500.0,-0.24907365725497987
-0.06491841398858939,1.1106447377307307,-0.721997815874553,-0.3878645219386761,0.5384060840265912,-1.021987401155326,-2.2013579409585584,0.29818073040869925,0.0,0.0,0.0,1.0,0.0,0.0,0.0,0.0,0.0,0.0,0.0,0.0,0.0,0.0,0.0,0.0,0.0,0.0,0.0,0.0,0.0,0.0,0.0,0.0,0.0,0.0,0.0,0.0,1.0,0.0,0.0,0.0,0.0,1.0,0.0,0.0,0.0,0.0,1.0,0.0,0.0,0.0,0.0,200000.0,0.2322528344318692
-0.7656956092022585,-1.5353831777468716,-0.3918692882697618,-0.8615747116508684,-0.6643090070107568,-1.021987401155326,-2.2013579409585584,-1.0371220601333149,0.0,0.0,0.0,0.0,0.0,0.0,0.0,0.0,0.0,0.0,0.0,1.0,0.0,0.0,0.0,0.0,0.0,0.0,0.0,0.0,0.0,0.0,0.0,0.0,0.0,0.0,0.0,1.0,0.0,0.0,0.0,0.0,0.0,0.0,1.0,0.0,0.0,0.0,0.0,1.0,0.0,0.0,0.0,136500.0,-0.5616233271815052
0.6358587812250798,0.9121926440699104,-0.14989436274988266,-0.1353495861003587,0.8225640450958547,0.7772367703207032,0.2059921720278468,0.29818073040869925,0.0,0.0,0.0,0.0,0.0,0.0,0.0,1.0,0.0,0.0,0.0,0.0,0.0,0.0,0.0,0.0,0.0,0.0,0.0,0.0,0.0,0.0,0.0,0.0,0.0,0.0,0.0,0.0,1.0,0.0,0.0,0.0,0.0,1.0,0.0,0.0,0.0,0.0,1.0,0.0,0.0,0.0,0.0,192000.0,0.13223694005538106
-0.06491841398858939,-1.1384789904252313,-0.48740631387955224,-0.6345070174086606,-0.792069950747325,-1.021987401155326,-0.9976828844653559,0.29818073040869925,0.0,0.0,0.0,0.0,0.0,0.0,0.0,0.0,0.0,0.0,0.0,1.0,0.0,0.0,0.0,0.0,0.0,0.0,0.0,0.0,0.0,0.0,0.0,0.0,0.0,0.0,0.0,1.0,0.0,0.0,0.0,0.0,0.0,0.0,1.0,0.0,0.0,0.0,0.0,1.0,0.0,0.0,0.0,134900.0,-0.5816265060568029
-1.4664728044159276,-0.4438966626123607,0.12955703066142485,-1.090599886015854,-2.3296068253701616,-1.021987401155326,0.2059921720278468,-1.0371220601333149,0.0,0.0,0.0,0.0,0.0,0.0,0.0,0.0,0.0,0.0,0.0,0.0,1.0,0.0,0.0,0.0,0.0,0.0,0.0,0.0,0.0,0.0,0.0,0.0,0.0,0.0,0.0,1.0,0.0,0.0,0.0,0.0,0.0,1.0,0.0,0.0,0.0,0.0,0.0,1.0,0.0,0.0,0.0,80000.0,-1.2679855812154526
-0.7656956092022585,-1.0723282925382913,-0.32855083804125895,-0.8282975495636483,-0.14665690738845505,-1.021987401155326,-0.9976828844653559,-1.0371220601333149,0.0,0.0,0.0,0.0,0.0,0.0,0.0,0.0,0.0,0.0,0.0,1.0,0.0,0.0,0.0,0.0,0.0,0.0,0.0,0.0,0.0,0.0,0.0,0.0,0.0,0.0,0.0,0.0,1.0,0.0,0.0,0.0,0.0,0.0,1.0,0.0,0.0,0.0,0.0,1.0,0.0,0.0,0.0,118000.0,-0.792910082927134
2.738190366866087,1.2098707845611407,3.23674776404776,7.036857583756967,8.893531249419743,0.7772367703207032,-0.9976828844653559,1.6334835209507133,0.0,0.0,0.0,0.0,0.0,0.0,0.0,0.0,0.0,0.0,0.0,0.0,1.0,0.0,0.0,0.0,0.0,0.0,0.0,0.0,0.0,0.0,0.0,0.0,0.0,0.0,0.0,0.0,1.0,0.0,0.0,0.0,0.0,0.0,0.0,1.0,0.0,0.0,0.0,0.0,1.0,0.0,0.0,183850.0,0.030345747659333802
-0.7656956092022585,-1.5684585266903417,-0.48740631387955224,0.12891023047462466,-0.5321425134901692,-1.021987401155326,2.613342285014252,0.29818073040869925,0.0,0.0,0.0,0.0,0.0,0.0,0.0,0.0,0.0,1.0,0.0,0.0,0.0,0.0,0.0,0.0,0.0,0.0,0.0,0.0,0.0,0.0,0.0,0.0,0.0,0.0,0.0,1.0,0.0,0.0,0.0,0.0,0.0,1.0,0.0,0.0,0.0,0.0,0.0,1.0,0.0,0.0,0.0,139000.0,-0.5303683601888527
-0.06491841398858939,0.8791172951264404,-0.09239315529855677,0.5791306587134851,-0.5806035611143846,0.7772367703207032,0.2059921720278468,0.29818073040869925,0.0,0.0,0.0,0.0,0.0,0.0,0.0,1.0,0.0,0.0,0.0,0.0,0.0,0.0,0.0,0.0,0.0,0.0,0.0,0.0,0.0,0.0,0.0,0.0,0.0,0.0,0.0,0.0,1.0,0.0,0.0,0.0,0.0,0.0,1.0,0.0,0.0,0.0,1.0,0.0,0.0,0.0,0.0,211000.0,0.3697746891995404
0.6358587812250798,1.1106447377307307,-0.23558682365983522,0.01146142310796539,0.9613388632924718,0.7772367703207032,0.2059921720278468,0.29818073040869925,0.0,0.0,0.0,0.0,1.0,0.0,0.0,0.0,0.0,0.0,0.0,0.0,0.0,0.0,0.0,0.0,0.0,0.0,0.0,0.0,0.0,0.0,0.0,0.0,0.0,0.0,0.0,0.0,1.0,0.0,0.0,0.0,0.0,1.0,0.0,0.0,0.0,0.0,1.0,0.0,0.0,0.0,0.0,249000.0,0.8448501874878589
-0.7656956092022585,-1.5353831777468716,0.1471206290463629,-1.339199861608616,-0.5321425134901692,-1.021987401155326,-0.9976828844653559,-1.0371220601333149,0.0,0.0,0.0,0.0,0.0,0.0,0.0,0.0,0.0,0.0,0.0,1.0,0.0,0.0,0.0,0.0,0.0,0.0,0.0,0.0,0.0,0.0,0.0,0.0,0.0,0.0,0.0,1.0,0.0,0.0,0.0,0.0,0.0,0.0,1.0,0.0,0.0,0.0,0.0,1.0,0.0,0.0,0.0,109000.0,-0.9054279641006832
2.037413171652418,1.2098707845611407,-0.43460364867133083,-0.08641258303091733,0.8666195429360506,0.7772367703207032,-0.9976828844653559,0.29818073040869925,0.0,0.0,0.0,1.0,0.0,0.0,0.0,0.0,0.0,0.0,0.0,0.0,0.0,0.0,0.0,0.0,0.0,0.0,0.0,0.0,0.0,0.0,0.0,0.0,0.0,0.0,0.0,0.0,1.0,0.0,0.0,0.0,0.0,0.0,0.0,1.0,0.0,0.0,0.0,0.0,1.0,0.0,0.0,248500.0,0.8385991940893284
1.336635976438749,1.1437200866742006,-0.14765696168173767,-0.031603139593143,0.9216889152362955,0.7772367703207032,-0.9976828844653559,0.29818073040869925,0.0,0.0,0.0,0.0,0.0,0.0,0.0,0.0,0.0,0.0,0.0,0.0,0.0,0.0,0.0,1.0,0.0,0.0,0.0,0.0,0.0,0.0,0.0,0.0,0.0,0.0,0.0,0.0,1.0,0.0,0.0,0.0,0.0,0.0,0.0,1.0,0.0,0.0,1.0,0.0,0.0,0.0,0.0,265900.0,1.05613376435819
0.6358587812250798,-1.7007599224642218,-0.3531622497908537,0.5125763345390449,-1.016752989732324,-1.021987401155326,1.4096672285210494,0.29818073040869925,0.0,0.0,0.0,0.0,0.0,0.0,0.0,0.0,0.0,1.0,0.0,0.0,0.0,0.0,0.0,0.0,0.0,0.0,0.0,0.0,0.0,0.0,0.0,0.0,0.0,0.0,0.0,1.0,0.0,0.0,0.0,0.0,0.0,1.0,0.0,0.0,0.0,0.0,0.0,0.0,0.0,1.0,0.0,157000.0,-0.3053325978417544
0.6358587812250798,1.0775693887872606,-0.7322898607880198,0.285508640296837,1.1816163524934513,0.7772367703207032,-0.9976828844653559,0.29818073040869925,0.0,0.0,0.0,0.0,0.0,0.0,0.0,0.0,0.0,0.0,0.0,0.0,0.0,0.0,0.0,0.0,1.0,0.0,0.0,0.0,0.0,0.0,0.0,0.0,0.0,0.0,0.0,0.0,1.0,0.0,0.0,0.0,0.0,0.0,0.0,1.0,0.0,0.0,0.0,0.0,1.0,0.0,0.0,250000.0,0.8573521742849199
-0.7656956092022585,-1.0723282925382913,-0.44198707219620925,0.11325038949240342,-0.8096921498834033,-1.021987401155326,0.2059921720278468,0.29818073040869925,0.0,0.0,0.0,0.0,0.0,0.0,0.0,0.0,0.0,1.0,0.0,0.0,0.0,0.0,0.0,0.0,0.0,0.0,0.0,0.0,0.0,0.0,0.0,0.0,0.0,0.0,0.0,1.0,0.0,0.0,0.0,0.0,0.0,0.0,1.0,0.0,0.0,0.0,0.0,1.0,0.0,0.0,0.0,150000.0,-0.39284650542118155
0.6358587812250798,-0.0800678242341904,0.1532734819837616,0.6867920654662562,1.7477294997399686,0.7772367703207032,0.2059921720278468,0.29818073040869925,0.0,1.0,0.0,0.0,0.0,0.0,0.0,0.0,0.0,0.0,0.0,0.0,0.0,0.0,0.0,0.0,0.0,0.0,0.0,0.0,0.0,0.0,0.0,0.0,0.0,0.0,0.0,0.0,1.0,0.0,0.0,0.0,0.0,0.0,1.0,0.0,0.0,0.0,0.0,1.0,0.0,0.0,0.0,192100.0,0.13348713873508716
0.6358587812250798,0.7798912482960303,0.09991146650850391,0.9686692031462384,-0.28102617580105255,0.7772367703207032,1.4096672285210494,0.29818073040869925,0.0,0.0,0.0,0.0,0.0,0.0,0.0,1.0,0.0,0.0,0.0,0.0,0.0,0.0,0.0,0.0,0.0,0.0,0.0,0.0,0.0,0.0,0.0,0.0,0.0,0.0,0.0,0.0,1.0,0.0,0.0,0.0,0.0,1.0,0.0,0.0,0.0,0.0,1.0,0.0,0.0,0.0,0.0,237000.0,0.6948263459231268
-0.7656956092022585,-1.7007599224642218,-0.1818891980243558,-0.6521243385136594,-0.3140677991811995,-1.021987401155326,0.2059921720278468,0.29818073040869925,0.0,0.0,0.0,0.0,0.0,0.0,0.0,0.0,0.0,0.0,0.0,1.0,0.0,0.0,0.0,0.0,0.0,0.0,0.0,0.0,0.0,0.0,0.0,0.0,0.0,0.0,0.0,1.0,0.0,0.0,0.0,0.0,0.0,0.0,1.0,0.0,0.0,0.0,0.0,1.0,0.0,0.0,0.0,144000.0,-0.4678584262035476
-0.06491841398858939,0.31683636308744995,0.1938823113705929,-0.15296690720535758,0.8027390710677665,0.7772367703207032,0.2059921720278468,0.29818073040869925,0.0,0.0,0.0,0.0,0.0,0.0,0.0,0.0,0.0,0.0,0.0,0.0,0.0,0.0,1.0,0.0,0.0,0.0,0.0,0.0,0.0,0.0,0.0,0.0,0.0,0.0,0.0,0.0,1.0,0.0,0.0,0.0,0.0,1.0,0.0,0.0,0.0,0.0,1.0,0.0,0.0,0.0,0.0,175500.0,-0.07404584209612566
-0.06491841398858939,-0.013917126347250347,-0.970684944598867,-1.0044707606136372,-1.2656665525294308,-1.021987401155326,-0.9976828844653559,-1.0371220601333149,0.0,0.0,0.0,0.0,0.0,0.0,0.0,0.0,0.0,0.0,0.0,0.0,0.0,0.0,0.0,0.0,0.0,0.0,0.0,0.0,0.0,1.0,0.0,0.0,0.0,0.0,0.0,1.0,0.0,0.0,0.0,0.0,0.0,0.0,1.0,0.0,0.0,0.0,0.0,1.0,0.0,0.0,0.0,96000.0,-1.0679537924624762
-0.06491841398858939,-1.7007599224642218,-0.5337205159901532,-0.5914424547075521,-0.3449066476693366,-1.021987401155326,1.4096672285210494,-2.372424850675329,0.0,0.0,0.0,0.0,0.0,0.0,0.0,0.0,0.0,1.0,0.0,0.0,0.0,0.0,0.0,0.0,0.0,0.0,0.0,0.0,0.0,0.0,0.0,0.0,0.0,0.0,0.0,0.0,1.0,0.0,0.0,0.0,0.0,0.0,1.0,0.0,0.0,0.0,0.0,1.0,0.0,0.0,0.0,79900.0,-1.2692357798951586
1.336635976438749,1.1437200866742006,-0.03578690827448888,-0.07858266253980671,0.8864445169641387,0.7772367703207032,0.2059921720278468,0.29818073040869925,0.0,0.0,0.0,0.0,1.0,0.0,0.0,0.0,0.0,0.0,0.0,0.0,0.0,0.0,0.0,0.0,0.0,0.0,0.0,0.0,0.0,0.0,0.0,0.0,0.0,0.0,0.0,0.0,1.0,0.0,0.0,0.0,0.0,1.0,0.0,0.0,0.0,0.0,0.0,0.0,1.0,0.0,0.0,247000.0,0.8198462138937369
-0.7656956092022585,-0.4438966626123607,-0.5796991079405325,-1.3548597025908373,-0.5497647126262475,-1.021987401155326,-0.9976828844653559,-1.0371220601333149,0.0,0.0,0.0,0.0,0.0,0.0,0.0,0.0,0.0,0.0,0.0,1.0,0.0,0.0,0.0,0.0,0.0,0.0,0.0,0.0,0.0,0.0,0.0,0.0,0.0,0.0,0.0,1.0,0.0,0.0,0.0,0.0,0.0,0.0,1.0,0.0,0.0,0.0,0.0,1.0,0.0,0.0,0.0,112000.0,-0.8679220037095001
0.6358587812250798,0.7798912482960303,-0.04551960292091953,1.9963462676045067,0.3203313697176215,0.7772367703207032,1.4096672285210494,1.6334835209507133,0.0,0.0,0.0,0.0,0.0,0.0,0.0,0.0,1.0,0.0,0.0,0.0,0.0,0.0,0.0,0.0,0.0,0.0,0.0,0.0,0.0,0.0,0.0,0.0,0.0,0.0,0.0,0.0,1.0,0.0,0.0,0.0,0.0,1.0,0.0,0.0,0.0,0.0,1.0,0.0,0.0,0.0,0.0,290000.0,1.3574316461673606
-0.06491841398858939,0.9452679930133805,-0.2527029418311443,-0.190159029538133,0.712425300495365,0.7772367703207032,-0.9976828844653559,0.29818073040869925,0.0,0.0,0.0,0.0,0.0,0.0,0.0,0.0,0.0,0.0,0.0,0.0,0.0,0.0,0.0,1.0,0.0,0.0,0.0,0.0,0.0,0.0,0.0,0.0,0.0,0.0,0.0,0.0,1.0,0.0,0.0,0.0,0.0,1.0,0.0,0.0,0.0,0.0,1.0,0.0,0.0,0.0,0.0,202000.0,0.2572568080259912
1.336635976438749,1.0444940398437905,-0.7535451709353972,0.1739322732985107,0.7674946727956098,0.7772367703207032,-0.9976828844653559,1.6334835209507133,0.0,0.0,0.0,0.0,0.0,0.0,0.0,0.0,0.0,0.0,0.0,0.0,0.0,0.0,0.0,0.0,0.0,0.0,0.0,0.0,0.0,0.0,0.0,0.0,1.0,0.0,0.0,0.0,1.0,0.0,0.0,0.0,0.0,1.0,0.0,0.0,0.0,0.0,1.0,0.0,0.0,0.0,0.0,226500.0,0.5635554845539861
-0.7656956092022585,-0.8408008499340011,-0.15179615365780588,-0.0022409377514781893,-0.3382983229933072,-1.021987401155326,0.2059921720278468,1.6334835209507133,0.0,0.0,0.0,0.0,0.0,0.0,0.0,0.0,0.0,1.0,0.0,0.0,0.0,0.0,0.0,0.0,0.0,0.0,0.0,0.0,0.0,0.0,0.0,0.0,0.0,0.0,0.0,1.0,0.0,0.0,0.0,0.0,0.0,0.0,1.0,0.0,0.0,0.0,0.0,1.0,0.0,0.0,0.0,140000.0,-0.5178663733917916
0.6358587812250798,1.1437200866742006,0.02999268312897341,0.31682832226127944,1.3093772962300194,0.7772367703207032,0.2059921720278468,1.6334835209507133,0.0,0.0,0.0,0.0,1.0,0.0,0.0,0.0,0.0,0.0,0.0,0.0,0.0,0.0,0.0,0.0,0.0,0.0,0.0,0.0,0.0,0.0,0.0,0.0,0.0,0.0,0.0,0.0,1.0,0.0,0.0,0.0,0.0,0.0,0.0,1.0,0.0,0.0,1.0,0.0,0.0,0.0,0.0,291000.0,1.3699336329644216
0.6358587812250798,0.8129665972395004,1.2881951738003006,-0.10598738425869386,-0.7237839290950213,0.7772367703207032,0.2059921720278468,0.29818073040869925,0.0,0.0,0.0,0.0,0.0,0.0,0.0,0.0,0.0,0.0,0.0,0.0,0.0,1.0,0.0,0.0,0.0,0.0,0.0,0.0,0.0,0.0,0.0,0.0,0.0,0.0,0.0,0.0,1.0,0.0,0.0,0.0,0.0,0.0,1.0,0.0,0.0,0.0,1.0,0.0,0.0,0.0,0.0,175000.0,-0.08029683549465617
-0.7656956092022585,-0.27851991789501057,0.28293087388276295,-0.07075274204869608,-1.1841638815250684,0.7772367703207032,0.2059921720278468,0.29818073040869925,0.0,0.0,0.0,0.0,0.0,1.0,0.0,0.0,0.0,0.0,0.0,0.0,0.0,0.0,0.0,0.0,0.0,0.0,0.0,0.0,0.0,0.0,0.0,0.0,0.0,0.0,0.0,0.0,1.0,0.0,0.0,0.0,0.0,0.0,1.0,0.0,0.0,0.0,1.0,0.0,0.0,0.0,0.0,175000.0,-0.08029683549465617
-0.06491841398858939,-0.27851991789501057,-0.070914105044365,-0.9633636780353064,-0.10920973422428853,-1.021987401155326,-0.9976828844653559,0.29818073040869925,0.0,1.0,0.0,0.0,0.0,0.0,0.0,0.0,0.0,0.0,0.0,0.0,0.0,0.0,0.0,0.0,0.0,0.0,0.0,0.0,0.0,0.0,0.0,0.0,0.0,0.0,0.0,0.0,1.0,0.0,0.0,0.0,0.0,0.0,1.0,0.0,0.0,0.0,0.0,1.0,0.0,0.0,0.0,135000.0,-0.5803763073770968
-0.7656956092022585,0.44913775886133006,-0.2972272230872293,1.8240880168000733,0.3489674433137488,4.375685113272762,1.4096672285210494,0.29818073040869925,0.0,0.0,1.0,0.0,0.0,0.0,0.0,0.0,0.0,0.0,0.0,0.0,0.0,0.0,0.0,0.0,0.0,0.0,0.0,0.0,0.0,0.0,0.0,0.0,0.0,0.0,0.0,0.0,1.0,0.0,0.0,0.0,0.0,0.0,1.0,0.0,0.0,0.0,0.0,1.0,0.0,0.0,0.0,159000.0,-0.2803286242476324
2.037413171652418,1.1106447377307307,-0.28145354555680724,0.15044251182517884,1.1441691793292847,0.7772367703207032,-0.9976828844653559,0.29818073040869925,0.0,0.0,0.0,1.0,0.0,0.0,0.0,0.0,0.0,0.0,0.0,0.0,0.0,0.0,0.0,0.0,0.0,0.0,0.0,0.0,0.0,0.0,0.0,0.0,0.0,0.0,0.0,0.0,1.0,0.0,0.0,0.0,0.0,0.0,0.0,1.0,0.0,0.0,0.0,0.0,1.0,0.0,0.0,280000.0,1.2324117781967503
-0.7656956092022585,-0.5100473604993008,1.7581612681641527,0.7787936312368059,1.8512599196644288,0.7772367703207032,0.2059921720278468,0.29818073040869925,0.0,0.0,0.0,0.0,0.0,0.0,0.0,0.0,0.0,0.0,0.0,0.0,0.0,0.0,0.0,0.0,1.0,0.0,0.0,0.0,0.0,0.0,0.0,0.0,0.0,0.0,0.0,0.0,1.0,0.0,0.0,0.0,0.0,0.0,1.0,0.0,0.0,0.0,0.0,1.0,0.0,0.0,0.0,236500.0,0.6885753525245962
-1.4664728044159276,-0.3115952668384806,-0.05760156868890239,-0.5405479715153331,-2.3296068253701616,0.7772367703207032,-0.9976828844653559,0.29818073040869925,0.0,1.0,0.0,0.0,0.0,0.0,0.0,0.0,0.0,0.0,0.0,0.0,0.0,0.0,0.0,0.0,0.0,0.0,0.0,0.0,0.0,0.0,0.0,0.0,0.0,0.0,0.0,0.0,0.0,0.0,0.0,0.0,1.0,0.0,1.0,0.0,0.0,0.0,0.0,1.0,0.0,0.0,0.0,101800.0,-0.9954422690395225
-0.7656956092022585,-0.4108213136688907,-0.057825308795716894,-0.1177322649953598,0.41945623985806224,0.7772367703207032,-0.9976828844653559,-1.0371220601333149,0.0,1.0,0.0,0.0,0.0,0.0,0.0,0.0,0.0,0.0,0.0,0.0,0.0,0.0,0.0,0.0,0.0,0.0,0.0,0.0,0.0,0.0,0.0,0.0,0.0,0.0,0.0,0.0,1.0,0.0,0.0,0.0,0.0,1.0,0.0,0.0,0.0,0.0,0.0,1.0,0.0,0.0,0.0,185000.0,0.04472303247595397
0.6358587812250798,0.6475898525221502,0.3096678166470954,1.2270565793528887,0.10225665540865178,0.7772367703207032,1.4096672285210494,1.6334835209507133,1.0,0.0,0.0,0.0,0.0,0.0,0.0,0.0,0.0,0.0,0.0,0.0,0.0,0.0,0.0,0.0,0.0,0.0,0.0,0.0,0.0,0.0,0.0,0.0,0.0,0.0,0.0,0.0,1.0,0.0,0.0,0.0,0.0,1.0,0.0,0.0,0.0,0.0,0.0,0.0,1.0,0.0,0.0,238000.0,0.7073283327201877
-0.7656956092022585,0.41606240991786003,0.22800267765980378,-1.1963038126458474,-0.426409318673699,-1.021987401155326,0.2059921720278468,0.29818073040869925,0.0,0.0,1.0,0.0,0.0,0.0,0.0,0.0,0.0,0.0,0.0,0.0,0.0,0.0,0.0,0.0,0.0,0.0,0.0,0.0,0.0,0.0,0.0,0.0,0.0,0.0,0.0,0.0,1.0,0.0,0.0,0.0,0.0,0.0,1.0,0.0,0.0,0.0,0.0,1.0,0.0,0.0,0.0,137500.0,-0.5491213403844443
0.6358587812250798,0.6806652014656203,-0.23178324184398877,0.4636393314696035,-0.48808701564997325,0.7772367703207032,0.2059921720278468,0.29818073040869925,1.0,0.0,0.0,0.0,0.0,0.0,0.0,0.0,0.0,0.0,0.0,0.0,0.0,0.0,0.0,0.0,0.0,0.0,0.0,0.0,0.0,0.0,0.0,0.0,0.0,0.0,0.0,0.0,1.0,0.0,0.0,0.0,0.0,1.0,0.0,0.0,0.0,0.0,1.0,0.0,0.0,0.0,0.0,175000.0,-0.08029683549465617
2.037413171652418,1.1106447377307307,0.6338672314213024,2.540525741736695,0.7498724736595315,2.5764609417967326,0.2059921720278468,1.6334835209507133,0.0,0.0,0.0,0.0,0.0,0.0,0.0,0.0,0.0,0.0,0.0,0.0,0.0,0.0,0.0,0.0,0.0,0.0,0.0,0.0,0.0,0.0,0.0,1.0,0.0,0.0,0.0,0.0,0.0,1.0,0.0,0.0,0.0,0.0,0.0,1.0,0.0,0.0,0.0,0.0,1.0,0.0,0.0,457347.0,3.4496016306951303
-0.06491841398858939,-0.24544456895154054,-0.1495587525896609,-0.29390547604534867,0.41945623985806224,-1.021987401155326,0.2059921720278468,0.29818073040869925,0.0,1.0,0.0,0.0,0.0,0.0,0.0,0.0,0.0,0.0,0.0,0.0,0.0,0.0,0.0,0.0,0.0,0.0,0.0,0.0,0.0,0.0,0.0,0.0,0.0,0.0,0.0,0.0,1.0,0.0,0.0,0.0,0.0,0.0,1.0,0.0,0.0,0.0,0.0,1.0,0.0,0.0,0.0,168500.0,-0.16155974967555278
2.037413171652418,1.2429461335046108,-0.02213876175880453,0.8610077963934674,1.9217487162087423,0.7772367703207032,0.2059921720278468,1.6334835209507133,0.0,0.0,0.0,1.0,0.0,0.0,0.0,0.0,0.0,0.0,0.0,0.0,0.0,0.0,0.0,0.0,0.0,0.0,0.0,0.0,0.0,0.0,0.0,0.0,0.0,0.0,0.0,0.0,1.0,0.0,0.0,0.0,0.0,0.0,0.0,1.0,0.0,0.0,0.0,0.0,1.0,0.0,0.0,395192.0,2.6725406413238026
-0.7656956092022585,-0.3115952668384806,-0.35875575246121616,-1.1512817698219613,-0.3206761238572288,-1.021987401155326,0.2059921720278468,-1.0371220601333149,0.0,0.0,0.0,0.0,0.0,1.0,0.0,0.0,0.0,0.0,0.0,0.0,0.0,0.0,0.0,0.0,0.0,0.0,0.0,0.0,0.0,0.0,0.0,0.0,0.0,0.0,0.0,0.0,1.0,0.0,0.0,0.0,0.0,0.0,1.0,0.0,0.0,0.0,0.0,1.0,0.0,0.0,0.0,123000.0,-0.7304001489418289
2.037413171652418,0.31683636308744995,4.465192820512759,0.6691747443612572,1.7279045257118804,-2.821211572631355,-3.4050329974517615,1.6334835209507133,0.0,0.0,0.0,0.0,0.0,0.0,0.0,0.0,0.0,0.0,0.0,0.0,0.0,0.0,0.0,0.0,0.0,0.0,0.0,0.0,1.0,0.0,0.0,0.0,0.0,0.0,0.0,0.0,1.0,0.0,0.0,0.0,0.0,1.0,0.0,0.0,0.0,0.0,0.0,0.0,1.0,0.0,0.0,385000.0,2.545120391888157
-0.7656956092022585,-0.4438966626123607,-0.023145592239469766,-1.1512817698219613,-0.3206761238572288,-1.021987401155326,-0.9976828844653559,-1.0371220601333149,0.0,1.0,0.0,0.0,0.0,0.0,0.0,0.0,0.0,0.0,0.0,0.0,0.0,0.0,0.0,0.0,0.0,0.0,0.0,0.0,0.0,0.0,0.0,0.0,0.0,0.0,0.0,0.0,1.0,0.0,0.0,0.0,0.0,0.0,1.0,0.0,0.0,0.0,0.0,1.0,0.0,0.0,0.0,114500.0,-0.8366670367168475
-0.7656956092022585,-0.14621852212113046,-0.09194567508492778,-0.08249762278536202,0.260856447633357,-1.021987401155326,0.2059921720278468,0.29818073040869925,0.0,0.0,0.0,0.0,0.0,1.0,0.0,0.0,0.0,0.0,0.0,0.0,0.0,0.0,0.0,0.0,0.0,0.0,0.0,0.0,0.0,0.0,0.0,0.0,0.0,0.0,0.0,0.0,1.0,0.0,0.0,0.0,0.0,0.0,1.0,0.0,0.0,0.0,0.0,1.0,0.0,0.0,0.0,165000.0,-0.20531670346526631
-0.7656956092022585,-0.6423487562731809,0.13414370285112204,-1.210006173505291,-0.7436089031231095,-1.021987401155326,-0.9976828844653559,-1.0371220601333149,0.0,1.0,0.0,0.0,0.0,0.0,0.0,0.0,0.0,0.0,0.0,0.0,0.0,0.0,0.0,0.0,0.0,0.0,0.0,0.0,0.0,0.0,0.0,0.0,0.0,0.0,0.0,0.0,1.0,0.0,0.0,0.0,0.0,1.0,0.0,0.0,0.0,0.0,0.0,1.0,0.0,0.0,0.0,116000.0,-0.817914056521256
-0.06491841398858939,-0.013917126347250347,-0.08467412161345661,0.28355116017405935,-0.7546227775831584,-1.021987401155326,1.4096672285210494,0.29818073040869925,0.0,0.0,0.0,0.0,0.0,0.0,0.0,0.0,0.0,0.0,0.0,0.0,0.0,0.0,1.0,0.0,0.0,0.0,0.0,0.0,0.0,0.0,0.0,0.0,0.0,0.0,0.0,0.0,1.0,0.0,0.0,0.0,0.0,0.0,1.0,0.0,0.0,0.0,0.0,1.0,0.0,0.0,0.0,171000.0,-0.13030478268290024
-0.7656956092022585,-1.6676845735207517,-0.05760156868890239,2.154902157549497,-0.9815085914601673,2.5764609417967326,1.4096672285210494,0.29818073040869925,0.0,0.0,0.0,0.0,0.0,0.0,0.0,0.0,0.0,0.0,1.0,0.0,0.0,0.0,0.0,0.0,0.0,0.0,0.0,0.0,0.0,0.0,0.0,0.0,0.0,0.0,0.0,0.0,0.0,1.0,0.0,0.0,0.0,0.0,1.0,0.0,0.0,0.0,0.0,1.0,0.0,0.0,0.0,189000.0,0.09473097966419802
2.037413171652418,1.1437200866742006,0.3138070086231636,2.2312438823378256,2.155242854761781,2.5764609417967326,0.2059921720278468,1.6334835209507133,0.0,0.0,0.0,0.0,1.0,0.0,0.0,0.0,0.0,0.0,0.0,0.0,0.0,0.0,0.0,0.0,0.0,0.0,0.0,0.0,0.0,0.0,0.0,0.0,0.0,0.0,0.0,0.0,1.0,0.0,0.0,0.0,0.0,0.0,0.0,1.0,0.0,0.0,0.0,0.0,1.0,0.0,0.0,405749.0,2.8045241159403758
1.336635976438749,0.6806652014656203,0.03592179595955759,2.6853792708222413,1.377663317882323,0.7772367703207032,1.4096672285210494,0.29818073040869925,0.0,0.0,0.0,0.0,0.0,0.0,0.0,0.0,1.0,0.0,0.0,0.0,0.0,0.0,0.0,0.0,0.0,0.0,0.0,0.0,0.0,0.0,0.0,0.0,0.0,0.0,0.0,0.0,1.0,0.0,0.0,0.0,0.0,1.0,0.0,0.0,0.0,0.0,1.0,0.0,0.0,0.0,0.0,285000.0,1.2949217121820553
-0.06491841398858939,-1.866136667181572,-0.18200106807776306,-0.2038613903975766,-0.792069950747325,-1.021987401155326,0.2059921720278468,-1.0371220601333149,0.0,0.0,0.0,0.0,0.0,0.0,0.0,0.0,0.0,0.0,0.0,1.0,0.0,0.0,0.0,0.0,0.0,0.0,0.0,0.0,0.0,0.0,0.0,0.0,0.0,0.0,0.0,1.0,0.0,0.0,0.0,0.0,0.0,0.0,1.0,0.0,0.0,0.0,0.0,1.0,0.0,0.0,0.0,153575.0,-0.34815190262168844
-0.06491841398858939,-1.866136667181572,-0.28357907657154496,-0.31739523751868054,-0.4968981152180124,0.7772367703207032,0.2059921720278468,0.29818073040869925,0.0,0.0,0.0,0.0,0.0,0.0,0.0,0.0,0.0,0.0,0.0,0.0,1.0,0.0,0.0,0.0,0.0,0.0,0.0,0.0,0.0,0.0,0.0,0.0,0.0,0.0,0.0,1.0,0.0,0.0,0.0,0.0,0.0,0.0,1.0,0.0,0.0,0.0,0.0,0.0,0.0,1.0,0.0,92000.0,-1.1179617396507204
2.037413171652418,1.0444940398437905,0.4411151294006127,2.340862769213374,3.9394905172897143,0.7772367703207032,0.2059921720278468,1.6334835209507133,0.0,0.0,0.0,1.0,0.0,0.0,0.0,0.0,0.0,0.0,0.0,0.0,0.0,0.0,0.0,0.0,0.0,0.0,0.0,0.0,0.0,0.0,0.0,0.0,0.0,0.0,0.0,0.0,1.0,0.0,0.0,0.0,0.0,0.0,0.0,1.0,0.0,0.0,0.0,0.0,1.0,0.0,0.0,500000.0,3.9828488735501737
-0.06491841398858939,-0.3115952668384806,-0.03992610025055709,-0.7519558247753197,0.12868995411276932,-1.021987401155326,0.2059921720278468,0.29818073040869925,0.0,1.0,0.0,0.0,0.0,0.0,0.0,0.0,0.0,0.0,0.0,0.0,0.0,0.0,0.0,0.0,0.0,0.0,0.0,0.0,0.0,0.0,0.0,0.0,0.0,0.0,0.0,0.0,1.0,0.0,0.0,0.0,0.0,0.0,1.0,0.0,0.0,0.0,0.0,1.0,0.0,0.0,0.0,160000.0,-0.2678266374505714
0.6358587812250798,0.5483638056917401,0.004821921112342431,0.7278991480445869,1.7345128503879097,0.7772367703207032,0.2059921720278468,0.29818073040869925,0.0,0.0,0.0,0.0,0.0,0.0,0.0,0.0,0.0,0.0,0.0,0.0,0.0,0.0,1.0,0.0,0.0,0.0,0.0,0.0,0.0,0.0,0.0,0.0,0.0,0.0,0.0,0.0,1.0,0.0,0.0,0.0,0.0,0.0,1.0,0.0,0.0,0.0,1.0,0.0,0.0,0.0,0.0,241500.0,0.7510852865099013
-0.7656956092022585,-0.0800678242341904,3.495167587418505,-0.14905194695980226,0.09344555584061259,-1.021987401155326,0.2059921720278468,1.6334835209507133,0.0,0.0,0.0,0.0,0.0,0.0,0.0,0.0,0.0,0.0,0.0,0.0,0.0,1.0,0.0,0.0,0.0,0.0,0.0,0.0,0.0,0.0,0.0,0.0,0.0,0.0,0.0,0.0,0.0,0.0,0.0,1.0,0.0,0.0,1.0,0.0,0.0,0.0,1.0,0.0,0.0,0.0,0.0,155000.0,-0.33033657143587647
-0.06491841398858939,-1.7007599224642218,-0.1685766616688932,-0.24301099285312966,-0.6378757083066393,-1.021987401155326,0.2059921720278468,0.29818073040869925,0.0,0.0,0.0,0.0,0.0,0.0,0.0,0.0,0.0,0.0,0.0,1.0,0.0,0.0,0.0,0.0,0.0,0.0,0.0,0.0,0.0,0.0,0.0,0.0,0.0,0.0,0.0,1.0,0.0,0.0,0.0,0.0,0.0,1.0,0.0,0.0,0.0,0.0,0.0,1.0,0.0,0.0,0.0,165000.0,-0.20531670346526631
2.037413171652418,0.9783433419568505,-0.65096033196095,-0.37220468095645487,0.5560282831626695,-1.021987401155326,-2.2013579409585584,0.29818073040869925,0.0,0.0,0.0,0.0,1.0,0.0,0.0,0.0,0.0,0.0,0.0,0.0,0.0,0.0,0.0,0.0,0.0,0.0,0.0,0.0,0.0,0.0,0.0,0.0,0.0,0.0,0.0,0.0,1.0,0.0,0.0,0.0,0.0,1.0,0.0,0.0,0.0,0.0,0.0,0.0,1.0,0.0,0.0,285000.0,1.2949217121820553
-0.06491841398858939,0.8791172951264404,-0.09194567508492778,0.2032944751401755,-0.2898372753690917,0.7772367703207032,0.2059921720278468,0.29818073040869925,0.0,0.0,0.0,0.0,0.0,0.0,0.0,0.0,0.0,0.0,0.0,0.0,0.0,1.0,0.0,0.0,0.0,0.0,0.0,0.0,0.0,0.0,0.0,0.0,0.0,0.0,0.0,0.0,1.0,0.0,0.0,0.0,0.0,0.0,1.0,0.0,0.0,0.0,1.0,0.0,0.0,0.0,0.0,195500.0,0.17599389384509462
-0.06491841398858939,-0.013917126347250347,-0.970684944598867,-1.0044707606136372,-1.2656665525294308,-1.021987401155326,-0.9976828844653559,-1.0371220601333149,0.0,0.0,0.0,0.0,0.0,0.0,0.0,0.0,0.0,0.0,0.0,0.0,0.0,0.0,0.0,0.0,0.0,0.0,0.0,0.0,0.0,1.0,0.0,0.0,0.0,0.0,0.0,1.0,0.0,0.0,0.0,0.0,0.0,0.0,1.0,0.0,0.0,0.0,0.0,1.0,0.0,0.0,0.0,89500.0,-1.149216706643373
0.6358587812250798,1.2760214824480807,-0.3352630412456939,-0.5444629317608884,0.3621840926658076,0.7772367703207032,-0.9976828844653559,0.29818073040869925,0.0,0.0,0.0,0.0,0.0,0.0,0.0,1.0,0.0,0.0,0.0,0.0,0.0,0.0,0.0,0.0,0.0,0.0,0.0,0.0,0.0,0.0,0.0,0.0,0.0,0.0,0.0,0.0,1.0,0.0,0.0,0.0,0.0,1.0,0.0,0.0,0.0,0.0,1.0,0.0,0.0,0.0,0.0,187000.0,0.069727006070076
-2.167249999629597,-1.7669106203511618,-0.6260133100511335,-0.9398739165619746,-0.082776435520171,-1.021987401155326,-0.9976828844653559,-2.372424850675329,0.0,0.0,0.0,0.0,0.0,0.0,0.0,0.0,0.0,0.0,0.0,0.0,0.0,0.0,0.0,0.0,0.0,0.0,0.0,1.0,0.0,0.0,0.0,0.0,0.0,0.0,0.0,0.0,1.0,0.0,0.0,0.0,0.0,0.0,0.0,0.0,1.0,0.0,0.0,1.0,0.0,0.0,0.0,64500.0,-1.4617663765698983
-0.06491841398858939,0.8791172951264404,-0.04238724142551656,0.2032944751401755,-0.2898372753690917,0.7772367703207032,0.2059921720278468,0.29818073040869925,0.0,0.0,0.0,0.0,0.0,0.0,0.0,0.0,0.0,0.0,0.0,0.0,0.0,1.0,0.0,0.0,0.0,0.0,0.0,0.0,0.0,0.0,0.0,0.0,0.0,0.0,0.0,0.0,1.0,0.0,0.0,0.0,0.0,1.0,0.0,0.0,0.0,0.0,0.0,1.0,0.0,0.0,0.0,195500.0,0.17599389384509462
-0.06491841398858939,-0.37774596472542066,2.395484962425249,0.30508344152461353,0.0493900580004167,-1.021987401155326,0.2059921720278468,0.29818073040869925,0.0,1.0,0.0,0.0,0.0,0.0,0.0,0.0,0.0,0.0,0.0,0.0,0.0,0.0,0.0,0.0,0.0,0.0,0.0,0.0,0.0,0.0,0.0,0.0,0.0,0.0,0.0,0.0,1.0,0.0,0.0,0.0,0.0,0.0,1.0,0.0,0.0,0.0,0.0,1.0,0.0,0.0,0.0,215000.0,0.4197826363877844
-0.7656956092022585,-0.4108213136688907,-0.24968245038914857,-1.2452408157152886,-0.426409318673699,-1.021987401155326,0.2059921720278468,-1.0371220601333149,0.0,1.0,0.0,0.0,0.0,0.0,0.0,0.0,0.0,0.0,0.0,0.0,0.0,0.0,0.0,0.0,0.0,0.0,0.0,0.0,0.0,0.0,0.0,0.0,0.0,0.0,0.0,1.0,0.0,0.0,0.0,0.0,0.0,0.0,1.0,0.0,0.0,0.0,0.0,1.0,0.0,0.0,0.0,118000.0,-0.792910082927134
-1.4664728044159276,-2.031513411898922,-0.5824958592757138,-0.8831069930014226,-1.545418963814675,-1.021987401155326,-0.9976828844653559,-1.0371220601333149,0.0,0.0,0.0,0.0,0.0,0.0,0.0,0.0,0.0,0.0,0.0,0.0,0.0,0.0,0.0,0.0,0.0,0.0,0.0,1.0,0.0,0.0,0.0,0.0,0.0,0.0,0.0,1.0,0.0,0.0,0.0,0.0,0.0,0.0,1.0,0.0,0.0,0.0,0.0,0.0,0.0,0.0,1.0,80900.0,-1.2567337930980977
-0.7656956092022585,1.1106447377307307,-0.7475041880514057,-0.8380849501775366,-1.124688959440804,-1.021987401155326,-0.9976828844653559,0.29818073040869925,0.0,0.0,0.0,0.0,0.0,0.0,0.0,0.0,0.0,0.0,0.0,0.0,1.0,0.0,0.0,0.0,0.0,0.0,0.0,0.0,0.0,0.0,0.0,0.0,0.0,0.0,0.0,0.0,0.0,0.0,1.0,0.0,0.0,0.0,1.0,0.0,0.0,0.0,1.0,0.0,0.0,0.0,0.0,145000.0,-0.4553564394064866
-0.7656956092022585,0.18453496731356983,-0.860492941992727,-0.04922046069814189,-0.6621062321187471,0.7772367703207032,1.4096672285210494,-1.0371220601333149,0.0,0.0,0.0,0.0,0.0,0.0,0.0,0.0,0.0,0.0,0.0,0.0,0.0,0.0,0.0,0.0,0.0,0.0,0.0,0.0,0.0,0.0,0.0,0.0,0.0,1.0,0.0,0.0,1.0,0.0,0.0,0.0,0.0,0.0,1.0,0.0,0.0,0.0,0.0,1.0,0.0,0.0,0.0,127000.0,-0.6803922017535848
1.336635976438749,1.0775693887872606,-0.08568095209412184,0.4166598085229398,1.4437465646426169,0.7772367703207032,0.2059921720278468,1.6334835209507133,0.0,0.0,0.0,1.0,0.0,0.0,0.0,0.0,0.0,0.0,0.0,0.0,0.0,0.0,0.0,0.0,0.0,0.0,0.0,0.0,0.0,0.0,0.0,0.0,0.0,0.0,0.0,0.0,1.0,0.0,0.0,0.0,0.0,0.0,0.0,1.0,0.0,0.0,0.0,0.0,1.0,0.0,0.0,274900.0,1.1686516455317393
-0.06491841398858939,0.7468158993525603,-0.14967062264306816,-0.3526298797286783,-0.9286419940519323,0.7772367703207032,0.2059921720278468,0.29818073040869925,1.0,0.0,0.0,0.0,0.0,0.0,0.0,0.0,0.0,0.0,0.0,0.0,0.0,0.0,0.0,0.0,0.0,0.0,0.0,0.0,0.0,0.0,0.0,0.0,0.0,0.0,0.0,0.0,1.0,0.0,0.0,0.0,0.0,1.0,0.0,0.0,0.0,0.0,1.0,0.0,0.0,0.0,0.0,150000.0,-0.39284650542118155
-0.06491841398858939,-0.24544456895154054,-0.020348840904288547,-0.1470944668370246,0.809347395743796,0.7772367703207032,0.2059921720278468,0.29818073040869925,0.0,1.0,0.0,0.0,0.0,0.0,0.0,0.0,0.0,0.0,0.0,0.0,0.0,0.0,0.0,0.0,0.0,0.0,0.0,0.0,0.0,0.0,0.0,0.0,0.0,0.0,0.0,0.0,1.0,0.0,0.0,0.0,0.0,0.0,1.0,0.0,0.0,0.0,0.0,1.0,0.0,0.0,0.0,180500.0,-0.011535908110820595
1.336635976438749,0.4822131078048001,0.8599566093573522,2.3995871728967035,-1.715032630499429,0.7772367703207032,-0.9976828844653559,0.29818073040869925,0.0,0.0,0.0,0.0,0.0,0.0,0.0,0.0,0.0,0.0,0.0,0.0,0.0,0.0,0.0,0.0,1.0,0.0,0.0,0.0,0.0,0.0,0.0,0.0,0.0,0.0,0.0,0.0,1.0,0.0,0.0,0.0,0.0,0.0,1.0,0.0,0.0,0.0,1.0,0.0,0.0,0.0,0.0,315000.0,1.669981316093886
1.336635976438749,1.2098707845611407,0.09364674351769797,0.38338264643571973,1.4062993914784503,0.7772367703207032,0.2059921720278468,1.6334835209507133,0.0,0.0,0.0,0.0,1.0,0.0,0.0,0.0,0.0,0.0,0.0,0.0,0.0,0.0,0.0,0.0,0.0,0.0,0.0,0.0,0.0,0.0,0.0,0.0,0.0,0.0,0.0,0.0,1.0,0.0,0.0,0.0,0.0,1.0,0.0,0.0,0.0,0.0,1.0,0.0,0.0,0.0,0.0,275000.0,1.1699018442114453
1.336635976438749,1.0114186909003204,0.3253296241241102,0.36968028557627614,1.1243442053011967,0.7772367703207032,0.2059921720278468,1.6334835209507133,0.0,0.0,1.0,0.0,0.0,0.0,0.0,0.0,0.0,0.0,0.0,0.0,0.0,0.0,0.0,0.0,0.0,0.0,0.0,0.0,0.0,0.0,0.0,0.0,0.0,0.0,0.0,0.0,1.0,0.0,0.0,0.0,0.0,1.0,0.0,0.0,0.0,0.0,1.0,0.0,0.0,0.0,0.0,271000.0,1.1198938970232013
-0.7656956092022585,-2.196890156616272,-0.48740631387955224,0.07801574728240564,-1.0696195871405592,-1.021987401155326,0.2059921720278468,-2.372424850675329,0.0,0.0,0.0,0.0,0.0,0.0,0.0,0.0,0.0,1.0,0.0,0.0,0.0,0.0,0.0,0.0,0.0,0.0,0.0,0.0,0.0,0.0,0.0,0.0,0.0,0.0,0.0,0.0,1.0,0.0,0.0,0.0,0.0,1.0,0.0,0.0,0.0,0.0,0.0,0.0,0.0,1.0,0.0,129400.0,-0.6503874334406384
-0.7656956092022585,-1.1054036414817612,0.20395061617724528,-0.875277072510312,-1.0409835135444319,-1.021987401155326,-0.9976828844653559,-2.372424850675329,0.0,0.0,0.0,0.0,0.0,0.0,0.0,0.0,0.0,0.0,0.0,0.0,1.0,0.0,0.0,0.0,0.0,0.0,0.0,0.0,0.0,0.0,0.0,0.0,0.0,0.0,0.0,0.0,1.0,0.0,0.0,0.0,0.0,0.0,0.0,1.0,0.0,0.0,0.0,1.0,0.0,0.0,0.0,120000.0,-0.767906109333012
-0.06491841398858939,0.1514596183700998,-0.27295142149785634,-0.7578282651436528,0.1881648761970338,-1.021987401155326,0.2059921720278468,-1.0371220601333149,0.0,0.0,0.0,0.0,0.0,0.0,0.0,0.0,0.0,0.0,0.0,0.0,1.0,0.0,0.0,0.0,0.0,0.0,0.0,0.0,0.0,0.0,0.0,0.0,0.0,0.0,0.0,0.0,1.0,0.0,0.0,0.0,0.0,0.0,1.0,0.0,0.0,0.0,0.0,1.0,0.0,0.0,0.0,148000.0,-0.4178504790153036
0.6358587812250798,0.7468158993525603,0.06567923016588577,1.2270565793528887,0.36438686755781735,0.7772367703207032,0.2059921720278468,0.29818073040869925,0.0,0.0,0.0,0.0,0.0,0.0,0.0,0.0,1.0,0.0,0.0,0.0,0.0,0.0,0.0,0.0,0.0,0.0,0.0,0.0,0.0,0.0,0.0,0.0,0.0,0.0,0.0,0.0,1.0,0.0,0.0,0.0,0.0,1.0,0.0,0.0,0.0,0.0,1.0,0.0,0.0,0.0,0.0,271000.0,1.1198938970232013
0.6358587812250798,0.8791172951264404,0.49179226359409645,-0.07271022217147374,0.8930528416401682,0.7772367703207032,0.2059921720278468,0.29818073040869925,0.0,0.0,0.0,0.0,0.0,0.0,0.0,1.0,0.0,0.0,0.0,0.0,0.0,0.0,0.0,0.0,0.0,0.0,0.0,0.0,0.0,0.0,0.0,0.0,0.0,0.0,0.0,0.0,1.0,0.0,0.0,0.0,0.0,0.0,1.0,0.0,0.0,0.0,1.0,0.0,0.0,0.0,0.0,207000.0,0.3197667420112963
-0.7656956092022585,-1.0061775946513511,-0.14239906917159698,-0.761743225389208,-0.9726974918921282,-1.021987401155326,0.2059921720278468,-1.0371220601333149,0.0,0.0,0.0,0.0,0.0,0.0,0.0,0.0,0.0,0.0,0.0,0.0,1.0,0.0,0.0,0.0,0.0,0.0,0.0,0.0,0.0,0.0,0.0,0.0,0.0,0.0,0.0,1.0,0.0,0.0,0.0,0.0,0.0,0.0,1.0,0.0,0.0,0.0,0.0,1.0,0.0,0.0,0.0,95000.0,-1.0804557792595373
-0.7656956092022585,-0.3115952668384806,-0.2907387599896089,-0.9809809991403053,-0.12903470825237667,-1.021987401155326,0.2059921720278468,-1.0371220601333149,0.0,0.0,0.0,0.0,0.0,1.0,0.0,0.0,0.0,0.0,0.0,0.0,0.0,0.0,0.0,0.0,0.0,0.0,0.0,0.0,0.0,0.0,0.0,0.0,0.0,0.0,0.0,1.0,0.0,0.0,0.0,0.0,0.0,1.0,0.0,0.0,0.0,0.0,0.0,1.0,0.0,0.0,0.0,132500.0,-0.6116312743697493
-0.06491841398858939,-0.47697201155583074,-0.3300051487355532,-0.5170582100420013,-0.3206761238572288,-1.021987401155326,-0.9976828844653559,0.29818073040869925,0.0,0.0,0.0,0.0,0.0,0.0,0.0,0.0,0.0,1.0,0.0,0.0,0.0,0.0,0.0,0.0,0.0,0.0,0.0,0.0,0.0,0.0,0.0,0.0,0.0,0.0,0.0,0.0,1.0,0.0,0.0,0.0,0.0,0.0,1.0,0.0,0.0,0.0,0.0,1.0,0.0,0.0,0.0,149700.0,-0.39659710146029986
-0.7656956092022585,-0.4108213136688907,-0.2580727043946922,-0.6991038614603231,0.1881648761970338,-1.021987401155326,0.2059921720278468,-1.0371220601333149,0.0,1.0,0.0,0.0,0.0,0.0,0.0,0.0,0.0,0.0,0.0,0.0,0.0,0.0,0.0,0.0,0.0,0.0,0.0,0.0,0.0,0.0,0.0,0.0,0.0,0.0,0.0,0.0,1.0,0.0,0.0,0.0,0.0,0.0,1.0,0.0,0.0,0.0,0.0,1.0,0.0,0.0,0.0,136000.0,-0.5678743205800357
-1.4664728044159276,-1.6346092245772816,0.139065985201041,-0.6266770969175499,-0.7876644009633054,-1.021987401155326,-0.9976828844653559,-1.0371220601333149,0.0,0.0,0.0,0.0,0.0,0.0,0.0,0.0,0.0,0.0,0.0,0.0,0.0,0.0,0.0,0.0,1.0,0.0,0.0,0.0,0.0,0.0,0.0,0.0,0.0,0.0,0.0,1.0,0.0,0.0,0.0,0.0,0.0,0.0,0.0,0.0,1.0,0.0,0.0,0.0,0.0,1.0,0.0,137500.0,-0.5491213403844443
1.336635976438749,1.0114186909003204,-0.10984488363008758,1.3092707445095502,0.49875613597041485,0.7772367703207032,0.2059921720278468,0.29818073040869925,0.0,0.0,0.0,0.0,0.0,0.0,0.0,1.0,0.0,0.0,0.0,0.0,0.0,0.0,0.0,0.0,0.0,0.0,0.0,0.0,0.0,0.0,0.0,0.0,0.0,0.0,0.0,0.0,1.0,0.0,0.0,0.0,0.0,1.0,0.0,0.0,0.0,0.0,1.0,0.0,0.0,0.0,0.0,228500.0,0.5885594581481081
-0.7656956092022585,-0.4438966626123607,0.3818240010947709,-0.6345070174086606,0.2212064995771807,-1.021987401155326,0.2059921720278468,-1.0371220601333149,0.0,0.0,0.0,0.0,0.0,1.0,0.0,0.0,0.0,0.0,0.0,0.0,0.0,0.0,0.0,0.0,0.0,0.0,0.0,0.0,0.0,0.0,0.0,0.0,0.0,0.0,0.0,0.0,1.0,0.0,0.0,0.0,0.0,0.0,1.0,0.0,0.0,0.0,0.0,1.0,0.0,0.0,0.0,137000.0,-0.5553723337829747
-0.7656956092022585,-0.873876198877471,-0.4739819074706824,-1.3548597025908373,-2.3296068253701616,-1.021987401155326,-2.2013579409585584,-1.0371220601333149,0.0,0.0,0.0,0.0,0.0,0.0,0.0,0.0,0.0,0.0,0.0,1.0,0.0,0.0,0.0,0.0,0.0,0.0,0.0,0.0,0.0,0.0,0.0,0.0,0.0,0.0,0.0,0.0,1.0,0.0,0.0,0.0,0.0,0.0,1.0,0.0,0.0,0.0,0.0,1.0,0.0,0.0,0.0,81300.0,-1.2517329983792733
-0.7656956092022585,-0.21236922000807051,-0.12606604137413865,-0.5875274944619968,-0.426409318673699,-1.021987401155326,-2.2013579409585584,0.29818073040869925,0.0,1.0,0.0,0.0,0.0,0.0,0.0,0.0,0.0,0.0,0.0,0.0,0.0,0.0,0.0,0.0,0.0,0.0,0.0,0.0,0.0,0.0,0.0,0.0,0.0,0.0,0.0,1.0,0.0,0.0,0.0,0.0,0.0,1.0,0.0,0.0,0.0,0.0,0.0,1.0,0.0,0.0,0.0,146000.0,-0.4428544526094256
-0.7656956092022585,-0.6092734073297109,-0.16041014777016405,-0.9633636780353064,-0.10920973422428853,-1.021987401155326,-0.9976828844653559,-1.0371220601333149,0.0,1.0,0.0,0.0,0.0,0.0,0.0,0.0,0.0,0.0,0.0,0.0,0.0,0.0,0.0,0.0,0.0,0.0,0.0,0.0,0.0,0.0,0.0,0.0,0.0,0.0,0.0,0.0,1.0,0.0,0.0,0.0,0.0,1.0,0.0,0.0,0.0,0.0,0.0,1.0,0.0,0.0,0.0,134500.0,-0.5866273007756273
-0.7656956092022585,-0.24544456895154054,-0.2614288059969097,-1.1512817698219613,-0.3206761238572288,-1.021987401155326,0.2059921720278468,-2.372424850675329,0.0,0.0,0.0,0.0,0.0,1.0,0.0,0.0,0.0,0.0,0.0,0.0,0.0,0.0,0.0,0.0,0.0,0.0,0.0,0.0,0.0,0.0,0.0,0.0,0.0,0.0,0.0,0.0,1.0,0.0,0.0,0.0,0.0,0.0,1.0,0.0,0.0,0.0,0.0,1.0,0.0,0.0,0.0,124000.0,-0.7178981621447679
-0.06491841398858939,-0.17929387106460049,0.04263399916399253,-0.7969778675992059,0.07802613159654403,0.7772367703207032,0.2059921720278468,0.29818073040869925,0.0,0.0,0.0,0.0,0.0,0.0,0.0,0.0,0.0,0.0,0.0,0.0,0.0,0.0,1.0,0.0,0.0,0.0,0.0,0.0,0.0,0.0,0.0,0.0,0.0,0.0,0.0,0.0,1.0,0.0,0.0,0.0,0.0,0.0,1.0,0.0,0.0,0.0,0.0,1.0,0.0,0.0,0.0,158500.0,-0.2865796176461629
-0.7656956092022585,-0.3115952668384806,-0.12494734084006617,-0.5659952131114426,-0.426409318673699,-1.021987401155326,-0.9976828844653559,0.29818073040869925,0.0,0.0,0.0,0.0,0.0,1.0,0.0,0.0,0.0,0.0,0.0,0.0,0.0,0.0,0.0,0.0,0.0,0.0,0.0,0.0,0.0,0.0,0.0,0.0,0.0,0.0,0.0,1.0,0.0,0.0,0.0,0.0,0.0,0.0,1.0,0.0,0.0,0.0,0.0,1.0,0.0,0.0,0.0,144000.0,-0.4678584262035476
0.6358587812250798,1.0444940398437905,-0.35025362840226526,0.27376375956017107,-0.5717924615463454,0.7772367703207032,0.2059921720278468,0.29818073040869925,0.0,0.0,0.0,0.0,0.0,0.0,0.0,1.0,0.0,0.0,0.0,0.0,0.0,0.0,0.0,0.0,0.0,0.0,0.0,0.0,0.0,0.0,0.0,0.0,0.0,0.0,0.0,0.0,1.0,0.0,0.0,0.0,0.0,1.0,0.0,0.0,0.0,0.0,1.0,0.0,0.0,0.0,0.0,183000.0,0.019719058881831942
-0.7656956092022585,-1.0061775946513511,-0.22171493703733638,-0.29390547604534867,-1.0608084875725199,-1.021987401155326,-0.9976828844653559,1.6334835209507133,0.0,0.0,0.0,0.0,0.0,1.0,0.0,0.0,0.0,0.0,0.0,0.0,0.0,0.0,0.0,0.0,0.0,0.0,0.0,0.0,0.0,0.0,0.0,0.0,0.0,0.0,0.0,0.0,0.0,0.0,0.0,1.0,0.0,1.0,0.0,0.0,0.0,0.0,0.0,1.0,0.0,0.0,0.0,152400.0,-0.3628417371082351
-0.06491841398858939,0.21761031625703986,-0.29689161292700755,-0.9124691948430874,-1.338358123965754,-1.021987401155326,0.2059921720278468,0.29818073040869925,0.0,0.0,0.0,0.0,0.0,1.0,0.0,0.0,0.0,0.0,0.0,0.0,0.0,0.0,0.0,0.0,0.0,0.0,0.0,0.0,0.0,0.0,0.0,0.0,0.0,0.0,0.0,0.0,0.0,0.0,1.0,0.0,0.0,0.0,1.0,0.0,0.0,0.0,1.0,0.0,0.0,0.0,0.0,153000.0,-0.3553405450299985
-0.7656956092022585,-0.37774596472542066,-0.20638873972054328,0.10933542924684811,1.0979109065970791,0.7772367703207032,1.4096672285210494,-2.372424850675329,0.0,1.0,0.0,0.0,0.0,0.0,0.0,0.0,0.0,0.0,0.0,0.0,0.0,0.0,0.0,0.0,0.0,0.0,0.0,0.0,0.0,0.0,0.0,0.0,0.0,0.0,0.0,0.0,1.0,0.0,0.0,0.0,0.0,0.0,1.0,0.0,0.0,0.0,0.0,1.0,0.0,0.0,0.0,119000.0,-0.780408096130073
1.336635976438749,0.9452679930133805,0.4366403272643228,1.366037668070102,0.19257042598105337,0.7772367703207032,1.4096672285210494,1.6334835209507133,0.0,0.0,0.0,0.0,0.0,0.0,0.0,0.0,1.0,0.0,0.0,0.0,0.0,0.0,0.0,0.0,0.0,0.0,0.0,0.0,0.0,0.0,0.0,0.0,0.0,0.0,0.0,0.0,1.0,0.0,0.0,0.0,0.0,1.0,0.0,0.0,0.0,0.0,1.0,0.0,0.0,0.0,0.0,250000.0,0.8573521742849199
-0.06491841398858939,-1.6676845735207517,-0.13613434618079104,-0.7695731458803187,-0.9440614182960008,-1.021987401155326,-0.9976828844653559,-1.0371220601333149,0.0,0.0,0.0,0.0,0.0,0.0,0.0,0.0,0.0,0.0,0.0,0.0,0.0,0.0,0.0,0.0,0.0,0.0,0.0,1.0,0.0,0.0,0.0,0.0,0.0,0.0,0.0,1.0,0.0,0.0,0.0,0.0,0.0,0.0,1.0,0.0,0.0,0.0,0.0,1.0,0.0,0.0,0.0,110000.0,-0.8929259773036221
-0.7656956092022585,-0.774650152047061,1.2226393225036527,-0.4485464057447834,-0.7436089031231095,0.7772367703207032,1.4096672285210494,-1.0371220601333149,0.0,0.0,0.0,0.0,0.0,1.0,0.0,0.0,0.0,0.0,0.0,0.0,0.0,0.0,0.0,0.0,0.0,0.0,0.0,0.0,0.0,0.0,0.0,0.0,0.0,0.0,0.0,0.0,1.0,0.0,0.0,0.0,0.0,0.0,1.0,0.0,0.0,0.0,0.0,1.0,0.0,0.0,0.0,135000.0,-0.5803763073770968
-0.06491841398858939,-0.24544456895154054,-0.23569869371324248,-0.7989353477219835,0.07582335670453424,-1.021987401155326,0.2059921720278468,0.29818073040869925,0.0,1.0,0.0,0.0,0.0,0.0,0.0,0.0,0.0,0.0,0.0,0.0,0.0,0.0,0.0,0.0,0.0,0.0,0.0,0.0,0.0,0.0,0.0,0.0,0.0,0.0,0.0,0.0,1.0,0.0,0.0,0.0,0.0,0.0,1.0,0.0,0.0,0.0,1.0,0.0,0.0,0.0,0.0,145000.0,-0.4553564394064866
-0.06491841398858939,-1.0392529435948212,-0.48740631387955224,-0.5953574149531075,-1.0696195871405592,-1.021987401155326,0.2059921720278468,0.29818073040869925,0.0,0.0,0.0,0.0,0.0,0.0,0.0,0.0,0.0,0.0,0.0,1.0,0.0,0.0,0.0,0.0,0.0,0.0,0.0,0.0,0.0,0.0,0.0,0.0,0.0,0.0,0.0,1.0,0.0,0.0,0.0,0.0,0.0,0.0,1.0,0.0,0.0,0.0,0.0,1.0,0.0,0.0,0.0,128000.0,-0.6678902149565239
-2.167249999629597,-1.866136667181572,-0.004127683160237472,-0.3056503567820146,-1.1489194832529117,0.7772367703207032,0.2059921720278468,-2.372424850675329,0.0,0.0,0.0,0.0,0.0,0.0,0.0,0.0,0.0,0.0,0.0,0.0,0.0,0.0,0.0,0.0,0.0,0.0,0.0,1.0,0.0,0.0,0.0,0.0,0.0,0.0,0.0,0.0,1.0,0.0,0.0,0.0,0.0,0.0,1.0,0.0,0.0,0.0,0.0,1.0,0.0,0.0,0.0,82375.0,-1.2382933625724326
-0.7656956092022585,-2.031513411898922,-0.558779407953377,-0.4896534883231141,-0.8735726217516874,0.7772367703207032,0.2059921720278468,0.29818073040869925,0.0,0.0,0.0,0.0,0.0,0.0,0.0,0.0,0.0,0.0,0.0,0.0,0.0,0.0,0.0,0.0,1.0,0.0,0.0,0.0,0.0,0.0,0.0,0.0,0.0,0.0,0.0,1.0,0.0,0.0,0.0,0.0,0.0,0.0,1.0,0.0,0.0,0.0,0.0,1.0,0.0,0.0,0.0,139000.0,-0.5303683601888527
-0.06491841398858939,0.7137405504090902,-0.03992610025055709,0.3031259614018359,-0.6488895827666883,0.7772367703207032,0.2059921720278468,0.29818073040869925,0.0,0.0,0.0,0.0,0.0,0.0,0.0,0.0,0.0,0.0,0.0,0.0,0.0,1.0,0.0,0.0,0.0,0.0,0.0,0.0,0.0,0.0,0.0,0.0,0.0,0.0,0.0,0.0,1.0,0.0,0.0,0.0,0.0,0.0,1.0,0.0,0.0,0.0,1.0,0.0,0.0,0.0,0.0,175900.0,-0.06904504737730126
-0.06491841398858939,0.8460419461829704,-0.16611552049393372,-0.22735115187090843,-1.4837412668384005,0.7772367703207032,0.2059921720278468,0.29818073040869925,0.0,0.0,0.0,0.0,0.0,0.0,0.0,0.0,0.0,0.0,0.0,0.0,0.0,1.0,0.0,0.0,0.0,0.0,0.0,0.0,0.0,0.0,0.0,0.0,0.0,0.0,0.0,0.0,0.0,1.0,0.0,0.0,0.0,0.0,1.0,0.0,0.0,0.0,1.0,0.0,0.0,0.0,0.0,161500.0,-0.24907365725497987
-0.7656956092022585,-2.3622669013336224,-0.21835883543511891,-0.2606283139581286,-0.43301764334972837,-1.021987401155326,1.4096672285210494,-1.0371220601333149,0.0,0.0,0.0,0.0,0.0,0.0,0.0,0.0,0.0,0.0,0.0,0.0,1.0,0.0,0.0,0.0,0.0,0.0,0.0,0.0,0.0,0.0,0.0,0.0,0.0,0.0,0.0,1.0,0.0,0.0,0.0,0.0,0.0,0.0,1.0,0.0,0.0,0.0,0.0,1.0,0.0,0.0,0.0,119000.0,-0.780408096130073
1.336635976438749,0.7137405504090902,0.14935803011450788,1.4325919922445425,0.2542481229573276,0.7772367703207032,0.2059921720278468,0.29818073040869925,0.0,0.0,0.0,0.0,0.0,0.0,0.0,0.0,1.0,0.0,0.0,0.0,0.0,0.0,0.0,0.0,0.0,0.0,0.0,0.0,0.0,0.0,0.0,0.0,0.0,0.0,0.0,0.0,1.0,0.0,0.0,0.0,0.0,1.0,0.0,0.0,0.0,0.0,1.0,0.0,0.0,0.0,0.0,263550.0,1.0267540953850967
1.336635976438749,0.8129665972395004,-0.14687387130788693,2.0315809098145046,0.5890699065428164,0.7772367703207032,1.4096672285210494,1.6334835209507133,0.0,0.0,0.0,0.0,0.0,0.0,0.0,0.0,1.0,0.0,0.0,0.0,0.0,0.0,0.0,0.0,0.0,0.0,0.0,0.0,0.0,0.0,0.0,0.0,0.0,0.0,0.0,0.0,1.0,0.0,0.0,0.0,0.0,1.0,0.0,0.0,0.0,0.0,1.0,0.0,0.0,0.0,0.0,330000.0,1.8575111180498012
-0.06491841398858939,0.1514596183700998,-0.43147128717592786,-0.7304235434247656,0.15292047792487706,-1.021987401155326,0.2059921720278468,0.29818073040869925,0.0,0.0,0.0,0.0,0.0,0.0,0.0,0.0,0.0,0.0,0.0,0.0,1.0,0.0,0.0,0.0,0.0,0.0,0.0,0.0,0.0,0.0,0.0,0.0,0.0,0.0,0.0,1.0,0.0,0.0,0.0,0.0,0.0,0.0,1.0,0.0,0.0,0.0,0.0,1.0,0.0,0.0,0.0,135000.0,-0.5803763073770968
-3.5688043900569353,-1.6346092245772816,-0.03768869918241211,-1.1669416108041826,-0.8251115741274718,-2.821211572631355,-2.2013579409585584,-2.372424850675329,0.0,0.0,0.0,0.0,0.0,0.0,0.0,0.0,0.0,0.0,0.0,0.0,1.0,0.0,0.0,0.0,0.0,0.0,0.0,0.0,0.0,0.0,0.0,0.0,0.0,0.0,0.0,0.0,1.0,0.0,0.0,0.0,0.0,0.0,0.0,0.0,1.0,0.0,0.0,0.0,0.0,1.0,0.0,61000.0,-1.5055233303596118
-0.7656956092022585,0.34991171203092,-0.22853901029517856,-1.339199861608616,-0.5321425134901692,-1.021987401155326,-0.9976828844653559,-1.0371220601333149,0.0,0.0,1.0,0.0,0.0,0.0,0.0,0.0,0.0,0.0,0.0,0.0,0.0,0.0,0.0,0.0,0.0,0.0,0.0,0.0,0.0,0.0,0.0,0.0,0.0,0.0,0.0,0.0,1.0,0.0,0.0,0.0,0.0,0.0,1.0,0.0,0.0,0.0,0.0,1.0,0.0,0.0,0.0,124500.0,-0.7116471687462375
-0.06491841398858939,0.1514596183700998,-0.08467412161345661,0.6946219859573667,-1.16654168238899,0.7772367703207032,0.2059921720278468,0.29818073040869925,0.0,0.0,0.0,0.0,0.0,0.0,0.0,0.0,0.0,0.0,0.0,0.0,0.0,0.0,0.0,0.0,0.0,0.0,0.0,0.0,1.0,0.0,0.0,0.0,0.0,0.0,0.0,0.0,1.0,0.0,0.0,0.0,0.0,0.0,1.0,0.0,0.0,0.0,0.0,1.0,0.0,0.0,0.0,187000.0,0.069727006070076
1.336635976438749,1.1437200866742006,0.16423674721767195,0.3794676861901644,1.4018938416944309,0.7772367703207032,0.2059921720278468,1.6334835209507133,0.0,0.0,0.0,1.0,0.0,0.0,0.0,0.0,0.0,0.0,0.0,0.0,0.0,0.0,0.0,0.0,0.0,0.0,0.0,0.0,0.0,0.0,0.0,0.0,0.0,0.0,0.0,0.0,1.0,0.0,0.0,0.0,0.0,1.0,0.0,0.0,0.0,0.0,0.0,0.0,1.0,0.0,0.0,322400.0,1.7624960183921374
-0.7656956092022585,-1.1715543393687013,-0.46055750106181254,-0.9007243141064215,-1.16654168238899,-1.021987401155326,-0.9976828844653559,0.29818073040869925,0.0,0.0,0.0,0.0,0.0,0.0,0.0,0.0,0.0,0.0,0.0,1.0,0.0,0.0,0.0,0.0,0.0,0.0,0.0,0.0,0.0,0.0,0.0,0.0,0.0,0.0,0.0,1.0,0.0,0.0,0.0,0.0,0.0,0.0,1.0,0.0,0.0,0.0,0.0,1.0,0.0,0.0,0.0,123900.0,-0.719148360824474
0.6358587812250798,1.1106447377307307,-0.8026561243811794,0.007546462862410082,0.6353281792750222,0.7772367703207032,-0.9976828844653559,0.29818073040869925,0.0,0.0,0.0,0.0,0.0,0.0,0.0,0.0,0.0,0.0,0.0,0.0,0.0,0.0,0.0,0.0,0.0,0.0,0.0,0.0,0.0,0.0,0.0,0.0,1.0,0.0,0.0,0.0,1.0,0.0,0.0,0.0,0.0,1.0,0.0,0.0,0.0,0.0,1.0,0.0,0.0,0.0,0.0,191000.0,0.11973495325832005
-0.7656956092022585,-1.6676845735207517,0.3359572791977989,-1.0494928034375233,-0.39997601996958143,-1.021987401155326,-0.9976828844653559,0.29818073040869925,0.0,0.0,0.0,0.0,0.0,0.0,0.0,0.0,0.0,0.0,0.0,0.0,0.0,0.0,0.0,0.0,1.0,0.0,0.0,0.0,0.0,0.0,0.0,0.0,0.0,0.0,0.0,1.0,0.0,0.0,0.0,0.0,0.0,0.0,1.0,0.0,0.0,0.0,1.0,0.0,0.0,0.0,0.0,163500.0,-0.22406968366085783
-0.7656956092022585,-0.4108213136688907,0.8276261639226573,-0.06683778180314077,0.8996611663161975,-1.021987401155326,0.2059921720278468,0.29818073040869925,0.0,0.0,0.0,0.0,0.0,0.0,0.0,0.0,0.0,0.0,0.0,0.0,1.0,0.0,0.0,0.0,0.0,0.0,0.0,0.0,0.0,0.0,0.0,0.0,0.0,0.0,0.0,0.0,1.0,0.0,0.0,0.0,0.0,0.0,0.0,0.0,1.0,0.0,0.0,1.0,0.0,0.0,0.0,149900.0,-0.39409670410088765
-0.7656956092022585,0.6475898525221502,0.07977485689519913,0.18567715403517662,1.1551830537893337,0.7772367703207032,-0.9976828844653559,0.29818073040869925,0.0,0.0,1.0,0.0,0.0,0.0,0.0,0.0,0.0,0.0,0.0,0.0,0.0,0.0,0.0,0.0,0.0,0.0,0.0,0.0,0.0,0.0,0.0,0.0,0.0,0.0,0.0,1.0,0.0,0.0,0.0,0.0,0.0,0.0,1.0,0.0,0.0,0.0,1.0,0.0,0.0,0.0,0.0,152000.0,-0.3678425318270595
1.336635976438749,0.5483638056917401,-0.721550335660924,-0.9398739165619746,-0.11802083379232771,-1.021987401155326,-2.2013579409585584,0.29818073040869925,0.0,0.0,0.0,0.0,0.0,0.0,0.0,0.0,0.0,0.0,0.0,0.0,0.0,0.0,0.0,0.0,0.0,0.0,0.0,0.0,0.0,0.0,1.0,0.0,0.0,0.0,0.0,0.0,1.0,0.0,0.0,0.0,0.0,0.0,1.0,0.0,0.0,0.0,1.0,0.0,0.0,0.0,0.0,200000.0,0.2322528344318692
0.6358587812250798,0.8129665972395004,0.02641284141994145,0.4303621693823834,1.4591659888866855,0.7772367703207032,0.2059921720278468,0.29818073040869925,0.0,0.0,0.0,0.0,0.0,0.0,0.0,0.0,1.0,0.0,0.0,0.0,0.0,0.0,0.0,0.0,0.0,0.0,0.0,0.0,0.0,0.0,0.0,0.0,0.0,0.0,0.0,0.0,1.0,0.0,0.0,0.0,0.0,1.0,0.0,0.0,0.0,0.0,1.0,0.0,0.0,0.0,0.0,260400.0,0.9873728369743545
-0.7656956092022585,-0.708499454160121,0.05851954674782185,-0.6579967788819924,0.23442314892923946,-1.021987401155326,0.2059921720278468,-1.0371220601333149,0.0,0.0,0.0,0.0,0.0,0.0,0.0,0.0,0.0,0.0,0.0,0.0,1.0,0.0,0.0,0.0,0.0,0.0,0.0,0.0,0.0,0.0,0.0,0.0,0.0,0.0,0.0,1.0,0.0,0.0,0.0,0.0,0.0,0.0,1.0,0.0,0.0,0.0,0.0,1.0,0.0,0.0,0.0,125000.0,-0.7053961753477069
0.6358587812250798,1.1767954356176706,-0.743588736182152,-0.4974834088142247,0.19477320087306316,0.7772367703207032,-0.9976828844653559,0.29818073040869925,0.0,0.0,0.0,0.0,0.0,0.0,0.0,0.0,0.0,0.0,0.0,0.0,0.0,0.0,0.0,0.0,0.0,0.0,0.0,0.0,0.0,0.0,0.0,0.0,1.0,0.0,0.0,0.0,1.0,0.0,0.0,0.0,0.0,1.0,0.0,0.0,0.0,0.0,1.0,0.0,0.0,0.0,0.0,187687.0,0.07831587099965692
2.738190366866087,1.2098707845611407,0.5676401598042111,1.7653636131167436,4.485778690508144,0.7772367703207032,-0.9976828844653559,1.6334835209507133,0.0,0.0,0.0,1.0,0.0,0.0,0.0,0.0,0.0,0.0,0.0,0.0,0.0,0.0,0.0,0.0,0.0,0.0,0.0,0.0,0.0,0.0,0.0,0.0,0.0,0.0,0.0,0.0,1.0,0.0,0.0,0.0,0.0,0.0,0.0,1.0,0.0,0.0,0.0,0.0,1.0,0.0,0.0,555000.0,4.670458147388529
1.336635976438749,1.1437200866742006,0.11982433601499419,0.26201887882350516,1.2521051490377648,0.7772367703207032,0.2059921720278468,1.6334835209507133,0.0,0.0,0.0,1.0,0.0,0.0,0.0,0.0,0.0,0.0,0.0,0.0,0.0,0.0,0.0,0.0,0.0,0.0,0.0,0.0,0.0,0.0,0.0,0.0,0.0,0.0,0.0,0.0,1.0,0.0,0.0,0.0,0.0,1.0,0.0,0.0,0.0,0.0,1.0,0.0,0.0,0.0,0.0,250000.0,0.8573521742849199
0.6358587812250798,1.1437200866742006,0.4247821016031544,1.3151431848778832,0.011942884836250188,0.7772367703207032,0.2059921720278468,1.6334835209507133,0.0,0.0,0.0,1.0,0.0,0.0,0.0,0.0,0.0,0.0,0.0,0.0,0.0,0.0,0.0,0.0,0.0,0.0,0.0,0.0,0.0,0.0,0.0,0.0,0.0,0.0,0.0,0.0,1.0,0.0,0.0,0.0,0.0,1.0,0.0,0.0,0.0,0.0,0.0,0.0,1.0,0.0,0.0,280000.0,1.2324117781967503
-0.06491841398858939,-1.7007599224642218,0.009296723248632384,2.528780861000029,0.9965832615646285,0.7772367703207032,2.613342285014252,0.29818073040869925,0.0,0.0,0.0,0.0,0.0,0.0,0.0,0.0,0.0,1.0,0.0,0.0,0.0,0.0,0.0,0.0,0.0,0.0,0.0,0.0,0.0,0.0,0.0,0.0,0.0,0.0,0.0,1.0,0.0,0.0,0.0,0.0,0.0,0.0,1.0,0.0,0.0,0.0,1.0,0.0,0.0,0.0,0.0,256000.0,0.932364095067286
-0.06491841398858939,-1.0061775946513511,-0.48740631387955224,-0.5522928522519991,-0.7105672797429625,-1.021987401155326,0.2059921720278468,0.29818073040869925,0.0,0.0,0.0,0.0,0.0,0.0,0.0,0.0,0.0,0.0,0.0,1.0,0.0,0.0,0.0,0.0,0.0,0.0,0.0,0.0,0.0,0.0,0.0,0.0,0.0,0.0,0.0,1.0,0.0,0.0,0.0,0.0,0.0,0.0,1.0,0.0,0.0,0.0,0.0,1.0,0.0,0.0,0.0,131000.0,-0.6303842545653409
0.6358587812250798,0.5483638056917401,0.44827481281867665,1.0998203713723411,0.2190037246851709,0.7772367703207032,0.2059921720278468,0.29818073040869925,1.0,0.0,0.0,0.0,0.0,0.0,0.0,0.0,0.0,0.0,0.0,0.0,0.0,0.0,0.0,0.0,0.0,0.0,0.0,0.0,0.0,0.0,0.0,0.0,0.0,0.0,0.0,0.0,1.0,0.0,0.0,0.0,0.0,0.0,1.0,0.0,0.0,0.0,1.0,0.0,0.0,0.0,0.0,277000.0,1.1949058178055674
-1.4664728044159276,-0.04699247529072038,-0.21891818570215515,-1.210006173505291,-0.3867593706175227,-1.021987401155326,-0.9976828844653559,0.29818073040869925,0.0,1.0,0.0,0.0,0.0,0.0,0.0,0.0,0.0,0.0,0.0,0.0,0.0,0.0,0.0,0.0,0.0,0.0,0.0,0.0,0.0,0.0,0.0,0.0,0.0,0.0,0.0,0.0,1.0,0.0,0.0,0.0,0.0,0.0,1.0,0.0,0.0,0.0,0.0,1.0,0.0,0.0,0.0,126000.0,-0.6928941885506459
-0.06491841398858939,-1.7999859692946318,-0.08467412161345661,1.0919904508812306,-0.7105672797429625,-1.021987401155326,0.2059921720278468,0.29818073040869925,0.0,0.0,0.0,0.0,0.0,0.0,0.0,0.0,0.0,1.0,0.0,0.0,0.0,0.0,0.0,0.0,0.0,0.0,0.0,0.0,0.0,0.0,0.0,0.0,0.0,0.0,0.0,1.0,0.0,0.0,0.0,0.0,0.0,0.0,1.0,0.0,0.0,0.0,1.0,0.0,0.0,0.0,0.0,129500.0,-0.6491372347609323
-0.7656956092022585,-1.0061775946513511,-0.09675608738143947,-0.24301099285312966,-0.6378757083066393,-1.021987401155326,0.2059921720278468,-1.0371220601333149,0.0,1.0,0.0,0.0,0.0,0.0,0.0,0.0,0.0,0.0,0.0,0.0,0.0,0.0,0.0,0.0,0.0,0.0,0.0,0.0,0.0,0.0,0.0,0.0,0.0,0.0,0.0,0.0,1.0,0.0,0.0,0.0,0.0,0.0,1.0,0.0,0.0,0.0,0.0,1.0,0.0,0.0,0.0,105000.0,-0.9554359112889272
1.336635976438749,1.0114186909003204,0.368399594685901,1.46782663445454,1.3512300191782054,0.7772367703207032,0.2059921720278468,1.6334835209507133,0.0,0.0,0.0,1.0,0.0,0.0,0.0,0.0,0.0,0.0,0.0,0.0,0.0,0.0,0.0,0.0,0.0,0.0,0.0,0.0,0.0,0.0,0.0,0.0,0.0,0.0,0.0,0.0,1.0,0.0,0.0,0.0,0.0,1.0,0.0,0.0,0.0,0.0,1.0,0.0,0.0,0.0,0.0,320000.0,1.732491250079191
-0.06491841398858939,-3.0237738802030227,-0.05111310559128197,1.3895274295434341,-0.10920973422428853,0.7772367703207032,2.613342285014252,-1.0371220601333149,0.0,0.0,0.0,0.0,0.0,0.0,0.0,0.0,0.0,1.0,0.0,0.0,0.0,0.0,0.0,0.0,0.0,0.0,0.0,0.0,0.0,0.0,0.0,0.0,0.0,0.0,0.0,1.0,0.0,0.0,0.0,0.0,0.0,0.0,0.0,0.0,1.0,0.0,0.0,1.0,0.0,0.0,0.0,117500.0,-0.7991610763256645
-0.06491841398858939,-0.708499454160121,-0.08467412161345661,-0.4857385280775588,-0.056343136816053456,-1.021987401155326,0.2059921720278468,-1.0371220601333149,0.0,1.0,0.0,0.0,0.0,0.0,0.0,0.0,0.0,0.0,0.0,0.0,0.0,0.0,0.0,0.0,0.0,0.0,0.0,0.0,0.0,0.0,0.0,0.0,0.0,0.0,0.0,0.0,1.0,0.0,0.0,0.0,0.0,0.0,1.0,0.0,0.0,0.0,0.0,1.0,0.0,0.0,0.0,119000.0,-0.780408096130073
0.6358587812250798,0.7468158993525603,1.0390605648623574,0.29725352103350294,-1.3978330460500186,0.7772367703207032,0.2059921720278468,0.29818073040869925,0.0,0.0,0.0,0.0,0.0,0.0,0.0,0.0,0.0,0.0,0.0,0.0,0.0,0.0,0.0,0.0,1.0,0.0,0.0,0.0,0.0,0.0,0.0,0.0,0.0,0.0,0.0,0.0,0.0,1.0,0.0,0.0,0.0,1.0,0.0,0.0,0.0,0.0,1.0,0.0,0.0,0.0,0.0,203135.0,0.27144656304065545
0.6358587812250798,1.0775693887872606,-0.8764903596299636,0.40882988803182924,-0.19291518012066075,0.7772367703207032,0.2059921720278468,0.29818073040869925,0.0,0.0,0.0,0.0,0.0,0.0,0.0,0.0,0.0,0.0,0.0,0.0,1.0,0.0,0.0,0.0,0.0,0.0,0.0,0.0,0.0,0.0,0.0,0.0,0.0,0.0,0.0,1.0,0.0,0.0,0.0,0.0,0.0,1.0,0.0,0.0,0.0,0.0,1.0,0.0,0.0,0.0,0.0,137500.0,-0.5491213403844443
-0.06491841398858939,0.7137405504090902,-0.29890527388833804,0.0016740224940771195,-0.7942727256393347,0.7772367703207032,0.2059921720278468,0.29818073040869925,0.0,0.0,0.0,0.0,0.0,0.0,0.0,0.0,0.0,0.0,0.0,0.0,0.0,1.0,0.0,0.0,0.0,0.0,0.0,0.0,0.0,0.0,0.0,0.0,0.0,0.0,0.0,0.0,1.0,0.0,0.0,0.0,0.0,1.0,0.0,0.0,0.0,0.0,1.0,0.0,0.0,0.0,0.0,165600.0,-0.1978155113870297
-0.06491841398858939,-1.1054036414817612,-0.38672326581302835,-0.48769600820033643,-0.5079119896780614,-1.021987401155326,0.2059921720278468,-1.0371220601333149,0.0,0.0,0.0,0.0,0.0,0.0,0.0,0.0,0.0,1.0,0.0,0.0,0.0,0.0,0.0,0.0,0.0,0.0,0.0,0.0,0.0,0.0,0.0,0.0,0.0,0.0,0.0,1.0,0.0,0.0,0.0,0.0,0.0,0.0,0.0,0.0,1.0,0.0,1.0,0.0,0.0,0.0,0.0,119000.0,-0.780408096130073
0.6358587812250798,-0.3115952668384806,-0.33078823910940397,-0.8909369134925332,-0.02770706321992612,-1.021987401155326,0.2059921720278468,0.29818073040869925,0.0,1.0,0.0,0.0,0.0,0.0,0.0,0.0,0.0,0.0,0.0,0.0,0.0,0.0,0.0,0.0,0.0,0.0,0.0,0.0,0.0,0.0,0.0,0.0,0.0,0.0,0.0,1.0,0.0,0.0,0.0,0.0,0.0,0.0,1.0,0.0,0.0,0.0,0.0,1.0,0.0,0.0,0.0,120000.0,-0.767906109333012
-0.7656956092022585,-2.6268696928813826,-0.420284281835203,1.706639209433414,-0.14004858271242565,0.7772367703207032,1.4096672285210494,-1.0371220601333149,0.0,0.0,0.0,0.0,0.0,0.0,0.0,0.0,0.0,1.0,0.0,0.0,0.0,0.0,0.0,0.0,0.0,0.0,0.0,0.0,0.0,0.0,0.0,0.0,0.0,0.0,0.0,0.0,1.0,0.0,0.0,0.0,0.0,0.0,1.0,0.0,0.0,0.0,0.0,1.0,0.0,0.0,0.0,107500.0,-0.9241809442962746
0.6358587812250798,1.1767954356176706,-0.31960123376867905,-0.5522928522519991,0.3533729930977684,0.7772367703207032,-0.9976828844653559,0.29818073040869925,0.0,0.0,0.0,0.0,1.0,0.0,0.0,0.0,0.0,0.0,0.0,0.0,0.0,0.0,0.0,0.0,0.0,0.0,0.0,0.0,0.0,0.0,0.0,0.0,0.0,0.0,0.0,0.0,1.0,0.0,0.0,0.0,0.0,1.0,0.0,0.0,0.0,0.0,1.0,0.0,0.0,0.0,0.0,230348.0,0.6116631297490769
-0.06491841398858939,-0.6092734073297109,-0.2701546701626751,-0.9007243141064215,-0.038720937679975094,-1.021987401155326,0.2059921720278468,-1.0371220601333149,0.0,1.0,0.0,0.0,0.0,0.0,0.0,0.0,0.0,0.0,0.0,0.0,0.0,0.0,0.0,0.0,0.0,0.0,0.0,0.0,0.0,0.0,0.0,0.0,0.0,0.0,0.0,0.0,1.0,0.0,0.0,0.0,0.0,0.0,1.0,0.0,0.0,0.0,0.0,1.0,0.0,0.0,0.0,136000.0,-0.5678743205800357
1.336635976438749,1.0114186909003204,0.7174341613165173,0.4147023284001622,1.4415437897506072,0.7772367703207032,0.2059921720278468,1.6334835209507133,0.0,0.0,0.0,1.0,0.0,0.0,0.0,0.0,0.0,0.0,0.0,0.0,0.0,0.0,0.0,0.0,0.0,0.0,0.0,0.0,0.0,0.0,0.0,0.0,0.0,0.0,0.0,0.0,1.0,0.0,0.0,0.0,0.0,1.0,0.0,0.0,0.0,0.0,0.0,0.0,1.0,0.0,0.0,286500.0,1.313674692377647
-0.06491841398858939,0.18453496731356983,0.20920850868738597,2.6853792708222413,0.6000837810028654,0.7772367703207032,1.4096672285210494,0.29818073040869925,0.0,0.0,0.0,0.0,0.0,0.0,0.0,0.0,0.0,0.0,0.0,0.0,0.0,0.0,1.0,0.0,0.0,0.0,0.0,0.0,0.0,0.0,0.0,0.0,0.0,0.0,0.0,0.0,1.0,0.0,0.0,0.0,0.0,0.0,1.0,0.0,0.0,0.0,1.0,0.0,0.0,0.0,0.0,272000.0,1.1323958838202621
1.336635976438749,0.4822131078048001,-0.7451549169298535,-0.8067652682130941,0.036173408648357934,-1.021987401155326,-0.9976828844653559,0.29818073040869925,0.0,0.0,0.0,0.0,0.0,0.0,0.0,0.0,0.0,0.0,0.0,0.0,0.0,0.0,0.0,0.0,0.0,0.0,0.0,0.0,0.0,0.0,0.0,1.0,0.0,0.0,0.0,0.0,1.0,0.0,0.0,0.0,0.0,1.0,0.0,0.0,0.0,0.0,1.0,0.0,0.0,0.0,0.0,170000.0,-0.14280676947996124
-0.06491841398858939,-0.27851991789501057,-0.01934201042362331,-0.6932314210919901,0.055998382676446086,-1.021987401155326,0.2059921720278468,-1.0371220601333149,0.0,1.0,0.0,0.0,0.0,0.0,0.0,0.0,0.0,0.0,0.0,0.0,0.0,0.0,0.0,0.0,0.0,0.0,0.0,0.0,0.0,0.0,0.0,0.0,0.0,0.0,0.0,0.0,1.0,0.0,0.0,0.0,0.0,0.0,1.0,0.0,0.0,0.0,0.0,1.0,0.0,0.0,0.0,165000.0,-0.20531670346526631
-0.06491841398858939,-0.47697201155583074,0.4355216267302503,0.5673857779768192,-0.1312374831443865,0.7772367703207032,0.2059921720278468,0.29818073040869925,0.0,1.0,0.0,0.0,0.0,0.0,0.0,0.0,0.0,0.0,0.0,0.0,0.0,0.0,0.0,0.0,0.0,0.0,0.0,0.0,0.0,0.0,0.0,0.0,0.0,0.0,0.0,0.0,1.0,0.0,0.0,0.0,0.0,0.0,1.0,0.0,0.0,0.0,0.0,1.0,0.0,0.0,0.0,180000.0,-0.017786901509351104
-0.06491841398858939,0.21761031625703986,0.2972502407188908,-0.7911054272308728,-0.10920973422428853,-1.021987401155326,0.2059921720278468,0.29818073040869925,0.0,0.0,0.0,0.0,0.0,1.0,0.0,0.0,0.0,0.0,0.0,0.0,0.0,0.0,0.0,0.0,0.0,0.0,0.0,0.0,0.0,0.0,0.0,0.0,0.0,0.0,0.0,0.0,1.0,0.0,0.0,0.0,0.0,0.0,1.0,0.0,0.0,0.0,0.0,1.0,0.0,0.0,0.0,157500.0,-0.2990816044432239
-0.7656956092022585,0.1514596183700998,-0.860492941992727,-0.04922046069814189,-1.1180806347647747,0.7772367703207032,1.4096672285210494,-1.0371220601333149,0.0,0.0,0.0,0.0,0.0,0.0,0.0,0.0,0.0,0.0,0.0,0.0,0.0,0.0,0.0,0.0,0.0,0.0,0.0,0.0,0.0,0.0,0.0,0.0,0.0,1.0,0.0,0.0,1.0,0.0,0.0,0.0,0.0,0.0,1.0,0.0,0.0,0.0,1.0,0.0,0.0,0.0,0.0,129500.0,-0.6491372347609323
1.336635976438749,1.1437200866742006,0.1790035942674288,0.1445700714568459,1.1375608546532554,0.7772367703207032,0.2059921720278468,1.6334835209507133,0.0,0.0,0.0,0.0,1.0,0.0,0.0,0.0,0.0,0.0,0.0,0.0,0.0,0.0,0.0,0.0,0.0,0.0,0.0,0.0,0.0,0.0,0.0,0.0,0.0,0.0,0.0,0.0,1.0,0.0,0.0,0.0,0.0,1.0,0.0,0.0,0.0,0.0,1.0,0.0,0.0,0.0,0.0,232000.0,0.6323164119378216
-0.06491841398858939,0.5814391546352101,0.28337835409639195,-0.010070858242588807,0.9635416381844816,0.7772367703207032,0.2059921720278468,0.29818073040869925,0.0,0.0,0.0,0.0,0.0,0.0,0.0,0.0,0.0,0.0,0.0,0.0,0.0,0.0,0.0,1.0,0.0,0.0,0.0,0.0,0.0,0.0,0.0,0.0,0.0,0.0,0.0,0.0,1.0,0.0,0.0,0.0,0.0,0.0,1.0,0.0,0.0,0.0,1.0,0.0,0.0,0.0,0.0,150000.0,-0.39284650542118155
0.6358587812250798,1.0775693887872606,0.08134103764290061,-0.24692595309868498,-1.4837412668384005,0.7772367703207032,0.2059921720278468,0.29818073040869925,0.0,0.0,0.0,0.0,0.0,0.0,0.0,0.0,0.0,0.0,0.0,0.0,0.0,1.0,0.0,0.0,0.0,0.0,0.0,0.0,0.0,0.0,0.0,0.0,0.0,0.0,0.0,0.0,0.0,1.0,0.0,0.0,0.0,1.0,0.0,0.0,0.0,0.0,1.0,0.0,0.0,0.0,0.0,175000.0,-0.08029683549465617
0.6358587812250798,0.6475898525221502,0.04778002162072597,-0.05509290106647485,-1.4837412668384005,0.7772367703207032,0.2059921720278468,0.29818073040869925,0.0,0.0,0.0,0.0,0.0,0.0,0.0,0.0,0.0,0.0,0.0,0.0,0.0,1.0,0.0,0.0,0.0,0.0,0.0,0.0,0.0,0.0,0.0,0.0,0.0,0.0,0.0,0.0,1.0,0.0,0.0,0.0,0.0,1.0,0.0,0.0,0.0,0.0,1.0,0.0,0.0,0.0,0.0,160000.0,-0.2678266374505714
1.336635976438749,0.9452679930133805,0.09364674351769797,0.8531778759023567,0.7674946727956098,0.7772367703207032,0.2059921720278468,0.29818073040869925,0.0,0.0,0.0,0.0,0.0,0.0,0.0,0.0,0.0,0.0,0.0,0.0,0.0,1.0,0.0,0.0,0.0,0.0,0.0,0.0,0.0,0.0,0.0,0.0,0.0,0.0,0.0,0.0,1.0,0.0,0.0,0.0,0.0,1.0,0.0,0.0,0.0,0.0,1.0,0.0,0.0,0.0,0.0,230500.0,0.6135634317422302
1.336635976438749,1.2098707845611407,0.013212175117886091,0.3794676861901644,1.4018938416944309,0.7772367703207032,0.2059921720278468,1.6334835209507133,0.0,0.0,0.0,0.0,0.0,0.0,0.0,1.0,0.0,0.0,0.0,0.0,0.0,0.0,0.0,0.0,0.0,0.0,0.0,0.0,0.0,0.0,0.0,0.0,0.0,0.0,0.0,0.0,1.0,0.0,0.0,0.0,0.0,1.0,0.0,0.0,0.0,0.0,1.0,0.0,0.0,0.0,0.0,245350.0,0.7992179356785862
-0.7656956092022585,-0.27851991789501057,0.09823341570739517,-0.9809809991403053,-0.2920400502611015,-1.021987401155326,0.2059921720278468,-1.0371220601333149,0.0,0.0,0.0,0.0,0.0,1.0,0.0,0.0,0.0,0.0,0.0,0.0,0.0,0.0,0.0,0.0,0.0,0.0,0.0,0.0,0.0,0.0,0.0,0.0,0.0,0.0,0.0,1.0,0.0,0.0,0.0,0.0,0.0,0.0,1.0,0.0,0.0,0.0,1.0,0.0,0.0,0.0,0.0,130000.0,-0.6428862413624018
-0.7656956092022585,-0.6423487562731809,-0.07080223499095775,1.8808549403606252,0.1815565515210044,0.7772367703207032,0.2059921720278468,0.29818073040869925,0.0,1.0,0.0,0.0,0.0,0.0,0.0,0.0,0.0,0.0,0.0,0.0,0.0,0.0,0.0,0.0,0.0,0.0,0.0,0.0,0.0,0.0,0.0,0.0,0.0,0.0,0.0,1.0,0.0,0.0,0.0,0.0,0.0,0.0,1.0,0.0,0.0,0.0,0.0,1.0,0.0,0.0,0.0,197600.0,0.20224806611892276
-0.06491841398858939,-0.5761980583862408,0.11389522318441,-0.39373696230700905,-0.19952350479669012,-1.021987401155326,0.2059921720278468,0.29818073040869925,0.0,0.0,0.0,0.0,0.0,1.0,0.0,0.0,0.0,0.0,0.0,0.0,0.0,0.0,0.0,0.0,0.0,0.0,0.0,0.0,0.0,0.0,0.0,0.0,0.0,0.0,0.0,0.0,1.0,0.0,0.0,0.0,0.0,1.0,0.0,0.0,0.0,0.0,0.0,1.0,0.0,0.0,0.0,150000.0,-0.39284650542118155
0.6358587812250798,-1.5353831777468716,-0.08467412161345661,0.2757212396829487,-0.7259867039870311,-1.021987401155326,0.2059921720278468,0.29818073040869925,0.0,0.0,0.0,0.0,0.0,0.0,0.0,0.0,0.0,1.0,0.0,0.0,0.0,0.0,0.0,0.0,0.0,0.0,0.0,0.0,0.0,0.0,0.0,0.0,0.0,0.0,0.0,1.0,0.0,0.0,0.0,0.0,0.0,0.0,0.0,1.0,0.0,0.0,0.0,1.0,0.0,0.0,0.0,178000.0,-0.04279087510347313
-0.06491841398858939,-1.6015338756338118,-0.18121797770391232,0.2639763589462828,0.01634843462026978,-1.021987401155326,0.2059921720278468,0.29818073040869925,0.0,0.0,0.0,0.0,0.0,0.0,0.0,0.0,0.0,0.0,0.0,1.0,0.0,0.0,0.0,0.0,0.0,0.0,0.0,0.0,0.0,0.0,0.0,0.0,0.0,0.0,0.0,1.0,0.0,0.0,0.0,0.0,0.0,0.0,1.0,0.0,0.0,0.0,1.0,0.0,0.0,0.0,0.0,210000.0,0.3572727024024793
-2.167249999629597,-1.866136667181572,-0.5108990250950745,0.20525195526295317,-0.4792759160819341,0.7772367703207032,0.2059921720278468,-1.0371220601333149,0.0,0.0,0.0,0.0,0.0,0.0,0.0,0.0,0.0,1.0,0.0,0.0,0.0,0.0,0.0,0.0,0.0,0.0,0.0,0.0,0.0,0.0,0.0,0.0,0.0,0.0,0.0,1.0,0.0,0.0,0.0,0.0,0.0,0.0,1.0,0.0,0.0,0.0,0.0,0.0,0.0,1.0,0.0,107400.0,-0.9254311429759807
2.037413171652418,1.1106447377307307,1.1269904268404551,2.403502133142259,1.7411211750639393,0.7772367703207032,1.4096672285210494,1.6334835209507133,0.0,0.0,0.0,1.0,0.0,0.0,0.0,0.0,0.0,0.0,0.0,0.0,0.0,0.0,0.0,0.0,0.0,0.0,0.0,0.0,0.0,0.0,0.0,0.0,0.0,0.0,0.0,0.0,1.0,0.0,0.0,0.0,0.0,0.0,0.0,1.0,0.0,0.0,0.0,0.0,1.0,0.0,0.0,437154.0,3.197149011302077
-1.4664728044159276,-2.031513411898922,-0.789455458079124,-1.339199861608616,-0.9550752927560497,-1.021987401155326,-0.9976828844653559,-2.372424850675329,0.0,0.0,0.0,0.0,0.0,0.0,0.0,0.0,0.0,1.0,0.0,0.0,0.0,0.0,0.0,0.0,0.0,0.0,0.0,0.0,0.0,0.0,0.0,0.0,0.0,0.0,0.0,0.0,1.0,0.0,0.0,0.0,0.0,0.0,1.0,0.0,0.0,0.0,0.0,1.0,0.0,0.0,0.0,58500.0,-1.5367782973522643
0.6358587812250798,0.7468158993525603,2.1928882957047215,0.6848345853434785,-0.18630685544463135,0.7772367703207032,0.2059921720278468,0.29818073040869925,0.0,0.0,0.0,0.0,0.0,0.0,0.0,0.0,1.0,0.0,0.0,0.0,0.0,0.0,0.0,0.0,0.0,0.0,0.0,0.0,0.0,0.0,0.0,0.0,0.0,0.0,0.0,0.0,0.0,1.0,0.0,0.0,0.0,1.0,0.0,0.0,0.0,0.0,1.0,0.0,0.0,0.0,0.0,248000.0,0.8323482006907978
-1.4664728044159276,-1.866136667181572,-0.2531504220447733,0.9040723590945757,-0.3735427212654639,-1.021987401155326,1.4096672285210494,0.29818073040869925,0.0,0.0,0.0,0.0,0.0,0.0,0.0,0.0,0.0,1.0,0.0,0.0,0.0,0.0,0.0,0.0,0.0,0.0,0.0,0.0,0.0,0.0,0.0,0.0,0.0,0.0,0.0,1.0,0.0,0.0,0.0,0.0,0.0,0.0,1.0,0.0,0.0,0.0,0.0,1.0,0.0,0.0,0.0,149500.0,-0.39909749881971207
-0.7656956092022585,-0.11314317317766043,-0.18893701138901248,0.11716534973795872,1.1067220061651182,0.7772367703207032,1.4096672285210494,1.6334835209507133,0.0,1.0,0.0,0.0,0.0,0.0,0.0,0.0,0.0,0.0,0.0,0.0,0.0,0.0,0.0,0.0,0.0,0.0,0.0,0.0,0.0,0.0,0.0,0.0,0.0,0.0,0.0,1.0,0.0,0.0,0.0,0.0,0.0,0.0,1.0,0.0,0.0,0.0,0.0,1.0,0.0,0.0,0.0,126000.0,-0.6928941885506459
-0.7656956092022585,-0.4108213136688907,-0.31288903056424416,-0.9007243141064215,-0.038720937679975094,-1.021987401155326,0.2059921720278468,-1.0371220601333149,0.0,1.0,0.0,0.0,0.0,0.0,0.0,0.0,0.0,0.0,0.0,0.0,0.0,0.0,0.0,0.0,0.0,0.0,0.0,0.0,0.0,0.0,0.0,0.0,0.0,0.0,0.0,0.0,1.0,0.0,0.0,0.0,0.0,0.0,1.0,0.0,0.0,0.0,0.0,1.0,0.0,0.0,0.0,133700.0,-0.596628890213276
-0.06491841398858939,1.0444940398437905,0.3734337470892272,-0.7558707850208751,0.12428440432874972,-1.021987401155326,0.2059921720278468,0.29818073040869925,1.0,0.0,0.0,0.0,0.0,0.0,0.0,0.0,0.0,0.0,0.0,0.0,0.0,0.0,0.0,0.0,0.0,0.0,0.0,0.0,0.0,0.0,0.0,0.0,0.0,0.0,0.0,1.0,0.0,0.0,0.0,0.0,0.0,1.0,0.0,0.0,0.0,0.0,1.0,0.0,0.0,0.0,0.0,155000.0,-0.33033657143587647
0.6358587812250798,-0.774650152047061,0.11881750553432895,0.05256850568629613,-0.7898671758553152,-1.021987401155326,0.2059921720278468,0.29818073040869925,0.0,1.0,0.0,0.0,0.0,0.0,0.0,0.0,0.0,0.0,0.0,0.0,0.0,0.0,0.0,0.0,0.0,0.0,0.0,0.0,0.0,0.0,0.0,0.0,0.0,0.0,0.0,0.0,1.0,0.0,0.0,0.0,0.0,0.0,1.0,0.0,0.0,0.0,0.0,1.0,0.0,0.0,0.0,152500.0,-0.361591538428529
0.6358587812250798,0.6806652014656203,-0.01911827031680881,0.8277306343062473,-0.6775256563628156,0.7772367703207032,0.2059921720278468,0.29818073040869925,0.0,0.0,0.0,0.0,0.0,0.0,0.0,0.0,1.0,0.0,0.0,0.0,0.0,0.0,0.0,0.0,0.0,0.0,0.0,0.0,0.0,0.0,0.0,0.0,0.0,0.0,0.0,0.0,1.0,0.0,0.0,0.0,0.0,1.0,0.0,0.0,0.0,0.0,1.0,0.0,0.0,0.0,0.0,190000.0,0.10723296646125904
0.6358587812250798,0.01915822259621968,0.11199343227648678,0.21503935587684145,0.14631215324884767,0.7772367703207032,0.2059921720278468,0.29818073040869925,0.0,0.0,0.0,0.0,0.0,0.0,0.0,0.0,0.0,0.0,0.0,0.0,0.0,0.0,1.0,0.0,0.0,0.0,0.0,0.0,0.0,0.0,0.0,0.0,0.0,0.0,0.0,0.0,1.0,0.0,0.0,0.0,0.0,1.0,0.0,0.0,0.0,0.0,0.0,1.0,0.0,0.0,0.0,185000.0,0.04472303247595397
1.336635976438749,0.31683636308744995,0.830199175151024,1.9513242247806208,3.0914221838659435,0.7772367703207032,-0.9976828844653559,0.29818073040869925,0.0,0.0,0.0,0.0,0.0,0.0,0.0,0.0,0.0,0.0,0.0,0.0,0.0,0.0,0.0,0.0,0.0,0.0,0.0,0.0,1.0,0.0,0.0,0.0,0.0,0.0,0.0,0.0,1.0,0.0,0.0,0.0,0.0,1.0,0.0,0.0,0.0,0.0,1.0,0.0,0.0,0.0,0.0,373000.0,2.3950965503234247
-0.7656956092022585,-0.6092734073297109,-0.2723920712308201,-0.8674471520192014,-0.0012737645158085818,-1.021987401155326,0.2059921720278468,-1.0371220601333149,0.0,1.0,0.0,0.0,0.0,0.0,0.0,0.0,0.0,0.0,0.0,0.0,0.0,0.0,0.0,0.0,0.0,0.0,0.0,0.0,0.0,0.0,0.0,0.0,0.0,0.0,0.0,1.0,0.0,0.0,0.0,0.0,0.0,1.0,0.0,0.0,0.0,0.0,0.0,1.0,0.0,0.0,0.0,109000.0,-0.9054279641006832
0.6358587812250798,1.0444940398437905,-0.09049136439063354,0.6437275027651477,-0.2567956519889448,0.7772367703207032,0.2059921720278468,0.29818073040869925,0.0,0.0,0.0,0.0,0.0,0.0,0.0,1.0,0.0,0.0,0.0,0.0,0.0,0.0,0.0,0.0,0.0,0.0,0.0,0.0,0.0,0.0,0.0,0.0,0.0,0.0,0.0,0.0,1.0,0.0,0.0,0.0,0.0,1.0,0.0,0.0,0.0,0.0,1.0,0.0,0.0,0.0,0.0,237000.0,0.6948263459231268
-0.7656956092022585,0.18453496731356983,-0.860492941992727,-0.3839495616931208,-1.748074253879576,-1.021987401155326,0.2059921720278468,-1.0371220601333149,0.0,0.0,0.0,0.0,0.0,0.0,0.0,0.0,0.0,0.0,0.0,0.0,0.0,0.0,0.0,0.0,0.0,0.0,0.0,0.0,0.0,0.0,0.0,0.0,0.0,1.0,0.0,0.0,0.0,1.0,0.0,0.0,0.0,0.0,1.0,0.0,0.0,0.0,1.0,0.0,0.0,0.0,0.0,104500.0,-0.9616869046874577
0.6358587812250798,1.1767954356176706,-0.743588736182152,-0.45833380635867166,0.4591061879142386,0.7772367703207032,-0.9976828844653559,0.29818073040869925,0.0,0.0,0.0,0.0,0.0,0.0,0.0,0.0,0.0,0.0,0.0,0.0,0.0,0.0,0.0,0.0,0.0,0.0,0.0,0.0,0.0,0.0,0.0,0.0,1.0,0.0,0.0,0.0,1.0,0.0,0.0,0.0,0.0,1.0,0.0,0.0,0.0,0.0,1.0,0.0,0.0,0.0,0.0,185485.0,0.05078649607252856
0.6358587812250798,1.1106447377307307,-0.38057041287562965,-0.2586708338353509,0.6837892268992376,0.7772367703207032,-0.9976828844653559,0.29818073040869925,0.0,0.0,0.0,1.0,0.0,0.0,0.0,0.0,0.0,0.0,0.0,0.0,0.0,0.0,0.0,0.0,0.0,0.0,0.0,0.0,0.0,0.0,0.0,0.0,0.0,0.0,0.0,0.0,1.0,0.0,0.0,0.0,0.0,1.0,0.0,0.0,0.0,0.0,1.0,0.0,0.0,0.0,0.0,202500.0,0.26350780142452174
0.6358587812250798,-1.4361571309164616,-0.08467412161345661,-0.23909603260757437,-0.8118949247754131,0.7772367703207032,0.2059921720278468,0.29818073040869925,0.0,0.0,0.0,0.0,0.0,0.0,0.0,0.0,0.0,1.0,0.0,0.0,0.0,0.0,0.0,0.0,0.0,0.0,0.0,0.0,0.0,0.0,0.0,0.0,0.0,0.0,0.0,1.0,0.0,0.0,0.0,0.0,0.0,1.0,0.0,0.0,0.0,0.0,0.0,1.0,0.0,0.0,0.0,161000.0,-0.2553246506535104
0.6358587812250798,-2.3622669013336224,-0.43695291979288303,-0.14122202646869164,-0.7612311022591878,-1.021987401155326,1.4096672285210494,0.29818073040869925,0.0,0.0,0.0,0.0,0.0,0.0,0.0,0.0,0.0,1.0,0.0,0.0,0.0,0.0,0.0,0.0,0.0,0.0,0.0,0.0,0.0,0.0,0.0,0.0,0.0,0.0,0.0,1.0,0.0,0.0,0.0,0.0,0.0,0.0,1.0,0.0,0.0,0.0,0.0,1.0,0.0,0.0,0.0,139900.0,-0.5191165720714978
-0.7656956092022585,-1.5684585266903417,-0.06923605424325627,-0.5464204118836661,-0.6026313100344826,-1.021987401155326,1.4096672285210494,-1.0371220601333149,0.0,0.0,0.0,0.0,0.0,0.0,0.0,0.0,0.0,0.0,0.0,0.0,1.0,0.0,0.0,0.0,0.0,0.0,0.0,0.0,0.0,0.0,0.0,0.0,0.0,0.0,0.0,0.0,1.0,0.0,0.0,0.0,0.0,0.0,1.0,0.0,0.0,0.0,0.0,1.0,0.0,0.0,0.0,104900.0,-0.9566861099686333
0.6358587812250798,1.1767954356176706,-0.08165363017146089,-0.2723731946947945,0.6463420537350711,0.7772367703207032,0.2059921720278468,0.29818073040869925,0.0,0.0,0.0,0.0,0.0,0.0,0.0,1.0,0.0,0.0,0.0,0.0,0.0,0.0,0.0,0.0,0.0,0.0,0.0,0.0,0.0,0.0,0.0,0.0,0.0,0.0,0.0,0.0,1.0,0.0,0.0,0.0,0.0,1.0,0.0,0.0,0.0,0.0,1.0,0.0,0.0,0.0,0.0,193000.0,0.14473892685244208
1.336635976438749,1.2760214824480807,0.27923916212032374,-0.1607968276964682,1.2873495473099215,-1.021987401155326,-2.2013579409585584,1.6334835209507133,0.0,0.0,0.0,0.0,1.0,0.0,0.0,0.0,0.0,0.0,0.0,0.0,0.0,0.0,0.0,0.0,0.0,0.0,0.0,0.0,0.0,0.0,0.0,0.0,0.0,0.0,0.0,0.0,1.0,0.0,0.0,0.0,0.0,1.0,0.0,0.0,0.0,0.0,0.0,0.0,1.0,0.0,0.0,267916.0,1.081337769741065
-0.7656956092022585,-0.11314317317766043,-0.0024496323591287404,0.43231964950516105,0.8886472918561485,0.7772367703207032,0.2059921720278468,0.29818073040869925,0.0,0.0,0.0,0.0,0.0,1.0,0.0,0.0,0.0,0.0,0.0,0.0,0.0,0.0,0.0,0.0,0.0,0.0,0.0,0.0,0.0,0.0,0.0,0.0,0.0,0.0,0.0,0.0,1.0,0.0,0.0,0.0,0.0,0.0,1.0,0.0,0.0,0.0,0.0,1.0,0.0,0.0,0.0,180000.0,-0.017786901509351104
1.336635976438749,1.1767954356176706,-0.2537097723118095,-0.15883934757369053,0.7961307463917372,0.7772367703207032,-0.9976828844653559,0.29818073040869925,0.0,0.0,0.0,0.0,0.0,0.0,0.0,0.0,0.0,0.0,0.0,0.0,0.0,0.0,0.0,0.0,0.0,0.0,0.0,0.0,0.0,0.0,0.0,1.0,0.0,0.0,0.0,0.0,1.0,0.0,0.0,0.0,0.0,1.0,0.0,0.0,0.0,0.0,1.0,0.0,0.0,0.0,0.0,392000.0,2.632634299467584
2.738190366866087,1.1437200866742006,0.39536027755704795,1.1272250930912284,2.2433538504421726,0.7772367703207032,-0.9976828844653559,1.6334835209507133,0.0,0.0,0.0,1.0,0.0,0.0,0.0,0.0,0.0,0.0,0.0,0.0,0.0,0.0,0.0,0.0,0.0,0.0,0.0,0.0,0.0,0.0,0.0,0.0,0.0,0.0,0.0,0.0,1.0,0.0,0.0,0.0,0.0,0.0,0.0,1.0,0.0,0.0,0.0,0.0,1.0,0.0,0.0,465000.0,3.545279335653038
-0.7656956092022585,-0.9731022457078812,-0.6570013148449414,-0.42701412439422914,-0.8493420979395796,-1.021987401155326,-0.9976828844653559,-1.0371220601333149,0.0,0.0,0.0,0.0,0.0,0.0,0.0,0.0,0.0,0.0,1.0,0.0,0.0,0.0,0.0,0.0,0.0,0.0,0.0,0.0,0.0,0.0,0.0,0.0,0.0,0.0,0.0,1.0,0.0,0.0,0.0,0.0,0.0,0.0,1.0,0.0,0.0,0.0,0.0,1.0,0.0,0.0,0.0,108500.0,-0.9116789574992137
-0.06491841398858939,0.08530892048315974,-0.024264292773542254,-0.7519558247753197,0.12868995411276932,0.7772367703207032,0.2059921720278468,0.29818073040869925,0.0,0.0,0.0,0.0,0.0,0.0,0.0,0.0,0.0,0.0,0.0,0.0,0.0,0.0,1.0,0.0,0.0,0.0,0.0,0.0,0.0,0.0,0.0,0.0,0.0,0.0,0.0,0.0,1.0,0.0,0.0,0.0,0.0,0.0,1.0,0.0,0.0,0.0,0.0,1.0,0.0,0.0,0.0,167900.0,-0.16906094175378938
-0.7656956092022585,-0.013917126347250347,-0.970684944598867,-0.7989353477219835,-1.1731500070650194,-1.021987401155326,0.2059921720278468,-1.0371220601333149,0.0,0.0,0.0,0.0,0.0,0.0,0.0,0.0,0.0,0.0,0.0,0.0,0.0,0.0,0.0,0.0,0.0,0.0,0.0,0.0,0.0,1.0,0.0,0.0,0.0,0.0,0.0,1.0,0.0,0.0,0.0,0.0,0.0,0.0,1.0,0.0,0.0,0.0,0.0,1.0,0.0,0.0,0.0,105500.0,-0.9491849178903967
-0.06491841398858939,-1.2046296883121714,0.37712545885166643,1.1898644570201133,0.15292047792487706,0.7772367703207032,1.4096672285210494,0.29818073040869925,0.0,0.0,0.0,0.0,0.0,0.0,0.0,0.0,0.0,0.0,0.0,0.0,1.0,0.0,0.0,0.0,0.0,0.0,0.0,0.0,0.0,0.0,0.0,0.0,0.0,0.0,0.0,0.0,0.0,0.0,1.0,0.0,0.0,1.0,0.0,0.0,0.0,0.0,0.0,1.0,0.0,0.0,0.0,235000.0,0.6698223723290047
0.6358587812250798,0.18453496731356983,0.7050165853883126,1.4932738760506497,-0.5784007862223749,0.7772367703207032,0.2059921720278468,0.29818073040869925,0.0,0.0,0.0,0.0,0.0,0.0,0.0,0.0,0.0,0.0,0.0,0.0,0.0,0.0,1.0,0.0,0.0,0.0,0.0,0.0,0.0,0.0,0.0,0.0,0.0,0.0,0.0,0.0,1.0,0.0,0.0,0.0,0.0,1.0,0.0,0.0,0.0,0.0,0.0,1.0,0.0,0.0,0.0,235000.0,0.6698223723290047
2.037413171652418,1.1767954356176706,-0.23771235467457294,0.5869605792045958,1.6353879802474691,0.7772367703207032,-0.9976828844653559,1.6334835209507133,0.0,0.0,0.0,1.0,0.0,0.0,0.0,0.0,0.0,0.0,0.0,0.0,0.0,0.0,0.0,0.0,0.0,0.0,0.0,0.0,0.0,0.0,0.0,0.0,0.0,0.0,0.0,0.0,1.0,0.0,0.0,0.0,0.0,0.0,0.0,1.0,0.0,0.0,0.0,0.0,1.0,0.0,0.0,370967.0,2.369680011165
-0.06491841398858939,-0.24544456895154054,0.8729335355525931,-0.7284660633019879,0.5384060840265912,-1.021987401155326,0.2059921720278468,0.29818073040869925,0.0,0.0,0.0,0.0,0.0,0.0,0.0,0.0,0.0,0.0,0.0,0.0,0.0,1.0,0.0,0.0,0.0,0.0,0.0,0.0,0.0,0.0,0.0,0.0,0.0,0.0,0.0,0.0,1.0,0.0,0.0,0.0,0.0,0.0,1.0,0.0,0.0,0.0,0.0,1.0,0.0,0.0,0.0,154204.0,-0.340288152926337
-0.06491841398858939,-0.24544456895154054,0.11467831355826075,-0.24692595309868498,0.15952880260090643,-1.021987401155326,0.2059921720278468,-1.0371220601333149,0.0,1.0,0.0,0.0,0.0,0.0,0.0,0.0,0.0,0.0,0.0,0.0,0.0,0.0,0.0,0.0,0.0,0.0,0.0,0.0,0.0,0.0,0.0,0.0,0.0,0.0,0.0,0.0,1.0,0.0,0.0,0.0,0.0,0.0,1.0,0.0,0.0,0.0,0.0,1.0,0.0,0.0,0.0,147000.0,-0.4303524658123646
-0.7656956092022585,-0.34467061578195063,0.44749172244482593,-0.6129747360581064,-0.426409318673699,-1.021987401155326,-0.9976828844653559,0.29818073040869925,0.0,1.0,0.0,0.0,0.0,0.0,0.0,0.0,0.0,0.0,0.0,0.0,0.0,0.0,0.0,0.0,0.0,0.0,0.0,0.0,0.0,0.0,0.0,0.0,0.0,0.0,0.0,0.0,1.0,0.0,0.0,0.0,0.0,0.0,1.0,0.0,0.0,0.0,0.0,1.0,0.0,0.0,0.0,140500.0,-0.5116153799932612
-1.4664728044159276,-1.4692324798599317,-0.45116041657560363,-1.9186139779508018,-1.1841638815250684,-1.021987401155326,-2.2013579409585584,-1.0371220601333149,0.0,0.0,0.0,0.0,0.0,0.0,0.0,0.0,0.0,0.0,0.0,1.0,0.0,0.0,0.0,0.0,0.0,0.0,0.0,0.0,0.0,0.0,0.0,0.0,0.0,0.0,0.0,1.0,0.0,0.0,0.0,0.0,0.0,0.0,0.0,0.0,1.0,0.0,0.0,1.0,0.0,0.0,0.0,68500.0,-1.4117584293816543
1.336635976438749,1.1106447377307307,0.31000342680731713,1.1037353316178964,0.036173408648357934,0.7772367703207032,1.4096672285210494,0.29818073040869925,0.0,0.0,0.0,0.0,0.0,0.0,0.0,0.0,0.0,0.0,0.0,0.0,0.0,1.0,0.0,0.0,0.0,0.0,0.0,0.0,0.0,0.0,0.0,0.0,0.0,0.0,0.0,0.0,1.0,0.0,0.0,0.0,0.0,1.0,0.0,0.0,0.0,0.0,1.0,0.0,0.0,0.0,0.0,250000.0,0.8573521742849199
-1.4664728044159276,-1.7007599224642218,-0.5545283459239015,-0.24692595309868498,-0.4792759160819341,-1.021987401155326,-0.9976828844653559,-1.0371220601333149,0.0,0.0,0.0,0.0,0.0,0.0,0.0,0.0,0.0,1.0,0.0,0.0,0.0,0.0,0.0,0.0,0.0,0.0,0.0,0.0,0.0,0.0,0.0,0.0,0.0,0.0,0.0,1.0,0.0,0.0,0.0,0.0,0.0,0.0,1.0,0.0,0.0,0.0,0.0,1.0,0.0,0.0,0.0,105000.0,-0.9554359112889272
2.037413171652418,1.2098707845611407,0.7904853061914507,1.4365069524900977,2.5517423353235436,0.7772367703207032,-2.2013579409585584,1.6334835209507133,0.0,0.0,0.0,0.0,0.0,0.0,0.0,0.0,0.0,0.0,0.0,0.0,0.0,0.0,0.0,0.0,0.0,0.0,0.0,0.0,0.0,0.0,0.0,1.0,0.0,0.0,0.0,0.0,1.0,0.0,0.0,0.0,0.0,0.0,0.0,1.0,0.0,0.0,0.0,0.0,1.0,0.0,0.0,501837.0,4.005815023296375
-0.7656956092022585,-0.37774596472542066,-0.11823513763563125,-0.4622487666042269,0.46351173769825815,-1.021987401155326,0.2059921720278468,0.29818073040869925,0.0,1.0,0.0,0.0,0.0,0.0,0.0,0.0,0.0,0.0,0.0,0.0,0.0,0.0,0.0,0.0,0.0,0.0,0.0,0.0,0.0,0.0,0.0,0.0,0.0,0.0,0.0,0.0,1.0,0.0,0.0,0.0,0.0,0.0,1.0,0.0,0.0,0.0,0.0,1.0,0.0,0.0,0.0,167500.0,-0.17406173647261378
-0.06491841398858939,-0.4438966626123607,16.628711857429515,1.2603337414401088,0.8512001186919821,0.7772367703207032,1.4096672285210494,0.29818073040869925,0.0,0.0,0.0,0.0,0.0,0.0,1.0,0.0,0.0,0.0,0.0,0.0,0.0,0.0,0.0,0.0,0.0,0.0,0.0,0.0,0.0,0.0,0.0,0.0,0.0,0.0,0.0,0.0,1.0,0.0,0.0,0.0,0.0,1.0,0.0,0.0,0.0,0.0,1.0,0.0,0.0,0.0,0.0,277000.0,1.1949058178055674
-0.06491841398858939,-0.34467061578195063,-0.017887699729329073,-0.27041571457201685,0.6705725775471789,-1.021987401155326,0.2059921720278468,0.29818073040869925,0.0,1.0,0.0,0.0,0.0,0.0,0.0,0.0,0.0,0.0,0.0,0.0,0.0,0.0,0.0,0.0,0.0,0.0,0.0,0.0,0.0,0.0,0.0,0.0,0.0,0.0,0.0,0.0,1.0,0.0,0.0,0.0,0.0,0.0,1.0,0.0,0.0,0.0,0.0,1.0,0.0,0.0,0.0,163000.0,-0.23032067705938836
0.6358587812250798,0.8129665972395004,-0.21891818570215515,0.2502739980868392,-1.4837412668384005,0.7772367703207032,0.2059921720278468,0.29818073040869925,0.0,0.0,0.0,0.0,0.0,0.0,0.0,0.0,0.0,0.0,0.0,0.0,0.0,1.0,0.0,0.0,0.0,0.0,0.0,0.0,0.0,0.0,0.0,0.0,0.0,0.0,0.0,0.0,0.0,1.0,0.0,0.0,0.0,0.0,1.0,0.0,0.0,0.0,1.0,0.0,0.0,0.0,0.0,189000.0,0.09473097966419802
-0.06491841398858939,0.2837610141439799,-0.9592741991513277,-0.8909369134925332,-1.1929749810931076,-1.021987401155326,-0.9976828844653559,0.29818073040869925,0.0,0.0,0.0,0.0,0.0,0.0,0.0,0.0,0.0,0.0,0.0,0.0,0.0,0.0,0.0,0.0,0.0,0.0,0.0,0.0,0.0,0.0,1.0,0.0,0.0,0.0,0.0,1.0,0.0,0.0,0.0,0.0,0.0,0.0,1.0,0.0,0.0,0.0,1.0,0.0,0.0,0.0,0.0,123900.0,-0.719148360824474
-1.4664728044159276,-0.47697201155583074,-0.10145462962454392,-0.27041571457201685,-0.038720937679975094,-1.021987401155326,0.2059921720278468,1.6334835209507133,0.0,1.0,0.0,0.0,0.0,0.0,0.0,0.0,0.0,0.0,0.0,0.0,0.0,0.0,0.0,0.0,0.0,0.0,0.0,0.0,0.0,0.0,0.0,0.0,0.0,0.0,0.0,0.0,1.0,0.0,0.0,0.0,0.0,0.0,1.0,0.0,0.0,0.0,0.0,1.0,0.0,0.0,0.0,140000.0,-0.5178663733917916
-0.7656956092022585,-1.5353831777468716,-0.5733225148963194,-1.440988827993054,-0.8317198988035013,-1.021987401155326,-0.9976828844653559,0.29818073040869925,0.0,0.0,0.0,0.0,0.0,0.0,0.0,0.0,0.0,1.0,0.0,0.0,0.0,0.0,0.0,0.0,0.0,0.0,0.0,0.0,0.0,0.0,0.0,0.0,0.0,0.0,0.0,1.0,0.0,0.0,0.0,0.0,0.0,0.0,1.0,0.0,0.0,0.0,0.0,0.0,0.0,1.0,0.0,73000.0,-1.3554994887948797
-0.06491841398858939,1.1437200866742006,-0.20784305041483753,-0.1725417084331341,-0.9726974918921282,0.7772367703207032,0.2059921720278468,0.29818073040869925,0.0,0.0,0.0,0.0,0.0,0.0,0.0,0.0,0.0,0.0,0.0,0.0,0.0,1.0,0.0,0.0,0.0,0.0,0.0,0.0,0.0,0.0,0.0,0.0,0.0,0.0,0.0,0.0,0.0,1.0,0.0,0.0,0.0,0.0,1.0,0.0,0.0,0.0,1.0,0.0,0.0,0.0,0.0,156932.0,-0.3061827329439546
1.336635976438749,0.31683636308744995,-0.7355340923368301,-0.5366330112697778,0.37099519223384675,-1.021987401155326,-2.2013579409585584,0.29818073040869925,0.0,0.0,0.0,0.0,0.0,0.0,0.0,0.0,0.0,0.0,0.0,0.0,0.0,0.0,0.0,0.0,0.0,1.0,0.0,0.0,0.0,0.0,0.0,0.0,0.0,0.0,0.0,0.0,1.0,0.0,0.0,0.0,0.0,1.0,0.0,0.0,0.0,0.0,1.0,0.0,0.0,0.0,0.0,211500.0,0.37602568259807084
0.6358587812250798,1.0444940398437905,-0.17987553706302534,0.8453479554112461,-0.17309020609257258,0.7772367703207032,0.2059921720278468,0.29818073040869925,0.0,0.0,0.0,0.0,0.0,0.0,0.0,1.0,0.0,0.0,0.0,0.0,0.0,0.0,0.0,0.0,0.0,0.0,0.0,0.0,0.0,0.0,0.0,0.0,0.0,0.0,0.0,0.0,1.0,0.0,0.0,0.0,0.0,1.0,0.0,0.0,0.0,0.0,1.0,0.0,0.0,0.0,0.0,213000.0,0.39477866279366236
-0.06491841398858939,1.2429461335046108,-0.279104274435255,-0.5522928522519991,0.3533729930977684,0.7772367703207032,-0.9976828844653559,0.29818073040869925,0.0,0.0,0.0,0.0,1.0,0.0,0.0,0.0,0.0,0.0,0.0,0.0,0.0,0.0,0.0,0.0,0.0,0.0,0.0,0.0,0.0,0.0,0.0,0.0,0.0,0.0,0.0,0.0,1.0,0.0,0.0,0.0,0.0,0.0,1.0,0.0,0.0,0.0,1.0,0.0,0.0,0.0,0.0,208300.0,0.3360193248474756
0.6358587812250798,0.7468158993525603,-0.11633334672770801,0.8962424386034651,-0.6136451844945315,0.7772367703207032,0.2059921720278468,0.29818073040869925,1.0,0.0,0.0,0.0,0.0,0.0,0.0,0.0,0.0,0.0,0.0,0.0,0.0,0.0,0.0,0.0,0.0,0.0,0.0,0.0,0.0,0.0,0.0,0.0,0.0,0.0,0.0,0.0,1.0,0.0,0.0,0.0,0.0,1.0,0.0,0.0,0.0,0.0,1.0,0.0,0.0,0.0,0.0,220000.0,0.4822925703730895
-0.06491841398858939,0.1514596183700998,-0.28391468673176673,-0.7499983446525421,-0.06295146149208283,-1.021987401155326,0.2059921720278468,0.29818073040869925,0.0,0.0,0.0,0.0,0.0,0.0,0.0,0.0,0.0,0.0,0.0,0.0,1.0,0.0,0.0,0.0,0.0,0.0,0.0,0.0,0.0,0.0,0.0,0.0,0.0,0.0,0.0,1.0,0.0,0.0,0.0,0.0,0.0,0.0,1.0,0.0,0.0,0.0,0.0,1.0,0.0,0.0,0.0,107000.0,-0.9304319376948051
-0.7656956092022585,-0.21236922000807051,0.09431796383814146,-0.9007243141064215,-0.038720937679975094,-1.021987401155326,0.2059921720278468,-1.0371220601333149,0.0,0.0,0.0,0.0,0.0,1.0,0.0,0.0,0.0,0.0,0.0,0.0,0.0,0.0,0.0,0.0,0.0,0.0,0.0,0.0,0.0,0.0,0.0,0.0,0.0,0.0,0.0,1.0,0.0,0.0,0.0,0.0,0.0,0.0,1.0,0.0,0.0,0.0,0.0,1.0,0.0,0.0,0.0,129500.0,-0.6491372347609323
-0.7656956092022585,-1.6346092245772816,-0.8230164741012986,1.2290140594756664,-0.038720937679975094,0.7772367703207032,1.4096672285210494,-2.372424850675329,0.0,0.0,0.0,0.0,0.0,0.0,0.0,0.0,0.0,1.0,0.0,0.0,0.0,0.0,0.0,0.0,0.0,0.0,0.0,0.0,0.0,0.0,0.0,0.0,0.0,0.0,0.0,0.0,1.0,0.0,0.0,0.0,0.0,0.0,1.0,0.0,0.0,0.0,0.0,1.0,0.0,0.0,0.0,62500.0,-1.4867703501640204
-0.7656956092022585,-0.17929387106460049,-0.24476016803922962,-1.1512817698219613,-0.3206761238572288,-1.021987401155326,0.2059921720278468,-1.0371220601333149,0.0,0.0,0.0,0.0,0.0,1.0,0.0,0.0,0.0,0.0,0.0,0.0,0.0,0.0,0.0,0.0,0.0,0.0,0.0,0.0,0.0,0.0,0.0,0.0,0.0,0.0,0.0,1.0,0.0,0.0,0.0,0.0,0.0,1.0,0.0,0.0,0.0,0.0,0.0,1.0,0.0,0.0,0.0,129000.0,-0.6553882281594628
-0.06491841398858939,-0.774650152047061,0.1462256686191049,-0.81851014894976,0.05379560778443629,-1.021987401155326,-0.9976828844653559,-1.0371220601333149,0.0,1.0,0.0,0.0,0.0,0.0,0.0,0.0,0.0,0.0,0.0,0.0,0.0,0.0,0.0,0.0,0.0,0.0,0.0,0.0,0.0,0.0,0.0,0.0,0.0,0.0,0.0,1.0,0.0,0.0,0.0,0.0,0.0,0.0,1.0,0.0,0.0,0.0,0.0,1.0,0.0,0.0,0.0,119200.0,-0.7779076987706608
1.336635976438749,1.2429461335046108,0.2825952637225412,0.08584566777351625,1.0714776078929615,0.7772367703207032,0.2059921720278468,1.6334835209507133,0.0,0.0,0.0,1.0,0.0,0.0,0.0,0.0,0.0,0.0,0.0,0.0,0.0,0.0,0.0,0.0,0.0,0.0,0.0,0.0,0.0,0.0,0.0,0.0,0.0,0.0,0.0,0.0,1.0,0.0,0.0,0.0,0.0,1.0,0.0,0.0,0.0,0.0,1.0,0.0,0.0,0.0,0.0,290941.0,1.369196015743395
-0.06491841398858939,-1.1054036414817612,-0.3894081470948023,0.9177747199540193,0.4723228372662973,0.7772367703207032,1.4096672285210494,0.29818073040869925,0.0,0.0,0.0,0.0,0.0,0.0,0.0,0.0,0.0,0.0,0.0,0.0,0.0,0.0,0.0,0.0,0.0,0.0,0.0,1.0,0.0,0.0,0.0,0.0,0.0,0.0,0.0,1.0,0.0,0.0,0.0,0.0,0.0,0.0,1.0,0.0,0.0,0.0,0.0,1.0,0.0,0.0,0.0,141000.0,-0.5053643865947307
0.6358587812250798,1.0114186909003204,-0.17987553706302534,-0.08054014266258436,0.884241742072129,0.7772367703207032,0.2059921720278468,0.29818073040869925,0.0,0.0,0.0,0.0,0.0,0.0,0.0,1.0,0.0,0.0,0.0,0.0,0.0,0.0,0.0,0.0,0.0,0.0,0.0,0.0,0.0,0.0,0.0,0.0,0.0,0.0,0.0,0.0,1.0,0.0,0.0,0.0,0.0,1.0,0.0,0.0,0.0,0.0,1.0,0.0,0.0,0.0,0.0,192000.0,0.13223694005538106
-0.7656956092022585,-1.0392529435948212,1.0284329097886689,0.03495118458129724,1.150777504005314,-1.021987401155326,-0.9976828844653559,-2.372424850675329,0.0,0.0,0.0,0.0,0.0,0.0,0.0,0.0,0.0,0.0,0.0,0.0,1.0,0.0,0.0,0.0,0.0,0.0,0.0,0.0,0.0,0.0,0.0,0.0,0.0,0.0,0.0,0.0,1.0,0.0,0.0,0.0,0.0,0.0,0.0,0.0,1.0,0.0,0.0,1.0,0.0,0.0,0.0,260000.0,0.9823720422555301
1.336635976438749,1.0775693887872606,-0.34242272466375784,2.000261227850062,2.5341201361874655,0.7772367703207032,-2.2013579409585584,0.29818073040869925,0.0,0.0,0.0,0.0,0.0,0.0,0.0,0.0,0.0,0.0,0.0,0.0,0.0,0.0,0.0,0.0,0.0,0.0,0.0,0.0,0.0,0.0,0.0,1.0,0.0,0.0,0.0,0.0,1.0,0.0,0.0,0.0,0.0,1.0,0.0,0.0,0.0,0.0,0.0,0.0,1.0,0.0,0.0,375000.0,2.420100523917547
-0.7656956092022585,-0.14621852212113046,-0.07572451734087671,0.019291343599076007,0.9965832615646285,0.7772367703207032,0.2059921720278468,0.29818073040869925,0.0,1.0,0.0,0.0,0.0,0.0,0.0,0.0,0.0,0.0,0.0,0.0,0.0,0.0,0.0,0.0,0.0,0.0,0.0,0.0,0.0,0.0,0.0,0.0,0.0,0.0,0.0,0.0,1.0,0.0,0.0,0.0,0.0,1.0,0.0,0.0,0.0,0.0,0.0,1.0,0.0,0.0,0.0,178900.0,-0.031539086986118216
-0.7656956092022585,-0.5431227094427709,-0.03433259758019465,-0.5562078124975544,0.3489674433137488,-1.021987401155326,0.2059921720278468,-1.0371220601333149,0.0,1.0,0.0,0.0,0.0,0.0,0.0,0.0,0.0,0.0,0.0,0.0,0.0,0.0,0.0,0.0,0.0,0.0,0.0,0.0,0.0,0.0,0.0,0.0,0.0,0.0,0.0,0.0,1.0,0.0,0.0,0.0,0.0,0.0,1.0,0.0,0.0,0.0,0.0,1.0,0.0,0.0,0.0,129500.0,-0.6491372347609323
-0.7656956092022585,-1.6676845735207517,-0.29935275410196704,-0.30760783690479226,-0.7193783793110017,-1.021987401155326,0.2059921720278468,-1.0371220601333149,0.0,0.0,0.0,0.0,0.0,0.0,0.0,0.0,0.0,0.0,0.0,0.0,0.0,0.0,0.0,0.0,1.0,0.0,0.0,0.0,0.0,0.0,0.0,0.0,0.0,0.0,0.0,1.0,0.0,0.0,0.0,0.0,0.0,0.0,1.0,0.0,0.0,0.0,0.0,1.0,0.0,0.0,0.0,154900.0,-0.3315867701155826
-0.7656956092022585,0.2506856652005099,-0.3747531700984527,0.02516378396740897,-2.3296068253701616,0.7772367703207032,1.4096672285210494,0.29818073040869925,1.0,0.0,0.0,0.0,0.0,0.0,0.0,0.0,0.0,0.0,0.0,0.0,0.0,0.0,0.0,0.0,0.0,0.0,0.0,0.0,0.0,0.0,0.0,0.0,0.0,0.0,0.0,0.0,1.0,0.0,0.0,0.0,0.0,0.0,1.0,0.0,0.0,0.0,0.0,1.0,0.0,0.0,0.0,113722.0,-0.846393582444961
-0.06491841398858939,-1.5023078288034015,-0.599276367286801,-0.9535762774214182,-0.14445413249644526,-1.021987401155326,0.2059921720278468,-1.0371220601333149,0.0,0.0,0.0,0.0,0.0,0.0,0.0,0.0,0.0,0.0,0.0,1.0,0.0,0.0,0.0,0.0,0.0,0.0,0.0,0.0,0.0,0.0,0.0,0.0,0.0,0.0,0.0,1.0,0.0,0.0,0.0,0.0,0.0,0.0,1.0,0.0,0.0,0.0,0.0,1.0,0.0,0.0,0.0,113000.0,-0.8554200169124391
-0.06491841398858939,-0.11314317317766043,0.3583312898792486,-0.2116913108886872,0.7366558243074727,-1.021987401155326,-0.9976828844653559,0.29818073040869925,0.0,1.0,0.0,0.0,0.0,0.0,0.0,0.0,0.0,0.0,0.0,0.0,0.0,0.0,0.0,0.0,0.0,0.0,0.0,0.0,0.0,0.0,0.0,0.0,0.0,0.0,0.0,0.0,1.0,0.0,0.0,0.0,0.0,0.0,1.0,0.0,0.0,0.0,0.0,0.0,0.0,1.0,0.0,110000.0,-0.8929259773036221
0.6358587812250798,-1.5023078288034015,-0.3755362604723035,-0.04139054020703128,-0.9550752927560497,-1.021987401155326,0.2059921720278468,-1.0371220601333149,0.0,0.0,0.0,0.0,0.0,0.0,0.0,0.0,0.0,0.0,1.0,0.0,0.0,0.0,0.0,0.0,0.0,0.0,0.0,0.0,0.0,0.0,0.0,0.0,0.0,0.0,0.0,1.0,0.0,0.0,0.0,0.0,0.0,1.0,0.0,0.0,0.0,0.0,0.0,1.0,0.0,0.0,0.0,160000.0,-0.2678266374505714
-0.7656956092022585,-0.14621852212113046,-0.08467412161345661,0.13282519072017995,1.1243442053011967,-1.021987401155326,0.2059921720278468,0.29818073040869925,0.0,1.0,0.0,0.0,0.0,0.0,0.0,0.0,0.0,0.0,0.0,0.0,0.0,0.0,0.0,0.0,0.0,0.0,0.0,0.0,0.0,0.0,0.0,0.0,0.0,0.0,0.0,0.0,1.0,0.0,0.0,0.0,0.0,0.0,1.0,0.0,0.0,0.0,0.0,1.0,0.0,0.0,0.0,143000.0,-0.48036041300060867
0.6358587812250798,1.0775693887872606,0.1748644022913606,0.3109558818929465,-0.49910089011002223,0.7772367703207032,0.2059921720278468,0.29818073040869925,1.0,0.0,0.0,0.0,0.0,0.0,0.0,0.0,0.0,0.0,0.0,0.0,0.0,0.0,0.0,0.0,0.0,0.0,0.0,0.0,0.0,0.0,0.0,0.0,0.0,0.0,0.0,0.0,1.0,0.0,0.0,0.0,0.0,1.0,0.0,0.0,0.0,0.0,1.0,0.0,0.0,0.0,0.0,181000.0,-0.005284914712290088
-0.06491841398858939,-0.6092734073297109,-0.08467412161345661,0.28159368005128166,0.7895224217157077,-1.021987401155326,0.2059921720278468,0.29818073040869925,0.0,1.0,0.0,0.0,0.0,0.0,0.0,0.0,0.0,0.0,0.0,0.0,0.0,0.0,0.0,0.0,0.0,0.0,0.0,0.0,0.0,0.0,0.0,0.0,0.0,0.0,0.0,0.0,1.0,0.0,0.0,0.0,0.0,0.0,1.0,0.0,0.0,0.0,0.0,1.0,0.0,0.0,0.0,167000.0,-0.1803127298711443
-0.7656956092022585,-2.031513411898922,0.009296723248632384,-0.5288030907786672,-1.360385872885852,-1.021987401155326,-0.9976828844653559,0.29818073040869925,0.0,0.0,0.0,0.0,0.0,0.0,0.0,0.0,0.0,1.0,0.0,0.0,0.0,0.0,0.0,0.0,0.0,0.0,0.0,0.0,0.0,0.0,0.0,0.0,0.0,0.0,0.0,1.0,0.0,0.0,0.0,0.0,0.0,0.0,1.0,0.0,0.0,0.0,0.0,1.0,0.0,0.0,0.0,110000.0,-0.8929259773036221
-1.4664728044159276,-2.3622669013336224,-0.3746413000450455,-1.5271179533952708,-1.3427636737497737,-1.021987401155326,-2.2013579409585584,-1.0371220601333149,0.0,0.0,0.0,0.0,0.0,0.0,0.0,0.0,0.0,1.0,0.0,0.0,0.0,0.0,0.0,0.0,0.0,0.0,0.0,0.0,0.0,0.0,0.0,0.0,0.0,0.0,0.0,0.0,1.0,0.0,0.0,0.0,0.0,0.0,0.0,0.0,1.0,0.0,0.0,0.0,0.0,1.0,0.0,86900.0,-1.1817218723157314
-0.06491841398858939,0.7137405504090902,0.04856311199457671,1.9474092645350656,0.4899450364023757,0.7772367703207032,1.4096672285210494,0.29818073040869925,0.0,0.0,0.0,0.0,0.0,0.0,0.0,0.0,0.0,0.0,0.0,0.0,0.0,0.0,1.0,0.0,0.0,0.0,0.0,0.0,0.0,0.0,0.0,0.0,0.0,0.0,0.0,0.0,1.0,0.0,0.0,0.0,0.0,1.0,0.0,0.0,0.0,0.0,1.0,0.0,0.0,0.0,0.0,243500.0,0.7760892601040233
-0.7656956092022585,-2.3622669013336224,-0.30505812682573674,0.6104503406779276,-1.5366078642466356,0.7772367703207032,1.4096672285210494,0.29818073040869925,0.0,0.0,0.0,0.0,0.0,0.0,0.0,0.0,0.0,1.0,0.0,0.0,0.0,0.0,0.0,0.0,0.0,0.0,0.0,0.0,0.0,0.0,0.0,0.0,0.0,0.0,0.0,1.0,0.0,0.0,0.0,0.0,0.0,1.0,0.0,0.0,0.0,0.0,1.0,0.0,0.0,0.0,0.0,140000.0,-0.5178663733917916
-0.06491841398858939,-0.04699247529072038,0.15215478144968908,-0.11381730474980448,0.8467945689079625,0.7772367703207032,-0.9976828844653559,0.29818073040869925,0.0,0.0,0.0,0.0,0.0,0.0,0.0,0.0,0.0,0.0,0.0,0.0,0.0,0.0,1.0,0.0,0.0,0.0,0.0,0.0,0.0,0.0,0.0,0.0,0.0,0.0,0.0,0.0,1.0,0.0,0.0,0.0,0.0,0.0,1.0,0.0,0.0,0.0,0.0,1.0,0.0,0.0,0.0,185000.0,0.04472303247595397
0.6358587812250798,0.6145145035786802,0.16580292796537344,1.622467564153975,0.9194861403442857,0.7772367703207032,1.4096672285210494,0.29818073040869925,1.0,0.0,0.0,0.0,0.0,0.0,0.0,0.0,0.0,0.0,0.0,0.0,0.0,0.0,0.0,0.0,0.0,0.0,0.0,0.0,0.0,0.0,0.0,0.0,0.0,0.0,0.0,0.0,1.0,0.0,0.0,0.0,0.0,1.0,0.0,0.0,0.0,0.0,1.0,0.0,0.0,0.0,0.0,262280.0,1.0108765721528292
-0.7656956092022585,0.11838426942662977,-0.26478490759912715,-1.1277920083486295,-0.2942428251531113,-1.021987401155326,0.2059921720278468,-1.0371220601333149,0.0,0.0,0.0,0.0,0.0,0.0,0.0,1.0,0.0,0.0,0.0,0.0,0.0,0.0,0.0,0.0,0.0,0.0,0.0,0.0,0.0,0.0,0.0,0.0,0.0,0.0,0.0,1.0,0.0,0.0,0.0,0.0,0.0,0.0,1.0,0.0,0.0,0.0,1.0,0.0,0.0,0.0,0.0,110000.0,-0.8929259773036221
1.336635976438749,1.1767954356176706,-0.017552089569107327,0.1993795148946202,1.1463719542212945,0.7772367703207032,0.2059921720278468,1.6334835209507133,0.0,0.0,0.0,0.0,0.0,0.0,0.0,1.0,0.0,0.0,0.0,0.0,0.0,0.0,0.0,0.0,0.0,0.0,0.0,0.0,0.0,0.0,0.0,0.0,0.0,0.0,0.0,0.0,1.0,0.0,0.0,0.0,0.0,1.0,0.0,0.0,0.0,0.0,1.0,0.0,0.0,0.0,0.0,293200.0,1.3974380039179557
-0.06491841398858939,0.2837610141439799,-0.013077287432817376,0.3638078452079432,1.3842716425583523,0.7772367703207032,0.2059921720278468,0.29818073040869925,0.0,0.0,0.0,0.0,0.0,0.0,0.0,0.0,0.0,0.0,0.0,0.0,0.0,0.0,1.0,0.0,0.0,0.0,0.0,0.0,0.0,0.0,0.0,0.0,0.0,0.0,0.0,0.0,1.0,0.0,0.0,0.0,0.0,0.0,1.0,0.0,0.0,0.0,1.0,0.0,0.0,0.0,0.0,207500.0,0.3260177354098268
-1.4664728044159276,-2.3622669013336224,-0.2921930706839031,0.8825400777440215,-0.26340397666497417,0.7772367703207032,1.4096672285210494,0.29818073040869925,0.0,0.0,0.0,0.0,0.0,0.0,0.0,0.0,0.0,1.0,0.0,0.0,0.0,0.0,0.0,0.0,0.0,0.0,0.0,0.0,0.0,0.0,0.0,0.0,0.0,0.0,0.0,1.0,0.0,0.0,0.0,0.0,0.0,0.0,0.0,0.0,1.0,0.0,0.0,1.0,0.0,0.0,0.0,111500.0,-0.8741729971080306
0.6358587812250798,0.1514596183700998,-0.024264292773542254,0.32074328250683476,-0.4968981152180124,0.7772367703207032,1.4096672285210494,0.29818073040869925,0.0,0.0,0.0,0.0,0.0,0.0,0.0,0.0,0.0,0.0,0.0,0.0,0.0,0.0,1.0,0.0,0.0,0.0,0.0,0.0,0.0,0.0,0.0,0.0,0.0,0.0,0.0,0.0,1.0,0.0,0.0,0.0,0.0,0.0,1.0,0.0,0.0,0.0,1.0,0.0,0.0,0.0,0.0,162900.0,-0.23157087573909446
2.037413171652418,1.0444940398437905,0.5500765614192731,1.8632376192556264,3.0715972098378552,0.7772367703207032,0.2059921720278468,1.6334835209507133,0.0,0.0,0.0,1.0,0.0,0.0,0.0,0.0,0.0,0.0,0.0,0.0,0.0,0.0,0.0,0.0,0.0,0.0,0.0,0.0,0.0,0.0,0.0,0.0,0.0,0.0,0.0,0.0,1.0,0.0,0.0,0.0,0.0,0.0,0.0,1.0,0.0,0.0,0.0,0.0,1.0,0.0,0.0,445000.0,3.2952395997118176
-0.7656956092022585,-1.6015338756338118,-0.4739819074706824,0.7866235517279165,0.09344555584061259,0.7772367703207032,1.4096672285210494,0.29818073040869925,0.0,0.0,0.0,0.0,0.0,0.0,0.0,0.0,0.0,1.0,0.0,0.0,0.0,0.0,0.0,0.0,0.0,0.0,0.0,0.0,0.0,0.0,0.0,0.0,0.0,0.0,0.0,1.0,0.0,0.0,0.0,0.0,0.0,0.0,1.0,0.0,0.0,0.0,0.0,1.0,0.0,0.0,0.0,123500.0,-0.7241491555432984
2.738190366866087,1.1767954356176706,0.3732100069824127,2.2977982065122657,3.4636911406155986,0.7772367703207032,-0.9976828844653559,1.6334835209507133,0.0,0.0,0.0,1.0,0.0,0.0,0.0,0.0,0.0,0.0,0.0,0.0,0.0,0.0,0.0,0.0,0.0,0.0,0.0,0.0,0.0,0.0,0.0,0.0,0.0,0.0,0.0,0.0,1.0,0.0,0.0,0.0,0.0,0.0,0.0,1.0,0.0,0.0,0.0,0.0,1.0,0.0,0.0,610000.0,5.3580674212268855
-0.06491841398858939,0.2837610141439799,0.04531888044576649,-0.5542503323747767,-0.9506697429720302,-1.021987401155326,0.2059921720278468,-1.0371220601333149,1.0,0.0,0.0,0.0,0.0,0.0,0.0,0.0,0.0,0.0,0.0,0.0,0.0,0.0,0.0,0.0,0.0,0.0,0.0,0.0,0.0,0.0,0.0,0.0,0.0,0.0,0.0,0.0,1.0,0.0,0.0,0.0,0.0,0.0,1.0,0.0,0.0,0.0,1.0,0.0,0.0,0.0,0.0,120000.0,-0.767906109333012
0.6358587812250798,0.8460419461829704,-0.11409594565956303,0.3755527259446091,-0.39557047018556185,0.7772367703207032,0.2059921720278468,0.29818073040869925,0.0,0.0,0.0,0.0,0.0,0.0,0.0,1.0,0.0,0.0,0.0,0.0,0.0,0.0,0.0,0.0,0.0,0.0,0.0,0.0,0.0,0.0,0.0,0.0,0.0,0.0,0.0,0.0,1.0,0.0,0.0,0.0,0.0,0.0,1.0,0.0,0.0,0.0,1.0,0.0,0.0,0.0,0.0,191000.0,0.11973495325832005
-0.7656956092022585,-0.4438966626123607,-0.31288903056424416,-0.31543775739590285,-0.06295146149208283,-1.021987401155326,0.2059921720278468,-1.0371220601333149,0.0,1.0,0.0,0.0,0.0,0.0,0.0,0.0,0.0,0.0,0.0,0.0,0.0,0.0,0.0,0.0,0.0,0.0,0.0,0.0,0.0,0.0,0.0,0.0,0.0,0.0,0.0,0.0,1.0,0.0,0.0,0.0,0.0,0.0,1.0,0.0,0.0,0.0,0.0,1.0,0.0,0.0,0.0,139000.0,-0.5303683601888527
-0.7656956092022585,0.18453496731356983,2.6430533906154907,0.34423304398016663,0.2256120493612003,-1.021987401155326,0.2059921720278468,0.29818073040869925,0.0,0.0,1.0,0.0,0.0,0.0,0.0,0.0,0.0,0.0,0.0,0.0,0.0,0.0,0.0,0.0,0.0,0.0,0.0,0.0,0.0,0.0,0.0,0.0,0.0,0.0,0.0,0.0,1.0,0.0,0.0,0.0,0.0,1.0,0.0,0.0,0.0,0.0,0.0,1.0,0.0,0.0,0.0,196000.0,0.18224488724362514
-0.06491841398858939,-0.6423487562731809,0.06635045048632927,-1.0808124854019656,-0.24137622774487622,-1.021987401155326,-0.9976828844653559,0.29818073040869925,0.0,1.0,0.0,0.0,0.0,0.0,0.0,0.0,0.0,0.0,0.0,0.0,0.0,0.0,0.0,0.0,0.0,0.0,0.0,0.0,0.0,0.0,0.0,0.0,0.0,0.0,0.0,1.0,0.0,0.0,0.0,0.0,0.0,0.0,1.0,0.0,0.0,0.0,0.0,1.0,0.0,0.0,0.0,125000.0,-0.7053961753477069
-1.4664728044159276,-0.4438966626123607,-0.6742293030696578,-0.3624172803425666,-0.5497647126262475,0.7772367703207032,0.2059921720278468,0.29818073040869925,0.0,0.0,0.0,0.0,0.0,0.0,0.0,0.0,0.0,0.0,0.0,0.0,0.0,0.0,0.0,0.0,0.0,0.0,0.0,1.0,0.0,0.0,0.0,0.0,0.0,0.0,0.0,1.0,0.0,0.0,0.0,0.0,0.0,0.0,1.0,0.0,0.0,0.0,0.0,0.0,0.0,1.0,0.0,99500.0,-1.0241968386727627
-1.4664728044159276,-0.0800678242341904,-0.006924434495418692,-1.1043022468752977,-0.26780952644899375,-1.021987401155326,-0.9976828844653559,-1.0371220601333149,0.0,1.0,0.0,0.0,0.0,0.0,0.0,0.0,0.0,0.0,0.0,0.0,0.0,0.0,0.0,0.0,0.0,0.0,0.0,0.0,0.0,0.0,0.0,0.0,0.0,0.0,0.0,0.0,1.0,0.0,0.0,0.0,0.0,0.0,1.0,0.0,0.0,0.0,1.0,0.0,0.0,0.0,0.0,111900.0,-0.8691722023892062
-0.7656956092022585,-0.873876198877471,-0.20996858142957525,-1.3842219044325021,-0.5828063360063944,-1.021987401155326,-0.9976828844653559,-1.0371220601333149,0.0,1.0,0.0,0.0,0.0,0.0,0.0,0.0,0.0,0.0,0.0,0.0,0.0,0.0,0.0,0.0,0.0,0.0,0.0,0.0,0.0,0.0,0.0,0.0,0.0,0.0,0.0,1.0,0.0,0.0,0.0,0.0,0.0,0.0,0.0,0.0,1.0,0.0,0.0,1.0,0.0,0.0,0.0,113000.0,-0.8554200169124391
-0.06491841398858939,0.1514596183700998,-0.3531622497908537,-0.19994643015202127,-0.8229087992354621,-1.021987401155326,0.2059921720278468,0.29818073040869925,0.0,0.0,0.0,0.0,0.0,0.0,0.0,0.0,0.0,0.0,0.0,0.0,1.0,0.0,0.0,0.0,0.0,0.0,0.0,0.0,0.0,0.0,0.0,0.0,0.0,0.0,0.0,0.0,1.0,0.0,0.0,0.0,0.0,0.0,1.0,0.0,0.0,0.0,0.0,1.0,0.0,0.0,0.0,160500.0,-0.26157564405204087
-0.7656956092022585,-1.0392529435948212,-0.38672326581302835,-1.413584106274167,-0.6995534052829135,-1.021987401155326,-0.9976828844653559,-1.0371220601333149,0.0,0.0,0.0,0.0,0.0,0.0,0.0,0.0,0.0,0.0,0.0,0.0,0.0,0.0,0.0,0.0,0.0,0.0,0.0,1.0,0.0,0.0,0.0,0.0,0.0,0.0,0.0,1.0,0.0,0.0,0.0,0.0,0.0,0.0,1.0,0.0,0.0,0.0,0.0,1.0,0.0,0.0,0.0,120500.0,-0.7616551159344814
-0.06491841398858939,0.9783433419568505,0.2071948477260555,0.9021148789717981,-0.5585758121942866,0.7772367703207032,0.2059921720278468,0.29818073040869925,0.0,0.0,1.0,0.0,0.0,0.0,0.0,0.0,0.0,0.0,0.0,0.0,0.0,0.0,0.0,0.0,0.0,0.0,0.0,0.0,0.0,0.0,0.0,0.0,0.0,0.0,0.0,0.0,0.0,1.0,0.0,0.0,0.0,1.0,0.0,0.0,0.0,0.0,0.0,0.0,1.0,0.0,0.0,215000.0,0.4197826363877844
-1.4664728044159276,-2.031513411898922,0.11960059590817969,0.18371967391239896,-0.5057092147860516,0.7772367703207032,0.2059921720278468,-2.372424850675329,0.0,0.0,0.0,0.0,0.0,0.0,0.0,0.0,0.0,1.0,0.0,0.0,0.0,0.0,0.0,0.0,0.0,0.0,0.0,0.0,0.0,0.0,0.0,0.0,0.0,0.0,0.0,0.0,1.0,0.0,0.0,0.0,0.0,0.0,1.0,0.0,0.0,0.0,0.0,1.0,0.0,0.0,0.0,118000.0,-0.792910082927134
-0.7656956092022585,-2.3622669013336224,-0.17674317556762237,1.3699526283156576,0.4723228372662973,0.7772367703207032,1.4096672285210494,-2.372424850675329,0.0,0.0,0.0,0.0,0.0,0.0,0.0,0.0,0.0,0.0,0.0,0.0,1.0,0.0,0.0,0.0,0.0,0.0,0.0,0.0,0.0,0.0,0.0,0.0,0.0,0.0,0.0,0.0,1.0,0.0,0.0,0.0,0.0,0.0,1.0,0.0,0.0,0.0,0.0,1.0,0.0,0.0,0.0,145900.0,-0.4441046512891317
-0.06491841398858939,0.41606240991786003,0.1938823113705929,0.7200692275534762,-1.0409835135444319,2.5764609417967326,0.2059921720278468,0.29818073040869925,0.0,0.0,0.0,0.0,0.0,0.0,0.0,0.0,0.0,0.0,0.0,0.0,0.0,0.0,1.0,0.0,0.0,0.0,0.0,0.0,0.0,0.0,0.0,0.0,0.0,0.0,0.0,0.0,0.0,1.0,0.0,0.0,0.0,0.0,1.0,0.0,0.0,0.0,1.0,0.0,0.0,0.0,0.0,178000.0,-0.04279087510347313
-0.06491841398858939,0.7137405504090902,0.2913211278883066,0.5810881388362628,0.20798985022512192,0.7772367703207032,0.2059921720278468,0.29818073040869925,0.0,0.0,1.0,0.0,0.0,0.0,0.0,0.0,0.0,0.0,0.0,0.0,0.0,0.0,0.0,0.0,0.0,0.0,0.0,0.0,0.0,0.0,0.0,0.0,0.0,0.0,0.0,0.0,1.0,0.0,0.0,0.0,0.0,1.0,0.0,0.0,0.0,0.0,1.0,0.0,0.0,0.0,0.0,231000.0,0.6198144251407607
1.336635976438749,1.2098707845611407,-0.15179615365780588,0.12891023047462466,1.119938655517177,0.7772367703207032,0.2059921720278468,0.29818073040869925,0.0,0.0,0.0,0.0,1.0,0.0,0.0,0.0,0.0,0.0,0.0,0.0,0.0,0.0,0.0,0.0,0.0,0.0,0.0,0.0,0.0,0.0,0.0,0.0,0.0,0.0,0.0,0.0,1.0,0.0,0.0,0.0,0.0,0.0,1.0,0.0,0.0,0.0,1.0,0.0,0.0,0.0,0.0,262500.0,1.0136270092481825
-0.7656956092022585,1.1437200866742006,-0.06957166440347802,-0.20777635064313188,-1.4837412668384005,0.7772367703207032,0.2059921720278468,0.29818073040869925,0.0,0.0,0.0,0.0,0.0,0.0,0.0,0.0,0.0,0.0,0.0,0.0,0.0,0.0,0.0,1.0,0.0,0.0,0.0,0.0,0.0,0.0,0.0,0.0,0.0,0.0,0.0,0.0,0.0,1.0,0.0,0.0,0.0,1.0,0.0,0.0,0.0,0.0,1.0,0.0,0.0,0.0,0.0,167500.0,-0.17406173647261378
-0.06491841398858939,-1.7669106203511618,1.2779031288868337,0.3403180837346113,0.23222037403722967,0.7772367703207032,1.4096672285210494,0.29818073040869925,0.0,0.0,0.0,0.0,0.0,0.0,0.0,0.0,0.0,0.0,0.0,0.0,1.0,0.0,0.0,0.0,0.0,0.0,0.0,0.0,0.0,0.0,0.0,0.0,0.0,0.0,0.0,1.0,0.0,0.0,0.0,0.0,0.0,0.0,1.0,0.0,0.0,0.0,1.0,0.0,0.0,0.0,0.0,185000.0,0.04472303247595397
1.336635976438749,1.0114186909003204,-0.0988816183961772,1.039138487566234,0.15512325281688685,0.7772367703207032,0.2059921720278468,0.29818073040869925,0.0,0.0,0.0,0.0,0.0,0.0,0.0,1.0,0.0,0.0,0.0,0.0,0.0,0.0,0.0,0.0,0.0,0.0,0.0,0.0,0.0,0.0,0.0,0.0,0.0,0.0,0.0,0.0,1.0,0.0,0.0,0.0,0.0,1.0,0.0,0.0,0.0,0.0,1.0,0.0,0.0,0.0,0.0,237000.0,0.6948263459231268
0.6358587812250798,1.0114186909003204,-0.1366936964478273,0.07018582679129502,1.0538554087568832,0.7772367703207032,0.2059921720278468,0.29818073040869925,0.0,0.0,0.0,0.0,0.0,0.0,0.0,1.0,0.0,0.0,0.0,0.0,0.0,0.0,0.0,0.0,0.0,0.0,0.0,0.0,0.0,0.0,0.0,0.0,0.0,0.0,0.0,0.0,1.0,0.0,0.0,0.0,0.0,1.0,0.0,0.0,0.0,0.0,1.0,0.0,0.0,0.0,0.0,214000.0,0.4072806495907234
1.336635976438749,0.5483638056917401,-0.6360816148577859,-0.5327180510242225,0.37540074201786633,0.7772367703207032,-0.9976828844653559,0.29818073040869925,0.0,0.0,0.0,0.0,0.0,0.0,0.0,0.0,0.0,0.0,0.0,0.0,0.0,0.0,0.0,0.0,0.0,0.0,0.0,0.0,0.0,0.0,0.0,1.0,0.0,0.0,0.0,0.0,1.0,0.0,0.0,0.0,0.0,1.0,0.0,0.0,0.0,0.0,1.0,0.0,0.0,0.0,0.0,189000.0,0.09473097966419802
1.336635976438749,0.9452679930133805,-0.31960123376867905,0.7318141082901422,0.0009290103762012131,0.7772367703207032,0.2059921720278468,0.29818073040869925,0.0,0.0,0.0,0.0,1.0,0.0,0.0,0.0,0.0,0.0,0.0,0.0,0.0,0.0,0.0,0.0,0.0,0.0,0.0,0.0,0.0,0.0,0.0,0.0,0.0,0.0,0.0,0.0,1.0,0.0,0.0,0.0,0.0,0.0,1.0,0.0,0.0,0.0,1.0,0.0,0.0,0.0,0.0,220000.0,0.4822925703730895
-1.4664728044159276,-0.5100473604993008,-0.22093184666348564,-0.3193527176414582,-0.4968981152180124,-1.021987401155326,0.2059921720278468,-1.0371220601333149,0.0,1.0,0.0,0.0,0.0,0.0,0.0,0.0,0.0,0.0,0.0,0.0,0.0,0.0,0.0,0.0,0.0,0.0,0.0,0.0,0.0,0.0,0.0,0.0,0.0,0.0,0.0,0.0,1.0,0.0,0.0,0.0,0.0,0.0,1.0,0.0,0.0,0.0,0.0,1.0,0.0,0.0,0.0,108000.0,-0.9179299508977441
-0.7656956092022585,0.11838426942662977,0.4444712310028302,0.11325038949240342,-0.426409318673699,0.7772367703207032,-0.9976828844653559,0.29818073040869925,0.0,0.0,0.0,0.0,0.0,0.0,0.0,1.0,0.0,0.0,0.0,0.0,0.0,0.0,0.0,0.0,0.0,0.0,0.0,0.0,0.0,0.0,0.0,0.0,0.0,0.0,0.0,0.0,1.0,0.0,0.0,0.0,0.0,0.0,1.0,0.0,0.0,0.0,0.0,1.0,0.0,0.0,0.0,163000.0,-0.23032067705938836
1.336635976438749,1.1767954356176706,0.43328422566210534,0.1954645546490649,1.119938655517177,0.7772367703207032,0.2059921720278468,1.6334835209507133,0.0,0.0,0.0,1.0,0.0,0.0,0.0,0.0,0.0,0.0,0.0,0.0,0.0,0.0,0.0,0.0,0.0,0.0,0.0,0.0,0.0,0.0,0.0,0.0,0.0,0.0,0.0,0.0,1.0,0.0,0.0,0.0,0.0,1.0,0.0,0.0,0.0,0.0,1.0,0.0,0.0,0.0,0.0,256300.0,0.9361146911064043
-0.06491841398858939,-0.4108213136688907,-0.16186445846445827,-0.5992723751986627,-0.8867892711037462,-1.021987401155326,0.2059921720278468,0.29818073040869925,0.0,1.0,0.0,0.0,0.0,0.0,0.0,0.0,0.0,0.0,0.0,0.0,0.0,0.0,0.0,0.0,0.0,0.0,0.0,0.0,0.0,0.0,0.0,0.0,0.0,0.0,0.0,0.0,0.0,1.0,0.0,0.0,0.0,0.0,1.0,0.0,0.0,0.0,0.0,1.0,0.0,0.0,0.0,159500.0,-0.2740776308491019
-0.7656956092022585,1.0775693887872606,0.3734337470892272,-0.7558707850208751,0.12428440432874972,-1.021987401155326,0.2059921720278468,0.29818073040869925,1.0,0.0,0.0,0.0,0.0,0.0,0.0,0.0,0.0,0.0,0.0,0.0,0.0,0.0,0.0,0.0,0.0,0.0,0.0,0.0,0.0,0.0,0.0,0.0,0.0,0.0,0.0,1.0,0.0,0.0,0.0,0.0,0.0,1.0,0.0,0.0,0.0,0.0,0.0,1.0,0.0,0.0,0.0,159000.0,-0.2803286242476324
-0.7656956092022585,-1.0723282925382913,-0.28604021774650445,-0.7480408645297645,-0.5828063360063944,-1.021987401155326,0.2059921720278468,0.29818073040869925,0.0,0.0,0.0,0.0,0.0,0.0,0.0,0.0,0.0,1.0,0.0,0.0,0.0,0.0,0.0,0.0,0.0,0.0,0.0,0.0,0.0,0.0,0.0,0.0,0.0,0.0,0.0,1.0,0.0,0.0,0.0,0.0,0.0,0.0,1.0,0.0,0.0,0.0,1.0,0.0,0.0,0.0,0.0,119900.0,-0.7691563080127181
1.336635976438749,1.1767954356176706,0.19332296110355665,0.45776689110127056,1.4900048373748225,0.7772367703207032,0.2059921720278468,1.6334835209507133,0.0,0.0,0.0,1.0,0.0,0.0,0.0,0.0,0.0,0.0,0.0,0.0,0.0,0.0,0.0,0.0,0.0,0.0,0.0,0.0,0.0,0.0,0.0,0.0,0.0,0.0,0.0,0.0,1.0,0.0,0.0,0.0,0.0,0.0,0.0,1.0,0.0,0.0,0.0,0.0,1.0,0.0,0.0,318000.0,1.7074872764850688
0.6358587812250798,-0.37774596472542066,1.9345803423873842,1.1135227322317847,-1.0409835135444319,0.7772367703207032,1.4096672285210494,0.29818073040869925,0.0,1.0,0.0,0.0,0.0,0.0,0.0,0.0,0.0,0.0,0.0,0.0,0.0,0.0,0.0,0.0,0.0,0.0,0.0,0.0,0.0,0.0,0.0,0.0,0.0,0.0,0.0,0.0,1.0,0.0,0.0,0.0,0.0,1.0,0.0,0.0,0.0,0.0,1.0,0.0,0.0,0.0,0.0,242000.0,0.7573362799084318
-0.7656956092022585,-1.965362714011982,-0.004127683160237472,-1.4507762286069423,-1.3361553490737443,-1.021987401155326,-2.2013579409585584,0.29818073040869925,0.0,0.0,0.0,0.0,0.0,0.0,0.0,0.0,0.0,0.0,0.0,0.0,0.0,0.0,0.0,0.0,0.0,0.0,0.0,1.0,0.0,0.0,0.0,0.0,0.0,0.0,0.0,1.0,0.0,0.0,0.0,0.0,0.0,0.0,1.0,0.0,0.0,0.0,0.0,0.0,0.0,1.0,0.0,85000.0,-1.2054756472301476
-0.7656956092022585,0.6806652014656203,0.009408593302039633,-1.0377479227008573,-0.3206761238572288,-1.021987401155326,0.2059921720278468,-2.372424850675329,0.0,0.0,1.0,0.0,0.0,0.0,0.0,0.0,0.0,0.0,0.0,0.0,0.0,0.0,0.0,0.0,0.0,0.0,0.0,0.0,0.0,0.0,0.0,0.0,0.0,0.0,0.0,0.0,1.0,0.0,0.0,0.0,0.0,0.0,1.0,0.0,0.0,0.0,1.0,0.0,0.0,0.0,0.0,132000.0,-0.6178822677682798
-0.7656956092022585,-0.5431227094427709,0.3628060920155386,-0.869404632141979,-0.0034765394078183766,-1.021987401155326,0.2059921720278468,-1.0371220601333149,0.0,1.0,0.0,0.0,0.0,0.0,0.0,0.0,0.0,0.0,0.0,0.0,0.0,0.0,0.0,0.0,0.0,0.0,0.0,0.0,0.0,0.0,0.0,0.0,0.0,0.0,0.0,0.0,1.0,0.0,0.0,0.0,0.0,0.0,1.0,0.0,0.0,0.0,0.0,1.0,0.0,0.0,0.0,125000.0,-0.7053961753477069
0.6358587812250798,1.1437200866742006,1.44313519776934,1.0195636863384574,-0.4175982191056598,0.7772367703207032,0.2059921720278468,0.29818073040869925,0.0,0.0,0.0,0.0,0.0,0.0,0.0,0.0,0.0,0.0,0.0,0.0,0.0,1.0,0.0,0.0,0.0,0.0,0.0,0.0,0.0,0.0,0.0,0.0,0.0,0.0,0.0,0.0,0.0,1.0,0.0,0.0,0.0,1.0,0.0,0.0,0.0,0.0,0.0,0.0,1.0,0.0,0.0,274725.0,1.1664637978422534
2.037413171652418,0.9452679930133805,0.0719439531566917,1.3151431848778832,1.0164082355927166,0.7772367703207032,1.4096672285210494,1.6334835209507133,0.0,0.0,0.0,0.0,0.0,0.0,0.0,0.0,1.0,0.0,0.0,0.0,0.0,0.0,0.0,0.0,0.0,0.0,0.0,0.0,0.0,0.0,0.0,0.0,0.0,0.0,0.0,0.0,0.0,1.0,0.0,0.0,0.0,0.0,0.0,1.0,0.0,0.0,0.0,0.0,1.0,0.0,0.0,291000.0,1.3699336329644216
-0.7656956092022585,0.18453496731356983,0.9545986745398847,2.1920942798822725,0.6683698026551691,0.7772367703207032,1.4096672285210494,0.29818073040869925,0.0,0.0,0.0,0.0,0.0,1.0,0.0,0.0,0.0,0.0,0.0,0.0,0.0,0.0,0.0,0.0,0.0,0.0,0.0,0.0,0.0,0.0,0.0,0.0,0.0,0.0,0.0,0.0,0.0,1.0,0.0,0.0,0.0,0.0,1.0,0.0,0.0,0.0,1.0,0.0,0.0,0.0,0.0,190000.0,0.10723296646125904
-0.7656956092022585,1.1437200866742006,0.7674400751895575,-0.7049763018286561,0.1815565515210044,-1.021987401155326,0.2059921720278468,-2.372424850675329,0.0,0.0,1.0,0.0,0.0,0.0,0.0,0.0,0.0,0.0,0.0,0.0,0.0,0.0,0.0,0.0,0.0,0.0,0.0,0.0,0.0,0.0,0.0,0.0,0.0,0.0,0.0,0.0,1.0,0.0,0.0,0.0,0.0,0.0,1.0,0.0,0.0,0.0,1.0,0.0,0.0,0.0,0.0,84500.0,-1.211726640628678
-0.7656956092022585,0.18453496731356983,-0.07773817830220718,0.913859759708464,2.003251387213105,0.7772367703207032,3.817017341507455,0.29818073040869925,0.0,0.0,0.0,0.0,0.0,1.0,0.0,0.0,0.0,0.0,0.0,0.0,0.0,0.0,0.0,0.0,0.0,0.0,0.0,0.0,0.0,0.0,0.0,0.0,0.0,0.0,0.0,0.0,1.0,0.0,0.0,0.0,0.0,0.0,1.0,0.0,0.0,0.0,1.0,0.0,0.0,0.0,0.0,156500.0,-0.31158359124028495
0.6358587812250798,1.2429461335046108,0.31347139846294186,0.3755527259446091,-0.4660592667298753,0.7772367703207032,0.2059921720278468,0.29818073040869925,0.0,0.0,0.0,0.0,0.0,0.0,0.0,0.0,0.0,0.0,0.0,0.0,0.0,0.0,0.0,1.0,0.0,0.0,0.0,0.0,0.0,0.0,0.0,0.0,0.0,0.0,0.0,0.0,1.0,0.0,0.0,0.0,0.0,1.0,0.0,0.0,0.0,0.0,0.0,0.0,1.0,0.0,0.0,224500.0,0.5385515109598641
0.6358587812250798,0.5483638056917401,0.07977485689519913,0.8981999187262428,1.871084893692517,2.5764609417967326,2.613342285014252,1.6334835209507133,0.0,0.0,1.0,0.0,0.0,0.0,0.0,0.0,0.0,0.0,0.0,0.0,0.0,0.0,0.0,0.0,0.0,0.0,0.0,0.0,0.0,0.0,0.0,0.0,0.0,0.0,0.0,0.0,0.0,0.0,0.0,1.0,0.0,0.0,1.0,0.0,0.0,0.0,0.0,1.0,0.0,0.0,0.0,171000.0,-0.13030478268290024
-0.7656956092022585,-2.3622669013336224,-0.13591060607397656,0.24831651796406157,-0.5739952364383553,0.7772367703207032,1.4096672285210494,0.29818073040869925,0.0,0.0,0.0,0.0,0.0,0.0,0.0,0.0,0.0,1.0,0.0,0.0,0.0,0.0,0.0,0.0,0.0,0.0,0.0,0.0,0.0,0.0,0.0,0.0,0.0,0.0,0.0,1.0,0.0,0.0,0.0,0.0,0.0,0.0,1.0,0.0,0.0,0.0,0.0,0.0,0.0,1.0,0.0,139500.0,-0.5241173667903222
-1.4664728044159276,-2.031513411898922,0.11534953387870424,-0.44463144549922806,-0.9726974918921282,-1.021987401155326,0.2059921720278468,-1.0371220601333149,0.0,0.0,0.0,0.0,0.0,0.0,0.0,0.0,0.0,0.0,0.0,0.0,1.0,0.0,0.0,0.0,0.0,0.0,0.0,0.0,0.0,0.0,0.0,0.0,0.0,0.0,0.0,1.0,0.0,0.0,0.0,0.0,0.0,1.0,0.0,0.0,0.0,0.0,0.0,1.0,0.0,0.0,0.0,121000.0,-0.7554041225359509
1.336635976438749,0.8791172951264404,0.7916040067255232,1.9082596620795125,1.2587134737137942,0.7772367703207032,1.4096672285210494,1.6334835209507133,0.0,0.0,0.0,0.0,0.0,0.0,0.0,0.0,1.0,0.0,0.0,0.0,0.0,0.0,0.0,0.0,0.0,0.0,0.0,0.0,0.0,0.0,0.0,0.0,0.0,0.0,0.0,0.0,1.0,0.0,0.0,0.0,0.0,1.0,0.0,0.0,0.0,0.0,0.0,0.0,1.0,0.0,0.0,355000.0,2.1700607879763263
-0.06491841398858939,-1.965362714011982,-0.5411039395150317,1.4267195518762095,-0.6665117819027666,-1.021987401155326,2.613342285014252,-2.372424850675329,0.0,0.0,0.0,0.0,0.0,0.0,0.0,0.0,0.0,1.0,0.0,0.0,0.0,0.0,0.0,0.0,0.0,0.0,0.0,0.0,0.0,0.0,0.0,0.0,0.0,0.0,0.0,0.0,1.0,0.0,0.0,0.0,0.0,0.0,1.0,0.0,0.0,0.0,0.0,1.0,0.0,0.0,0.0,104000.0,-0.9679378980859882
-0.7656956092022585,-0.17929387106460049,-0.0984341381825482,-1.1904313722775144,-0.426409318673699,-1.021987401155326,0.2059921720278468,-1.0371220601333149,0.0,1.0,0.0,0.0,0.0,0.0,0.0,0.0,0.0,0.0,0.0,0.0,0.0,0.0,0.0,0.0,0.0,0.0,0.0,0.0,0.0,0.0,0.0,0.0,0.0,0.0,0.0,0.0,1.0,0.0,0.0,0.0,0.0,0.0,1.0,0.0,0.0,0.0,0.0,1.0,0.0,0.0,0.0,110000.0,-0.8929259773036221
1.336635976438749,0.7137405504090902,0.24925798780718106,2.5424832218594724,0.5031616857544344,0.7772367703207032,0.2059921720278468,1.6334835209507133,0.0,0.0,0.0,0.0,0.0,0.0,0.0,0.0,1.0,0.0,0.0,0.0,0.0,0.0,0.0,0.0,0.0,0.0,0.0,0.0,0.0,0.0,0.0,0.0,0.0,0.0,0.0,0.0,1.0,0.0,0.0,0.0,0.0,1.0,0.0,0.0,0.0,0.0,1.0,0.0,0.0,0.0,0.0,315000.0,1.669981316093886
0.6358587812250798,0.8129665972395004,-0.2776499637409608,0.10346298887851514,-0.8074893749913935,0.7772367703207032,0.2059921720278468,0.29818073040869925,0.0,0.0,0.0,0.0,0.0,0.0,0.0,0.0,0.0,0.0,0.0,0.0,0.0,1.0,0.0,0.0,0.0,0.0,0.0,0.0,0.0,0.0,0.0,0.0,0.0,0.0,0.0,0.0,1.0,0.0,0.0,0.0,0.0,1.0,0.0,0.0,0.0,0.0,1.0,0.0,0.0,0.0,0.0,178750.0,-0.03341438500567737
-0.06491841398858939,0.1514596183700998,-0.9004305510591148,0.09367558826462687,-0.5585758121942866,0.7772367703207032,0.2059921720278468,0.29818073040869925,0.0,0.0,0.0,0.0,0.0,0.0,0.0,0.0,0.0,0.0,0.0,0.0,0.0,0.0,0.0,0.0,0.0,0.0,1.0,0.0,0.0,0.0,0.0,0.0,0.0,0.0,0.0,1.0,0.0,0.0,0.0,0.0,0.0,0.0,1.0,0.0,0.0,0.0,1.0,0.0,0.0,0.0,0.0,146000.0,-0.4428544526094256
-0.06491841398858939,0.18453496731356983,-0.07908061894309416,-0.3252251580097911,0.6441392788430613,0.7772367703207032,-0.9976828844653559,0.29818073040869925,0.0,0.0,0.0,0.0,0.0,0.0,0.0,0.0,0.0,0.0,0.0,0.0,0.0,0.0,1.0,0.0,0.0,0.0,0.0,0.0,0.0,0.0,0.0,0.0,0.0,0.0,0.0,0.0,1.0,0.0,0.0,0.0,0.0,0.0,1.0,0.0,0.0,0.0,1.0,0.0,0.0,0.0,0.0,167900.0,-0.16906094175378938
-0.7656956092022585,0.8129665972395004,0.6940533201544022,-0.7891479471080952,0.08683723116458321,-1.021987401155326,0.2059921720278468,-1.0371220601333149,0.0,0.0,0.0,0.0,0.0,0.0,0.0,1.0,0.0,0.0,0.0,0.0,0.0,0.0,0.0,0.0,0.0,0.0,0.0,0.0,0.0,0.0,0.0,0.0,0.0,0.0,0.0,0.0,1.0,0.0,0.0,0.0,0.0,0.0,1.0,0.0,0.0,0.0,1.0,0.0,0.0,0.0,0.0,147900.0,-0.4191006776950097
-0.06491841398858939,0.08530892048315974,-0.13837174724893603,0.7357290685356975,-0.3449066476693366,0.7772367703207032,1.4096672285210494,0.29818073040869925,0.0,0.0,0.0,0.0,0.0,0.0,0.0,0.0,0.0,0.0,0.0,0.0,0.0,0.0,1.0,0.0,0.0,0.0,0.0,0.0,0.0,0.0,0.0,0.0,0.0,0.0,0.0,0.0,1.0,0.0,0.0,0.0,0.0,1.0,0.0,0.0,0.0,0.0,0.0,1.0,0.0,0.0,0.0,185000.0,0.04472303247595397
-0.7656956092022585,0.08530892048315974,0.33483857866372635,-1.1865164120319591,-0.426409318673699,-1.021987401155326,0.2059921720278468,0.29818073040869925,0.0,0.0,0.0,0.0,0.0,1.0,0.0,0.0,0.0,0.0,0.0,0.0,0.0,0.0,0.0,0.0,0.0,0.0,0.0,0.0,0.0,0.0,0.0,0.0,0.0,0.0,0.0,0.0,1.0,0.0,0.0,0.0,0.0,0.0,1.0,0.0,0.0,0.0,0.0,1.0,0.0,0.0,0.0,142500.0,-0.48661140639913913
-0.06491841398858939,1.1106447377307307,-0.5856282207711166,-0.38003460144756546,0.5472171835946303,0.7772367703207032,-2.2013579409585584,0.29818073040869925,0.0,0.0,0.0,1.0,0.0,0.0,0.0,0.0,0.0,0.0,0.0,0.0,0.0,0.0,0.0,0.0,0.0,0.0,0.0,0.0,0.0,0.0,0.0,0.0,0.0,0.0,0.0,0.0,1.0,0.0,0.0,0.0,0.0,1.0,0.0,0.0,0.0,0.0,1.0,0.0,0.0,0.0,0.0,184500.0,0.03847203907742346
-0.7656956092022585,-0.37774596472542066,-0.08467412161345661,-0.008113378119811152,0.5251894346745324,0.7772367703207032,0.2059921720278468,0.29818073040869925,0.0,1.0,0.0,0.0,0.0,0.0,0.0,0.0,0.0,0.0,0.0,0.0,0.0,0.0,0.0,0.0,0.0,0.0,0.0,0.0,0.0,0.0,0.0,0.0,0.0,0.0,0.0,0.0,1.0,0.0,0.0,0.0,0.0,1.0,0.0,0.0,0.0,0.0,0.0,1.0,0.0,0.0,0.0,141500.0,-0.4991133931962002
-0.7656956092022585,-1.0392529435948212,-0.028067874589388715,-0.2841180754314604,-0.9110197949158538,0.7772367703207032,1.4096672285210494,-2.372424850675329,0.0,0.0,0.0,0.0,0.0,0.0,0.0,0.0,0.0,0.0,0.0,0.0,1.0,0.0,0.0,0.0,0.0,0.0,0.0,0.0,0.0,0.0,0.0,0.0,0.0,0.0,0.0,0.0,1.0,0.0,0.0,0.0,0.0,0.0,1.0,0.0,0.0,0.0,0.0,1.0,0.0,0.0,0.0,127500.0,-0.6741412083550543
-0.06491841398858939,-1.2046296883121714,1.056400423140481,4.251363369044364,1.7146878763598217,2.5764609417967326,2.613342285014252,0.29818073040869925,0.0,0.0,0.0,0.0,0.0,0.0,0.0,0.0,0.0,0.0,0.0,0.0,1.0,0.0,0.0,0.0,0.0,0.0,0.0,0.0,0.0,0.0,0.0,0.0,0.0,0.0,0.0,1.0,0.0,0.0,0.0,0.0,0.0,1.0,0.0,0.0,0.0,0.0,0.0,1.0,0.0,0.0,0.0,415000.0,2.9201799957999874
0.6358587812250798,1.1437200866742006,-0.1786449664755456,0.9040723590945757,0.734453049415463,0.7772367703207032,0.2059921720278468,1.6334835209507133,0.0,0.0,0.0,0.0,0.0,0.0,0.0,1.0,0.0,0.0,0.0,0.0,0.0,0.0,0.0,0.0,0.0,0.0,0.0,0.0,0.0,0.0,0.0,0.0,0.0,0.0,0.0,0.0,1.0,0.0,0.0,0.0,0.0,1.0,0.0,0.0,0.0,0.0,1.0,0.0,0.0,0.0,0.0,239799.0,0.7298194069681005
-0.06491841398858939,0.9121926440699104,-0.6552113939904255,-0.5405479715153331,0.36658964244982717,0.7772367703207032,-0.9976828844653559,0.29818073040869925,0.0,0.0,1.0,0.0,0.0,0.0,0.0,0.0,0.0,0.0,0.0,0.0,0.0,0.0,0.0,0.0,0.0,0.0,0.0,0.0,0.0,0.0,0.0,0.0,0.0,0.0,0.0,0.0,1.0,0.0,0.0,0.0,0.0,0.0,1.0,0.0,0.0,0.0,0.0,0.0,1.0,0.0,0.0,165000.0,-0.20531670346526631
-0.06491841398858939,-1.833061318238102,-0.19945279640929386,-0.5248881305331119,-0.5321425134901692,-1.021987401155326,0.2059921720278468,0.29818073040869925,0.0,0.0,0.0,0.0,0.0,0.0,0.0,0.0,0.0,0.0,0.0,0.0,0.0,0.0,0.0,0.0,1.0,0.0,0.0,0.0,0.0,0.0,0.0,0.0,0.0,0.0,0.0,1.0,0.0,0.0,0.0,0.0,0.0,1.0,0.0,0.0,0.0,0.0,0.0,1.0,0.0,0.0,0.0,147500.0,-0.42410147241383406
-0.06491841398858939,0.18453496731356983,-0.06017457991726912,0.1308677105974023,1.1221414304091868,0.7772367703207032,-0.9976828844653559,0.29818073040869925,0.0,0.0,1.0,0.0,0.0,0.0,0.0,0.0,0.0,0.0,0.0,0.0,0.0,0.0,0.0,0.0,0.0,0.0,0.0,0.0,0.0,0.0,0.0,0.0,0.0,0.0,0.0,0.0,1.0,0.0,0.0,0.0,0.0,1.0,0.0,0.0,0.0,0.0,0.0,1.0,0.0,0.0,0.0,196000.0,0.18224488724362514
-0.7656956092022585,-0.34467061578195063,-0.2776499637409608,-0.6971463813375455,0.19036765108904358,-1.021987401155326,0.2059921720278468,0.29818073040869925,0.0,1.0,0.0,0.0,0.0,0.0,0.0,0.0,0.0,0.0,0.0,0.0,0.0,0.0,0.0,0.0,0.0,0.0,0.0,0.0,0.0,0.0,0.0,0.0,0.0,0.0,0.0,0.0,1.0,0.0,0.0,0.0,0.0,0.0,1.0,0.0,0.0,0.0,0.0,1.0,0.0,0.0,0.0,139950.0,-0.5184914727316448
0.6358587812250798,0.9121926440699104,-0.9035629125545178,0.0016740224940771195,-0.6907423057148744,0.7772367703207032,0.2059921720278468,0.29818073040869925,0.0,0.0,0.0,0.0,1.0,0.0,0.0,0.0,0.0,0.0,0.0,0.0,0.0,0.0,0.0,0.0,0.0,0.0,0.0,0.0,0.0,0.0,0.0,0.0,0.0,0.0,0.0,1.0,0.0,0.0,0.0,0.0,0.0,0.0,1.0,0.0,0.0,0.0,1.0,0.0,0.0,0.0,0.0,179400.0,-0.025288093587587712
1.336635976438749,0.7468158993525603,-0.09966470877002795,-0.01202833836536646,0.9613388632924718,-1.021987401155326,-2.2013579409585584,0.29818073040869925,0.0,0.0,0.0,0.0,0.0,0.0,0.0,0.0,0.0,0.0,0.0,0.0,0.0,0.0,0.0,0.0,0.0,0.0,0.0,0.0,1.0,0.0,0.0,0.0,0.0,0.0,0.0,0.0,1.0,0.0,0.0,0.0,0.0,1.0,0.0,0.0,0.0,0.0,1.0,0.0,0.0,0.0,0.0,279700.0,1.228661182157632
-0.7656956092022585,1.1106447377307307,1.294683636897921,0.6613448238701466,-0.717175604418992,0.7772367703207032,1.4096672285210494,0.29818073040869925,0.0,0.0,0.0,0.0,0.0,0.0,0.0,0.0,0.0,0.0,0.0,0.0,0.0,1.0,0.0,0.0,0.0,0.0,0.0,0.0,0.0,0.0,0.0,0.0,0.0,0.0,0.0,0.0,0.0,1.0,0.0,0.0,0.0,0.0,1.0,0.0,0.0,0.0,1.0,0.0,0.0,0.0,0.0,192140.0,0.13398721820696963
1.336635976438749,1.1767954356176706,-0.07248028579206649,1.174204616037892,-0.3074594745051701,0.7772367703207032,0.2059921720278468,1.6334835209507133,0.0,0.0,0.0,1.0,0.0,0.0,0.0,0.0,0.0,0.0,0.0,0.0,0.0,0.0,0.0,0.0,0.0,0.0,0.0,0.0,0.0,0.0,0.0,0.0,0.0,0.0,0.0,0.0,0.0,1.0,0.0,0.0,0.0,0.0,0.0,1.0,0.0,0.0,0.0,0.0,1.0,0.0,0.0,319500.0,1.7262402566806605
-2.167249999629597,-0.4438966626123607,-0.5466974421853941,-1.3861793845552797,-0.5850091108984042,-1.021987401155326,-0.9976828844653559,-1.0371220601333149,0.0,0.0,0.0,0.0,0.0,0.0,0.0,0.0,0.0,1.0,0.0,0.0,0.0,0.0,0.0,0.0,0.0,0.0,0.0,0.0,0.0,0.0,0.0,0.0,0.0,0.0,0.0,0.0,1.0,0.0,0.0,0.0,0.0,0.0,1.0,0.0,0.0,0.0,0.0,1.0,0.0,0.0,0.0,99900.0,-1.0191960439539383
0.6358587812250798,-1.7669106203511618,-0.3581964021941799,-0.5327180510242225,-1.007941890164285,-1.021987401155326,0.2059921720278468,-1.0371220601333149,0.0,0.0,0.0,0.0,0.0,0.0,0.0,0.0,0.0,0.0,0.0,0.0,0.0,0.0,0.0,0.0,1.0,0.0,0.0,0.0,0.0,0.0,0.0,0.0,0.0,0.0,0.0,1.0,0.0,0.0,0.0,0.0,0.0,0.0,1.0,0.0,0.0,0.0,0.0,1.0,0.0,0.0,0.0,137000.0,-0.5553723337829747
1.336635976438749,1.1437200866742006,-0.1766313055142151,0.6456849828879254,0.5384060840265912,0.7772367703207032,0.2059921720278468,1.6334835209507133,0.0,0.0,0.0,0.0,1.0,0.0,0.0,0.0,0.0,0.0,0.0,0.0,0.0,0.0,0.0,0.0,0.0,0.0,0.0,0.0,0.0,0.0,0.0,0.0,0.0,0.0,0.0,0.0,0.0,1.0,0.0,0.0,0.0,1.0,0.0,0.0,0.0,0.0,1.0,0.0,0.0,0.0,0.0,221300.0,0.4985451532092688
-0.06491841398858939,-0.5761980583862408,-0.24934684022892684,-0.8576597514053131,0.009740109944240393,-1.021987401155326,0.2059921720278468,-1.0371220601333149,0.0,1.0,0.0,0.0,0.0,0.0,0.0,0.0,0.0,0.0,0.0,0.0,0.0,0.0,0.0,0.0,0.0,0.0,0.0,0.0,0.0,0.0,0.0,0.0,0.0,0.0,0.0,0.0,1.0,0.0,0.0,0.0,0.0,0.0,1.0,0.0,0.0,0.0,0.0,1.0,0.0,0.0,0.0,131000.0,-0.6303842545653409
-1.4664728044159276,-0.8408008499340011,-0.6314949426680887,-0.5288030907786672,-0.684133981038845,-1.021987401155326,0.2059921720278468,-1.0371220601333149,0.0,0.0,0.0,0.0,0.0,0.0,0.0,0.0,0.0,0.0,0.0,1.0,0.0,0.0,0.0,0.0,0.0,0.0,0.0,0.0,0.0,0.0,0.0,0.0,0.0,0.0,0.0,1.0,0.0,0.0,0.0,0.0,0.0,0.0,1.0,0.0,0.0,0.0,0.0,1.0,0.0,0.0,0.0,121600.0,-0.7479029304577144
1.336635976438749,1.1437200866742006,0.4167274577578325,1.4365069524900977,2.560553434891583,-1.021987401155326,-2.2013579409585584,0.29818073040869925,0.0,0.0,0.0,0.0,0.0,0.0,0.0,0.0,0.0,0.0,0.0,0.0,0.0,0.0,0.0,0.0,0.0,0.0,0.0,0.0,0.0,0.0,0.0,1.0,0.0,0.0,0.0,0.0,1.0,0.0,0.0,0.0,0.0,1.0,0.0,0.0,0.0,0.0,0.0,0.0,1.0,0.0,0.0,441929.0,3.2568459982580436
-0.06491841398858939,0.8791172951264404,-0.14709761141470143,0.26984879931461575,-0.2523901022049252,0.7772367703207032,0.2059921720278468,0.29818073040869925,0.0,0.0,0.0,0.0,0.0,0.0,0.0,0.0,0.0,0.0,0.0,0.0,0.0,1.0,0.0,0.0,0.0,0.0,0.0,0.0,0.0,0.0,0.0,0.0,0.0,0.0,0.0,0.0,1.0,0.0,0.0,0.0,0.0,0.0,1.0,0.0,0.0,0.0,1.0,0.0,0.0,0.0,0.0,192000.0,0.13223694005538106
2.037413171652418,1.0114186909003204,0.09968772640168941,0.3285732029979454,1.2521051490377648,0.7772367703207032,0.2059921720278468,1.6334835209507133,0.0,0.0,0.0,0.0,0.0,0.0,0.0,1.0,0.0,0.0,0.0,0.0,0.0,0.0,0.0,0.0,0.0,0.0,0.0,0.0,0.0,0.0,0.0,0.0,0.0,0.0,0.0,0.0,1.0,0.0,0.0,0.0,0.0,1.0,0.0,0.0,0.0,0.0,1.0,0.0,0.0,0.0,0.0,285000.0,1.2949217121820553
-0.06491841398858939,0.11838426942662977,-0.7063360083975382,-0.8439573905458695,0.025159534188308956,0.7772367703207032,-0.9976828844653559,0.29818073040869925,0.0,0.0,0.0,0.0,0.0,0.0,0.0,0.0,0.0,0.0,0.0,0.0,0.0,0.0,0.0,0.0,0.0,0.0,1.0,0.0,0.0,0.0,0.0,0.0,0.0,0.0,0.0,0.0,1.0,0.0,0.0,0.0,0.0,0.0,1.0,0.0,0.0,0.0,1.0,0.0,0.0,0.0,0.0,146300.0,-0.4391038565703073
-0.7656956092022585,0.21761031625703986,-0.14049727826367375,-0.7637007055119857,0.08683723116458321,-1.021987401155326,-2.2013579409585584,0.29818073040869925,0.0,0.0,1.0,0.0,0.0,0.0,0.0,0.0,0.0,0.0,0.0,0.0,0.0,0.0,0.0,0.0,0.0,0.0,0.0,0.0,0.0,0.0,0.0,0.0,0.0,0.0,0.0,0.0,1.0,0.0,0.0,0.0,0.0,1.0,0.0,0.0,0.0,0.0,1.0,0.0,0.0,0.0,0.0,165500.0,-0.19906571006673582
2.037413171652418,1.2098707845611407,0.05135986332975793,0.4303621693823834,1.4591659888866855,0.7772367703207032,0.2059921720278468,1.6334835209507133,0.0,0.0,0.0,0.0,0.0,0.0,0.0,1.0,0.0,0.0,0.0,0.0,0.0,0.0,0.0,0.0,0.0,0.0,0.0,0.0,0.0,0.0,0.0,0.0,0.0,0.0,0.0,0.0,1.0,0.0,0.0,0.0,0.0,0.0,0.0,1.0,0.0,0.0,0.0,0.0,1.0,0.0,0.0,332000.0,1.882515091643923
-0.06491841398858939,0.7798912482960303,0.23281308995631547,-0.0022409377514781893,-0.609239634710512,0.7772367703207032,0.2059921720278468,0.29818073040869925,0.0,0.0,0.0,0.0,0.0,0.0,0.0,1.0,0.0,0.0,0.0,0.0,0.0,0.0,0.0,0.0,0.0,0.0,0.0,0.0,0.0,0.0,0.0,0.0,0.0,0.0,0.0,0.0,1.0,0.0,0.0,0.0,0.0,1.0,0.0,0.0,0.0,0.0,1.0,0.0,0.0,0.0,0.0,187000.0,0.069727006070076
1.336635976438749,0.7798912482960303,-0.0903794943372263,-0.01202833836536646,0.9613388632924718,-1.021987401155326,-0.9976828844653559,0.29818073040869925,0.0,0.0,0.0,0.0,0.0,0.0,0.0,0.0,0.0,0.0,0.0,0.0,0.0,0.0,0.0,0.0,0.0,0.0,0.0,0.0,1.0,0.0,0.0,0.0,0.0,0.0,0.0,0.0,1.0,0.0,0.0,0.0,0.0,0.0,0.0,1.0,0.0,0.0,1.0,0.0,0.0,0.0,0.0,270000.0,1.1073919102261403
-0.7656956092022585,-1.6346092245772816,-0.7478397982116275,-1.339199861608616,-0.5321425134901692,-1.021987401155326,-0.9976828844653559,-1.0371220601333149,0.0,0.0,0.0,0.0,0.0,0.0,0.0,0.0,0.0,0.0,0.0,0.0,0.0,0.0,0.0,0.0,0.0,0.0,0.0,1.0,0.0,0.0,0.0,0.0,0.0,0.0,0.0,1.0,0.0,0.0,0.0,0.0,0.0,0.0,1.0,0.0,0.0,0.0,0.0,1.0,0.0,0.0,0.0,75200.0,-1.3279951178413454
2.037413171652418,1.1437200866742006,-0.29275242095093934,0.3638078452079432,1.3842716425583523,0.7772367703207032,-2.2013579409585584,1.6334835209507133,0.0,0.0,0.0,1.0,0.0,0.0,0.0,0.0,0.0,0.0,0.0,0.0,0.0,0.0,0.0,0.0,0.0,0.0,0.0,0.0,0.0,0.0,0.0,0.0,0.0,0.0,0.0,0.0,1.0,0.0,0.0,0.0,0.0,0.0,0.0,1.0,0.0,0.0,0.0,0.0,1.0,0.0,0.0,332200.0,1.8850154890033353
-0.7656956092022585,-0.34467061578195063,-0.14295841943863322,-1.2452408157152886,-0.426409318673699,-1.021987401155326,-0.9976828844653559,-1.0371220601333149,0.0,0.0,0.0,0.0,0.0,1.0,0.0,0.0,0.0,0.0,0.0,0.0,0.0,0.0,0.0,0.0,0.0,0.0,0.0,0.0,0.0,0.0,0.0,0.0,0.0,0.0,0.0,0.0,1.0,0.0,0.0,0.0,0.0,0.0,1.0,0.0,0.0,0.0,0.0,1.0,0.0,0.0,0.0,122000.0,-0.74290213573889
-0.7656956092022585,-1.7007599224642218,-0.8059003559299895,-1.0436203630691903,-0.19952350479669012,-1.021987401155326,-0.9976828844653559,-1.0371220601333149,0.0,0.0,0.0,0.0,0.0,0.0,0.0,0.0,0.0,1.0,0.0,0.0,0.0,0.0,0.0,0.0,0.0,0.0,0.0,0.0,0.0,0.0,0.0,0.0,0.0,0.0,0.0,1.0,0.0,0.0,0.0,0.0,0.0,0.0,1.0,0.0,0.0,0.0,0.0,1.0,0.0,0.0,0.0,99900.0,-1.0191960439539383
-0.06491841398858939,-1.4361571309164616,-0.2054937792932853,-1.5271179533952708,-0.9550752927560497,-1.021987401155326,-0.9976828844653559,0.29818073040869925,0.0,0.0,0.0,0.0,0.0,0.0,0.0,0.0,0.0,1.0,0.0,0.0,0.0,0.0,0.0,0.0,0.0,0.0,0.0,0.0,0.0,0.0,0.0,0.0,0.0,0.0,0.0,1.0,0.0,0.0,0.0,0.0,0.0,0.0,1.0,0.0,0.0,0.0,0.0,1.0,0.0,0.0,0.0,105900.0,-0.9441841231715723
-0.7656956092022585,-0.17929387106460049,-0.05950335959682562,-0.7989353477219835,0.07582335670453424,-1.021987401155326,0.2059921720278468,-1.0371220601333149,0.0,0.0,0.0,0.0,0.0,0.0,0.0,0.0,0.0,0.0,0.0,0.0,1.0,0.0,0.0,0.0,0.0,0.0,0.0,0.0,0.0,0.0,0.0,0.0,0.0,0.0,0.0,0.0,1.0,0.0,0.0,0.0,0.0,0.0,1.0,0.0,0.0,0.0,0.0,1.0,0.0,0.0,0.0,123000.0,-0.7304001489418289
-0.7656956092022585,-1.0061775946513511,-0.23994975574271793,-0.3956944424297867,-0.7436089031231095,-1.021987401155326,0.2059921720278468,-1.0371220601333149,0.0,0.0,0.0,0.0,0.0,0.0,0.0,0.0,0.0,0.0,0.0,0.0,1.0,0.0,0.0,0.0,0.0,0.0,0.0,0.0,0.0,0.0,0.0,0.0,0.0,0.0,0.0,1.0,0.0,0.0,0.0,0.0,0.0,0.0,1.0,0.0,0.0,0.0,0.0,1.0,0.0,0.0,0.0,122000.0,-0.74290213573889
-0.7656956092022585,-1.0061775946513511,-0.5187299288335819,-0.7225936229336549,-0.8405309983715404,-1.021987401155326,0.2059921720278468,-1.0371220601333149,0.0,0.0,0.0,0.0,0.0,0.0,0.0,0.0,0.0,1.0,0.0,0.0,0.0,0.0,0.0,0.0,0.0,0.0,0.0,0.0,0.0,0.0,0.0,0.0,0.0,0.0,0.0,1.0,0.0,0.0,0.0,0.0,0.0,0.0,1.0,0.0,0.0,0.0,0.0,1.0,0.0,0.0,0.0,66500.0,-1.4367624029757762
-0.06491841398858939,-1.866136667181572,-0.3531622497908537,0.18567715403517662,-0.8691670719676677,0.7772367703207032,0.2059921720278468,0.29818073040869925,0.0,0.0,0.0,0.0,0.0,0.0,0.0,0.0,0.0,1.0,0.0,0.0,0.0,0.0,0.0,0.0,0.0,0.0,0.0,0.0,0.0,0.0,0.0,0.0,0.0,0.0,0.0,1.0,0.0,0.0,0.0,0.0,0.0,0.0,1.0,0.0,0.0,0.0,0.0,1.0,0.0,0.0,0.0,155500.0,-0.32408557803734594
-1.4664728044159276,0.05223357153968971,-0.9800820290850759,-1.0025132804908596,-1.3119248252616365,-1.021987401155326,-2.2013579409585584,-1.0371220601333149,0.0,0.0,0.0,0.0,0.0,0.0,0.0,0.0,0.0,0.0,0.0,0.0,0.0,0.0,0.0,0.0,0.0,0.0,0.0,0.0,0.0,0.0,0.0,0.0,0.0,1.0,0.0,0.0,0.0,1.0,0.0,0.0,0.0,0.0,1.0,0.0,0.0,0.0,1.0,0.0,0.0,0.0,0.0,94900.0,-1.0817059779392435
-0.06491841398858939,0.18453496731356983,-0.025942343574650986,-0.43288656476256215,0.30491194547355294,0.7772367703207032,0.2059921720278468,0.29818073040869925,0.0,0.0,1.0,0.0,0.0,0.0,0.0,0.0,0.0,0.0,0.0,0.0,0.0,0.0,0.0,0.0,0.0,0.0,0.0,0.0,0.0,0.0,0.0,0.0,0.0,0.0,0.0,1.0,0.0,0.0,0.0,0.0,0.0,0.0,1.0,0.0,0.0,0.0,0.0,1.0,0.0,0.0,0.0,171500.0,-0.12405378928436972
-1.4664728044159276,-0.5431227094427709,-0.3832552941574036,-1.401839225537501,-0.6026313100344826,-1.021987401155326,-0.9976828844653559,-2.372424850675329,0.0,0.0,0.0,0.0,0.0,0.0,0.0,0.0,0.0,0.0,0.0,0.0,1.0,0.0,0.0,0.0,0.0,0.0,0.0,0.0,0.0,0.0,0.0,0.0,0.0,0.0,0.0,0.0,1.0,0.0,0.0,0.0,0.0,0.0,1.0,0.0,0.0,0.0,0.0,1.0,0.0,0.0,0.0,91900.0,-1.1192119383304264
0.6358587812250798,0.9783433419568505,0.37444057756989246,0.0799732274051833,1.0648692832169322,0.7772367703207032,0.2059921720278468,1.6334835209507133,0.0,0.0,0.0,0.0,0.0,0.0,0.0,1.0,0.0,0.0,0.0,0.0,0.0,0.0,0.0,0.0,0.0,0.0,0.0,0.0,0.0,0.0,0.0,0.0,0.0,0.0,0.0,0.0,1.0,0.0,0.0,0.0,0.0,1.0,0.0,0.0,0.0,0.0,1.0,0.0,0.0,0.0,0.0,205000.0,0.29476276841717425
0.6358587812250798,0.9121926440699104,-0.010392406151043405,0.17197479317573305,1.1683997031413924,0.7772367703207032,0.2059921720278468,0.29818073040869925,0.0,0.0,0.0,0.0,0.0,0.0,0.0,1.0,0.0,0.0,0.0,0.0,0.0,0.0,0.0,0.0,0.0,0.0,0.0,0.0,0.0,0.0,0.0,0.0,0.0,0.0,0.0,0.0,1.0,0.0,0.0,0.0,0.0,1.0,0.0,0.0,0.0,0.0,1.0,0.0,0.0,0.0,0.0,214000.0,0.4072806495907234
-2.167249999629597,-1.4030817819729915,0.06232312856366831,-1.536905354009159,-0.7546227775831584,-1.021987401155326,-0.9976828844653559,0.29818073040869925,0.0,1.0,0.0,0.0,0.0,0.0,0.0,0.0,0.0,0.0,0.0,0.0,0.0,0.0,0.0,0.0,0.0,0.0,0.0,0.0,0.0,0.0,0.0,0.0,0.0,0.0,0.0,1.0,0.0,0.0,0.0,0.0,0.0,0.0,1.0,0.0,0.0,0.0,0.0,1.0,0.0,0.0,0.0,68000.0,-1.4180094227801847
0.6358587812250798,1.0444940398437905,-0.1557116055270596,-0.02181573897925473,-0.6070368598185022,0.7772367703207032,0.2059921720278468,0.29818073040869925,0.0,0.0,0.0,0.0,0.0,0.0,0.0,0.0,0.0,0.0,0.0,0.0,0.0,1.0,0.0,0.0,0.0,0.0,0.0,0.0,0.0,0.0,0.0,0.0,0.0,0.0,0.0,0.0,1.0,0.0,0.0,0.0,0.0,1.0,0.0,0.0,0.0,0.0,1.0,0.0,0.0,0.0,0.0,192000.0,0.13223694005538106
0.6358587812250798,0.41606240991786003,-0.5923404239755516,1.1546298148101155,0.29169529612149414,0.7772367703207032,0.2059921720278468,0.29818073040869925,0.0,0.0,0.0,0.0,0.0,0.0,0.0,0.0,0.0,0.0,0.0,0.0,0.0,0.0,0.0,0.0,0.0,0.0,0.0,0.0,0.0,0.0,0.0,1.0,0.0,0.0,0.0,0.0,1.0,0.0,0.0,0.0,0.0,1.0,0.0,0.0,0.0,0.0,1.0,0.0,0.0,0.0,0.0,207500.0,0.3260177354098268
-0.06491841398858939,-1.2046296883121714,-0.7021968164214699,-0.23909603260757437,-0.3449066476693366,-1.021987401155326,0.2059921720278468,-1.0371220601333149,0.0,0.0,0.0,0.0,0.0,0.0,0.0,0.0,0.0,1.0,0.0,0.0,0.0,0.0,0.0,0.0,0.0,0.0,0.0,0.0,0.0,0.0,0.0,0.0,0.0,0.0,0.0,1.0,0.0,0.0,0.0,0.0,0.0,1.0,0.0,0.0,0.0,0.0,0.0,1.0,0.0,0.0,0.0,128900.0,-0.656638426839169
0.6358587812250798,0.5483638056917401,-0.164884949906454,0.7298566281673645,-0.2832289506930623,0.7772367703207032,0.2059921720278468,0.29818073040869925,1.0,0.0,0.0,0.0,0.0,0.0,0.0,0.0,0.0,0.0,0.0,0.0,0.0,0.0,0.0,0.0,0.0,0.0,0.0,0.0,0.0,0.0,0.0,0.0,0.0,0.0,0.0,0.0,1.0,0.0,0.0,0.0,0.0,1.0,0.0,0.0,0.0,0.0,1.0,0.0,0.0,0.0,0.0,207000.0,0.3197667420112963
-3.5688043900569353,-0.8408008499340011,-0.599276367286801,-2.2827052807874453,-2.3296068253701616,-1.021987401155326,-2.2013579409585584,-2.372424850675329,0.0,0.0,0.0,0.0,0.0,0.0,0.0,0.0,0.0,0.0,0.0,1.0,0.0,0.0,0.0,0.0,0.0,0.0,0.0,0.0,0.0,0.0,0.0,0.0,0.0,0.0,0.0,0.0,1.0,0.0,0.0,0.0,0.0,0.0,0.0,0.0,1.0,0.0,0.0,1.0,0.0,0.0,0.0,39300.0,-1.7768164438558358
-0.7656956092022585,-0.37774596472542066,0.22207356482921958,-0.15296690720535758,-0.17529298098458237,-1.021987401155326,0.2059921720278468,-1.0371220601333149,0.0,1.0,0.0,0.0,0.0,0.0,0.0,0.0,0.0,0.0,0.0,0.0,0.0,0.0,0.0,0.0,0.0,0.0,0.0,0.0,0.0,0.0,0.0,0.0,0.0,0.0,0.0,0.0,1.0,0.0,0.0,0.0,0.0,0.0,1.0,0.0,0.0,0.0,0.0,1.0,0.0,0.0,0.0,139900.0,-0.5191165720714978
0.6358587812250798,1.2098707845611407,0.17217952100958664,-0.3017353965364593,0.6133004303549242,0.7772367703207032,0.2059921720278468,1.6334835209507133,0.0,0.0,0.0,0.0,0.0,0.0,0.0,0.0,0.0,0.0,0.0,0.0,0.0,0.0,0.0,1.0,0.0,0.0,0.0,0.0,0.0,0.0,0.0,0.0,0.0,0.0,0.0,0.0,1.0,0.0,0.0,0.0,0.0,1.0,0.0,0.0,0.0,0.0,1.0,0.0,0.0,0.0,0.0,220000.0,0.4822925703730895
-1.4664728044159276,-0.675424105216651,-0.16555617022689748,-0.5483778920064437,-0.48808701564997325,-1.021987401155326,-0.9976828844653559,0.29818073040869925,0.0,0.0,0.0,0.0,0.0,0.0,0.0,0.0,0.0,0.0,0.0,0.0,1.0,0.0,0.0,0.0,0.0,0.0,0.0,0.0,0.0,0.0,0.0,0.0,0.0,0.0,0.0,1.0,0.0,0.0,0.0,0.0,0.0,0.0,1.0,0.0,0.0,0.0,0.0,0.0,0.0,1.0,0.0,102000.0,-0.9929418716801103
-0.7656956092022585,-2.031513411898922,-0.3531622497908537,-0.9359589563164192,-0.0783708857361514,-1.021987401155326,-0.9976828844653559,-1.0371220601333149,0.0,0.0,0.0,0.0,0.0,0.0,0.0,0.0,0.0,1.0,0.0,0.0,0.0,0.0,0.0,0.0,0.0,0.0,0.0,0.0,0.0,0.0,0.0,0.0,0.0,0.0,0.0,1.0,0.0,0.0,0.0,0.0,0.0,0.0,1.0,0.0,0.0,0.0,0.0,1.0,0.0,0.0,0.0,85000.0,-1.2054756472301476
-0.7656956092022585,1.1767954356176706,0.006052491699822168,0.17197479317573305,-0.7325950286630605,2.5764609417967326,0.2059921720278468,0.29818073040869925,0.0,0.0,0.0,0.0,1.0,0.0,0.0,0.0,0.0,0.0,0.0,0.0,0.0,0.0,0.0,0.0,0.0,0.0,0.0,0.0,0.0,0.0,0.0,0.0,0.0,0.0,0.0,0.0,1.0,0.0,0.0,0.0,0.0,1.0,0.0,0.0,0.0,0.0,1.0,0.0,0.0,0.0,0.0,212109.0,0.38363939255748103
-0.7656956092022585,-0.27851991789501057,-0.19229311299122995,-1.1258345282258517,-0.2920400502611015,-1.021987401155326,-0.9976828844653559,0.29818073040869925,0.0,0.0,0.0,0.0,0.0,1.0,0.0,0.0,0.0,0.0,0.0,0.0,0.0,0.0,0.0,0.0,0.0,0.0,0.0,0.0,0.0,0.0,0.0,0.0,0.0,0.0,0.0,1.0,0.0,0.0,0.0,0.0,0.0,0.0,1.0,0.0,0.0,0.0,0.0,1.0,0.0,0.0,0.0,133500.0,-0.5991292875726882
1.336635976438749,1.1767954356176706,0.2791272920669165,0.5478109767490427,-0.3030539247211505,0.7772367703207032,0.2059921720278468,0.29818073040869925,0.0,0.0,0.0,0.0,0.0,0.0,0.0,0.0,0.0,0.0,0.0,0.0,0.0,0.0,0.0,1.0,0.0,0.0,0.0,0.0,0.0,0.0,0.0,0.0,0.0,0.0,0.0,0.0,1.0,0.0,0.0,0.0,0.0,1.0,0.0,0.0,0.0,0.0,1.0,0.0,0.0,0.0,0.0,264966.0,1.044456908689735
-0.06491841398858939,-1.5023078288034015,-0.4672697042662475,-1.006428240736415,-0.21494292904075868,-1.021987401155326,-0.9976828844653559,-1.0371220601333149,0.0,0.0,0.0,0.0,0.0,0.0,0.0,0.0,0.0,0.0,0.0,1.0,0.0,0.0,0.0,0.0,0.0,0.0,0.0,0.0,0.0,0.0,0.0,0.0,0.0,0.0,0.0,1.0,0.0,0.0,0.0,0.0,0.0,0.0,1.0,0.0,0.0,0.0,0.0,1.0,0.0,0.0,0.0,102000.0,-0.9929418716801103
0.6358587812250798,0.9121926440699104,-0.8708968569596012,-0.16471178794202349,-0.7964755005313445,0.7772367703207032,0.2059921720278468,0.29818073040869925,0.0,0.0,0.0,0.0,1.0,0.0,0.0,0.0,0.0,0.0,0.0,0.0,0.0,0.0,0.0,0.0,0.0,0.0,0.0,0.0,0.0,0.0,0.0,0.0,0.0,0.0,0.0,1.0,0.0,0.0,0.0,0.0,0.0,1.0,0.0,0.0,0.0,0.0,1.0,0.0,0.0,0.0,0.0,155000.0,-0.33033657143587647
1.336635976438749,1.1437200866742006,-0.23032893114969452,0.12499527022906934,1.0758831576769812,0.7772367703207032,-0.9976828844653559,0.29818073040869925,0.0,0.0,0.0,0.0,0.0,0.0,0.0,0.0,0.0,0.0,0.0,0.0,0.0,0.0,0.0,1.0,0.0,0.0,0.0,0.0,0.0,0.0,0.0,0.0,0.0,0.0,0.0,0.0,1.0,0.0,0.0,0.0,0.0,0.0,0.0,1.0,0.0,0.0,1.0,0.0,0.0,0.0,0.0,267300.0,1.0736365458740755
1.336635976438749,1.2098707845611407,-0.014643468180518858,0.2541889583323945,1.2432940494697255,0.7772367703207032,0.2059921720278468,1.6334835209507133,0.0,0.0,0.0,0.0,0.0,0.0,0.0,1.0,0.0,0.0,0.0,0.0,0.0,0.0,0.0,0.0,0.0,0.0,0.0,0.0,0.0,0.0,0.0,0.0,0.0,0.0,0.0,0.0,1.0,0.0,0.0,0.0,0.0,0.0,0.0,1.0,0.0,0.0,0.0,0.0,1.0,0.0,0.0,295493.0,1.4261050596436167
-0.06491841398858939,1.1106447377307307,-0.45507586844485737,-0.27041571457201685,0.6705725775471789,0.7772367703207032,-0.9976828844653559,0.29818073040869925,0.0,0.0,0.0,1.0,0.0,0.0,0.0,0.0,0.0,0.0,0.0,0.0,0.0,0.0,0.0,0.0,0.0,0.0,0.0,0.0,0.0,0.0,0.0,0.0,0.0,0.0,0.0,0.0,1.0,0.0,0.0,0.0,0.0,1.0,0.0,0.0,0.0,0.0,1.0,0.0,0.0,0.0,0.0,207000.0,0.3197667420112963
-1.4664728044159276,-0.34467061578195063,-0.27004280010926784,-0.9222565954569757,-0.06295146149208283,-1.021987401155326,0.2059921720278468,-1.0371220601333149,0.0,0.0,0.0,0.0,0.0,1.0,0.0,0.0,0.0,0.0,0.0,0.0,0.0,0.0,0.0,0.0,0.0,0.0,0.0,0.0,0.0,0.0,0.0,0.0,0.0,0.0,0.0,0.0,1.0,0.0,0.0,0.0,0.0,0.0,1.0,0.0,0.0,0.0,0.0,1.0,0.0,0.0,0.0,118500.0,-0.7866590895286035
-0.7656956092022585,-0.6092734073297109,-0.16387811942578875,-1.1551967300675166,-2.0983154617091335,-1.021987401155326,0.2059921720278468,0.29818073040869925,0.0,1.0,0.0,0.0,0.0,0.0,0.0,0.0,0.0,0.0,0.0,0.0,0.0,0.0,0.0,0.0,0.0,0.0,0.0,0.0,0.0,0.0,0.0,0.0,0.0,0.0,0.0,0.0,1.0,0.0,0.0,0.0,0.0,1.0,0.0,0.0,0.0,0.0,0.0,1.0,0.0,0.0,0.0,116000.0,-0.817914056521256
-0.06491841398858939,0.2837610141439799,-0.9921639948530588,-0.5307605709014448,-1.0938501109526668,-1.021987401155326,-0.9976828844653559,0.29818073040869925,0.0,0.0,0.0,0.0,0.0,0.0,0.0,0.0,0.0,0.0,0.0,0.0,0.0,0.0,0.0,0.0,0.0,0.0,0.0,0.0,0.0,0.0,1.0,0.0,0.0,0.0,0.0,0.0,1.0,0.0,0.0,0.0,0.0,1.0,0.0,0.0,0.0,0.0,1.0,0.0,0.0,0.0,0.0,137000.0,-0.5553723337829747
0.6358587812250798,0.8791172951264404,0.19914020388073359,0.3148708421385018,1.30276897155399,0.7772367703207032,0.2059921720278468,0.29818073040869925,0.0,0.0,0.0,0.0,0.0,0.0,0.0,1.0,0.0,0.0,0.0,0.0,0.0,0.0,0.0,0.0,0.0,0.0,0.0,0.0,0.0,0.0,0.0,0.0,0.0,0.0,0.0,0.0,1.0,0.0,0.0,0.0,0.0,1.0,0.0,0.0,0.0,0.0,1.0,0.0,0.0,0.0,0.0,224900.0,0.5435523056786884
-1.4664728044159276,-0.5100473604993008,-0.5433413405831766,-1.210006173505291,-0.3867593706175227,-1.021987401155326,-2.2013579409585584,-2.372424850675329,0.0,0.0,0.0,0.0,0.0,0.0,0.0,0.0,0.0,1.0,0.0,0.0,0.0,0.0,0.0,0.0,0.0,0.0,0.0,0.0,0.0,0.0,0.0,0.0,0.0,0.0,0.0,0.0,1.0,0.0,0.0,0.0,0.0,0.0,1.0,0.0,0.0,0.0,0.0,1.0,0.0,0.0,0.0,103200.0,-0.977939487523637
-0.06491841398858939,-1.8992120161250419,0.06030946760233783,3.7091413750349544,0.8423890191239428,0.7772367703207032,6.22436745449386,-2.372424850675329,0.0,0.0,0.0,0.0,0.0,0.0,0.0,0.0,0.0,0.0,1.0,0.0,0.0,0.0,0.0,0.0,0.0,0.0,0.0,0.0,0.0,0.0,0.0,0.0,0.0,0.0,0.0,0.0,1.0,0.0,0.0,0.0,0.0,0.0,0.0,0.0,1.0,0.0,0.0,1.0,0.0,0.0,0.0,200000.0,0.2322528344318692
-0.06491841398858939,-0.24544456895154054,0.26212304394901464,-0.4974834088142247,0.41505069007404266,-1.021987401155326,0.2059921720278468,0.29818073040869925,0.0,1.0,0.0,0.0,0.0,0.0,0.0,0.0,0.0,0.0,0.0,0.0,0.0,0.0,0.0,0.0,0.0,0.0,0.0,0.0,0.0,0.0,0.0,0.0,0.0,0.0,0.0,0.0,1.0,0.0,0.0,0.0,0.0,0.0,1.0,0.0,0.0,0.0,0.0,1.0,0.0,0.0,0.0,172000.0,-0.11780279588583922
-0.06491841398858939,-0.4438966626123607,0.22856202792684002,-0.558165292620332,0.34676466842173903,-1.021987401155326,0.2059921720278468,-1.0371220601333149,0.0,1.0,0.0,0.0,0.0,0.0,0.0,0.0,0.0,0.0,0.0,0.0,0.0,0.0,0.0,0.0,0.0,0.0,0.0,0.0,0.0,0.0,0.0,0.0,0.0,0.0,0.0,0.0,1.0,0.0,0.0,0.0,0.0,0.0,1.0,0.0,0.0,0.0,0.0,1.0,0.0,0.0,0.0,155000.0,-0.33033657143587647
-0.7656956092022585,-1.0392529435948212,0.2030556557499873,-1.1591116903130718,-0.5189258641381104,-1.021987401155326,-0.9976828844653559,0.29818073040869925,0.0,1.0,0.0,0.0,0.0,0.0,0.0,0.0,0.0,0.0,0.0,0.0,0.0,0.0,0.0,0.0,0.0,0.0,0.0,0.0,0.0,0.0,0.0,0.0,0.0,0.0,0.0,0.0,1.0,0.0,0.0,0.0,0.0,0.0,1.0,0.0,0.0,0.0,0.0,1.0,0.0,0.0,0.0,138500.0,-0.5366193535873832
-0.06491841398858939,-0.013917126347250347,0.019365028055284776,-1.0162156413503032,-0.168684656308553,-1.021987401155326,0.2059921720278468,0.29818073040869925,0.0,1.0,0.0,0.0,0.0,0.0,0.0,0.0,0.0,0.0,0.0,0.0,0.0,0.0,0.0,0.0,0.0,0.0,0.0,0.0,0.0,0.0,0.0,0.0,0.0,0.0,0.0,1.0,0.0,0.0,0.0,0.0,0.0,0.0,1.0,0.0,0.0,0.0,0.0,1.0,0.0,0.0,0.0,143250.0,-0.4772349163013434
-0.7656956092022585,-0.34467061578195063,-0.05111310559128197,-0.7558707850208751,0.12428440432874972,-1.021987401155326,0.2059921720278468,0.29818073040869925,0.0,1.0,0.0,0.0,0.0,0.0,0.0,0.0,0.0,0.0,0.0,0.0,0.0,0.0,0.0,0.0,0.0,0.0,0.0,0.0,0.0,0.0,0.0,0.0,0.0,0.0,0.0,0.0,1.0,0.0,0.0,0.0,0.0,0.0,1.0,0.0,0.0,0.0,0.0,1.0,0.0,0.0,0.0,140000.0,-0.5178663733917916
-0.7656956092022585,-0.11314317317766043,0.24176269422889538,-0.9633636780353064,-0.10920973422428853,-1.021987401155326,0.2059921720278468,-1.0371220601333149,0.0,0.0,1.0,0.0,0.0,0.0,0.0,0.0,0.0,0.0,0.0,0.0,0.0,0.0,0.0,0.0,0.0,0.0,0.0,0.0,0.0,0.0,0.0,0.0,0.0,0.0,0.0,0.0,1.0,0.0,0.0,0.0,0.0,1.0,0.0,0.0,0.0,0.0,0.0,1.0,0.0,0.0,0.0,139500.0,-0.5241173667903222
-0.06491841398858939,-0.675424105216651,-0.02090819117132479,0.14652755157962355,-1.853807448696046,-1.021987401155326,-0.9976828844653559,0.29818073040869925,0.0,1.0,0.0,0.0,0.0,0.0,0.0,0.0,0.0,0.0,0.0,0.0,0.0,0.0,0.0,0.0,0.0,0.0,0.0,0.0,0.0,0.0,0.0,0.0,0.0,0.0,0.0,0.0,1.0,0.0,0.0,0.0,0.0,1.0,0.0,0.0,0.0,0.0,0.0,1.0,0.0,0.0,0.0,155000.0,-0.33033657143587647
-0.7656956092022585,1.1106447377307307,-0.1467620012544797,0.07018582679129502,-0.6378757083066393,0.7772367703207032,0.2059921720278468,0.29818073040869925,0.0,0.0,0.0,0.0,0.0,0.0,0.0,1.0,0.0,0.0,0.0,0.0,0.0,0.0,0.0,0.0,0.0,0.0,0.0,0.0,0.0,0.0,0.0,0.0,0.0,0.0,0.0,0.0,1.0,0.0,0.0,0.0,0.0,1.0,0.0,0.0,0.0,0.0,1.0,0.0,0.0,0.0,0.0,167000.0,-0.1803127298711443
-0.7656956092022585,-0.5431227094427709,-0.3531622497908537,0.17197479317573305,-0.6378757083066393,-1.021987401155326,0.2059921720278468,0.29818073040869925,0.0,1.0,0.0,0.0,0.0,0.0,0.0,0.0,0.0,0.0,0.0,0.0,0.0,0.0,0.0,0.0,0.0,0.0,0.0,0.0,0.0,0.0,0.0,0.0,0.0,0.0,0.0,1.0,0.0,0.0,0.0,0.0,0.0,0.0,1.0,0.0,0.0,0.0,0.0,1.0,0.0,0.0,0.0,150000.0,-0.39284650542118155
-0.7656956092022585,-0.4438966626123607,-0.140609148317081,-1.2452408157152886,-0.426409318673699,-1.021987401155326,0.2059921720278468,0.29818073040869925,0.0,1.0,0.0,0.0,0.0,0.0,0.0,0.0,0.0,0.0,0.0,0.0,0.0,0.0,0.0,0.0,0.0,0.0,0.0,0.0,0.0,0.0,0.0,0.0,0.0,0.0,0.0,1.0,0.0,0.0,0.0,0.0,0.0,0.0,1.0,0.0,0.0,0.0,0.0,1.0,0.0,0.0,0.0,129900.0,-0.6441364400421079
0.6358587812250798,0.7137405504090902,0.42668389251107763,1.3699526283156576,-0.5409536130582083,0.7772367703207032,1.4096672285210494,0.29818073040869925,1.0,0.0,0.0,0.0,0.0,0.0,0.0,0.0,0.0,0.0,0.0,0.0,0.0,0.0,0.0,0.0,0.0,0.0,0.0,0.0,0.0,0.0,0.0,0.0,0.0,0.0,0.0,0.0,1.0,0.0,0.0,0.0,0.0,1.0,0.0,0.0,0.0,0.0,1.0,0.0,0.0,0.0,0.0,225000.0,0.5448025043583945
-0.06491841398858939,-0.4438966626123607,0.3180580706526391,0.13674015096573527,0.7432641489835021,-1.021987401155326,0.2059921720278468,0.29818073040869925,0.0,1.0,0.0,0.0,0.0,0.0,0.0,0.0,0.0,0.0,0.0,0.0,0.0,0.0,0.0,0.0,0.0,0.0,0.0,0.0,0.0,0.0,0.0,0.0,0.0,0.0,0.0,0.0,1.0,0.0,0.0,0.0,0.0,0.0,1.0,0.0,0.0,0.0,0.0,1.0,0.0,0.0,0.0,166800.0,-0.18281312723055648
1.336635976438749,0.7468158993525603,4.053287283867269,1.8554076987645158,1.2587134737137942,0.7772367703207032,1.4096672285210494,1.6334835209507133,0.0,0.0,0.0,0.0,0.0,0.0,0.0,0.0,1.0,0.0,0.0,0.0,0.0,0.0,0.0,0.0,0.0,0.0,0.0,0.0,0.0,0.0,0.0,0.0,0.0,0.0,0.0,0.0,1.0,0.0,0.0,0.0,0.0,1.0,0.0,0.0,0.0,0.0,1.0,0.0,0.0,0.0,0.0,402000.0,2.757654167438194
-0.7656956092022585,0.01915822259621968,-0.3531622497908537,-1.4096691460286117,-0.6114424096025217,-1.021987401155326,-0.9976828844653559,-1.0371220601333149,0.0,0.0,0.0,0.0,0.0,0.0,0.0,1.0,0.0,0.0,0.0,0.0,0.0,0.0,0.0,0.0,0.0,0.0,0.0,0.0,0.0,0.0,0.0,0.0,0.0,0.0,0.0,1.0,0.0,0.0,0.0,0.0,0.0,0.0,1.0,0.0,0.0,0.0,0.0,1.0,0.0,0.0,0.0,124900.0,-0.706646374027413
1.336635976438749,0.8791172951264404,0.14745623920658465,0.9902014844967926,2.0362930105932517,0.7772367703207032,-0.9976828844653559,1.6334835209507133,0.0,0.0,0.0,0.0,0.0,0.0,0.0,0.0,1.0,0.0,0.0,0.0,0.0,0.0,0.0,0.0,0.0,0.0,0.0,0.0,0.0,0.0,0.0,0.0,0.0,0.0,0.0,0.0,1.0,0.0,0.0,0.0,0.0,1.0,0.0,0.0,0.0,0.0,1.0,0.0,0.0,0.0,0.0,350000.0,2.1075508539910213
-0.06491841398858939,0.8460419461829704,0.3115696075550186,0.5301936556440437,-0.426409318673699,0.7772367703207032,0.2059921720278468,0.29818073040869925,0.0,0.0,0.0,0.0,0.0,0.0,0.0,1.0,0.0,0.0,0.0,0.0,0.0,0.0,0.0,0.0,0.0,0.0,0.0,0.0,0.0,0.0,0.0,0.0,0.0,0.0,0.0,0.0,1.0,0.0,0.0,0.0,0.0,1.0,0.0,0.0,0.0,0.0,1.0,0.0,0.0,0.0,0.0,215700.0,0.42853402714572714
-0.7656956092022585,-0.27851991789501057,-0.31960123376867905,-0.9007243141064215,-0.038720937679975094,-1.021987401155326,0.2059921720278468,-1.0371220601333149,0.0,0.0,0.0,0.0,0.0,1.0,0.0,0.0,0.0,0.0,0.0,0.0,0.0,0.0,0.0,0.0,0.0,0.0,0.0,0.0,0.0,0.0,0.0,0.0,0.0,0.0,0.0,0.0,1.0,0.0,0.0,0.0,0.0,0.0,1.0,0.0,0.0,0.0,0.0,1.0,0.0,0.0,0.0,133000.0,-0.6053802809712188
-0.7656956092022585,-0.807725500990531,-0.2580727043946922,-0.710848742196989,-2.3296068253701616,-1.021987401155326,1.4096672285210494,-2.372424850675329,0.0,0.0,0.0,0.0,0.0,0.0,0.0,0.0,0.0,0.0,0.0,0.0,1.0,0.0,0.0,0.0,0.0,0.0,0.0,0.0,0.0,0.0,0.0,0.0,0.0,0.0,0.0,0.0,1.0,0.0,0.0,0.0,0.0,0.0,1.0,0.0,0.0,0.0,0.0,1.0,0.0,0.0,0.0,96000.0,-1.0679537924624762
-1.4664728044159276,-0.37774596472542066,0.03636927617318659,-0.6873589807236572,-0.09599308487222977,-1.021987401155326,0.2059921720278468,-1.0371220601333149,0.0,0.0,0.0,0.0,0.0,0.0,0.0,0.0,0.0,0.0,0.0,0.0,1.0,0.0,0.0,0.0,0.0,0.0,0.0,0.0,0.0,0.0,0.0,0.0,0.0,0.0,0.0,0.0,0.0,0.0,0.0,1.0,0.0,0.0,1.0,0.0,0.0,0.0,0.0,1.0,0.0,0.0,0.0,127000.0,-0.6803922017535848
1.336635976438749,0.7468158993525603,0.44145073956083447,0.9530093621640171,2.045104110161291,0.7772367703207032,-0.9976828844653559,0.29818073040869925,0.0,0.0,0.0,0.0,0.0,0.0,0.0,0.0,1.0,0.0,0.0,0.0,0.0,0.0,0.0,0.0,0.0,0.0,0.0,0.0,0.0,0.0,0.0,0.0,0.0,0.0,0.0,0.0,1.0,0.0,0.0,0.0,0.0,1.0,0.0,0.0,0.0,0.0,1.0,0.0,0.0,0.0,0.0,301500.0,1.501204494333562
-0.06491841398858939,0.6145145035786802,0.16602666807218794,-1.339199861608616,-0.5321425134901692,-1.021987401155326,0.2059921720278468,-2.372424850675329,0.0,0.0,0.0,0.0,0.0,0.0,0.0,0.0,0.0,0.0,0.0,0.0,1.0,0.0,0.0,0.0,0.0,0.0,0.0,0.0,0.0,0.0,0.0,0.0,0.0,0.0,0.0,0.0,1.0,0.0,0.0,0.0,0.0,0.0,1.0,0.0,0.0,0.0,1.0,0.0,0.0,0.0,0.0,118500.0,-0.7866590895286035
-0.7656956092022585,-0.4108213136688907,-0.24543138835967312,-0.6971463813375455,0.19036765108904358,-1.021987401155326,0.2059921720278468,-1.0371220601333149,0.0,1.0,0.0,0.0,0.0,0.0,0.0,0.0,0.0,0.0,0.0,0.0,0.0,0.0,0.0,0.0,0.0,0.0,0.0,0.0,0.0,0.0,0.0,0.0,0.0,0.0,0.0,0.0,1.0,0.0,0.0,0.0,0.0,0.0,1.0,0.0,0.0,0.0,0.0,1.0,0.0,0.0,0.0,143000.0,-0.48036041300060867
-0.7656956092022585,0.8129665972395004,0.23572171134490394,-0.9007243141064215,-0.038720937679975094,-1.021987401155326,0.2059921720278468,0.29818073040869925,0.0,0.0,0.0,0.0,0.0,0.0,0.0,1.0,0.0,0.0,0.0,0.0,0.0,0.0,0.0,0.0,0.0,0.0,0.0,0.0,0.0,0.0,0.0,0.0,0.0,0.0,0.0,1.0,0.0,0.0,0.0,0.0,0.0,1.0,0.0,0.0,0.0,0.0,1.0,0.0,0.0,0.0,0.0,152000.0,-0.3678425318270595
-1.4664728044159276,-0.7415748031035909,0.16143999588249075,-0.23126611211646375,-2.3296068253701616,0.7772367703207032,-2.2013579409585584,-1.0371220601333149,0.0,0.0,0.0,0.0,0.0,0.0,0.0,0.0,0.0,1.0,0.0,0.0,0.0,0.0,0.0,0.0,0.0,0.0,0.0,0.0,0.0,0.0,0.0,0.0,0.0,0.0,0.0,0.0,1.0,0.0,0.0,0.0,0.0,0.0,1.0,0.0,0.0,0.0,0.0,1.0,0.0,0.0,0.0,110000.0,-0.8929259773036221
-0.06491841398858939,-0.0800678242341904,0.6739167105410975,0.6730897046068125,1.7323100754959,0.7772367703207032,0.2059921720278468,0.29818073040869925,0.0,0.0,0.0,0.0,0.0,0.0,0.0,0.0,0.0,0.0,0.0,0.0,0.0,0.0,0.0,0.0,1.0,0.0,0.0,0.0,0.0,0.0,0.0,0.0,0.0,0.0,0.0,0.0,1.0,0.0,0.0,0.0,0.0,1.0,0.0,0.0,0.0,0.0,0.0,1.0,0.0,0.0,0.0,223000.0,0.5197985307642725
2.037413171652418,0.9783433419568505,-0.668076450132259,-0.15883934757369053,0.7961307463917372,-1.021987401155326,-0.9976828844653559,0.29818073040869925,0.0,0.0,0.0,0.0,1.0,0.0,0.0,0.0,0.0,0.0,0.0,0.0,0.0,0.0,0.0,0.0,0.0,0.0,0.0,0.0,0.0,0.0,0.0,0.0,0.0,0.0,0.0,0.0,1.0,0.0,0.0,0.0,0.0,0.0,0.0,1.0,0.0,0.0,0.0,0.0,1.0,0.0,0.0,290000.0,1.3574316461673606
-0.7656956092022585,-0.8408008499340011,-0.18077049749028332,-0.5973148950758851,0.3027091705815431,0.7772367703207032,1.4096672285210494,-2.372424850675329,0.0,0.0,0.0,0.0,0.0,0.0,0.0,0.0,0.0,0.0,0.0,0.0,1.0,0.0,0.0,0.0,0.0,0.0,0.0,0.0,0.0,0.0,0.0,0.0,0.0,0.0,0.0,0.0,1.0,0.0,0.0,0.0,0.0,0.0,1.0,0.0,0.0,0.0,0.0,1.0,0.0,0.0,0.0,98500.0,-1.0366988254698237
-0.06491841398858939,0.41606240991786003,0.08033420716223537,0.04278110507240786,0.29169529612149414,0.7772367703207032,0.2059921720278468,0.29818073040869925,0.0,0.0,0.0,0.0,0.0,0.0,1.0,0.0,0.0,0.0,0.0,0.0,0.0,0.0,0.0,0.0,0.0,0.0,0.0,0.0,0.0,0.0,0.0,0.0,0.0,0.0,0.0,0.0,1.0,0.0,0.0,0.0,0.0,0.0,1.0,0.0,0.0,0.0,1.0,0.0,0.0,0.0,0.0,182000.0,0.007217072084770926
0.6358587812250798,1.0775693887872606,-0.7989644126187402,-0.5875274944619968,-1.007941890164285,0.7772367703207032,-0.9976828844653559,0.29818073040869925,0.0,0.0,0.0,0.0,1.0,0.0,0.0,0.0,0.0,0.0,0.0,0.0,0.0,0.0,0.0,0.0,0.0,0.0,0.0,0.0,0.0,0.0,0.0,0.0,0.0,0.0,0.0,1.0,0.0,0.0,0.0,0.0,0.0,1.0,0.0,0.0,0.0,0.0,1.0,0.0,0.0,0.0,0.0,155000.0,-0.33033657143587647
-1.4664728044159276,-0.5761980583862408,-0.10145462962454392,-1.1865164120319591,-0.36032607191340515,-1.021987401155326,0.2059921720278468,0.29818073040869925,0.0,0.0,0.0,0.0,0.0,0.0,0.0,0.0,0.0,0.0,0.0,0.0,1.0,0.0,0.0,0.0,0.0,0.0,0.0,0.0,0.0,0.0,0.0,0.0,0.0,0.0,0.0,1.0,0.0,0.0,0.0,0.0,0.0,0.0,1.0,0.0,0.0,0.0,0.0,1.0,0.0,0.0,0.0,110000.0,-0.8929259773036221
-0.7656956092022585,-0.5761980583862408,-0.09306437561900026,-0.6423369378997711,0.2520453480653178,-1.021987401155326,0.2059921720278468,-1.0371220601333149,0.0,0.0,0.0,0.0,0.0,0.0,0.0,0.0,0.0,0.0,0.0,0.0,1.0,0.0,0.0,0.0,0.0,0.0,0.0,0.0,0.0,0.0,0.0,0.0,0.0,0.0,0.0,0.0,1.0,0.0,0.0,0.0,0.0,0.0,1.0,0.0,0.0,0.0,0.0,1.0,0.0,0.0,0.0,128000.0,-0.6678902149565239
-2.167249999629597,-0.708499454160121,-0.20280889801151133,-0.9007243141064215,-2.3296068253701616,0.7772367703207032,-0.9976828844653559,0.29818073040869925,0.0,1.0,0.0,0.0,0.0,0.0,0.0,0.0,0.0,0.0,0.0,0.0,0.0,0.0,0.0,0.0,0.0,0.0,0.0,0.0,0.0,0.0,0.0,0.0,0.0,0.0,0.0,1.0,0.0,0.0,0.0,0.0,0.0,0.0,1.0,0.0,0.0,0.0,0.0,1.0,0.0,0.0,0.0,93500.0,-1.099208759455129
-0.7656956092022585,0.01915822259621968,-0.3531622497908537,-1.2452408157152886,-0.426409318673699,-1.021987401155326,0.2059921720278468,0.29818073040869925,0.0,0.0,0.0,0.0,0.0,0.0,0.0,1.0,0.0,0.0,0.0,0.0,0.0,0.0,0.0,0.0,0.0,0.0,0.0,0.0,0.0,0.0,0.0,0.0,0.0,0.0,0.0,1.0,0.0,0.0,0.0,0.0,0.0,0.0,0.0,1.0,0.0,0.0,0.0,1.0,0.0,0.0,0.0,127000.0,-0.6803922017535848
-0.7656956092022585,-0.5431227094427709,-0.48740631387955224,-1.0573227239286338,-0.21494292904075868,-1.021987401155326,0.2059921720278468,0.29818073040869925,0.0,0.0,0.0,0.0,0.0,0.0,0.0,0.0,0.0,1.0,0.0,0.0,0.0,0.0,0.0,0.0,0.0,0.0,0.0,0.0,0.0,0.0,0.0,0.0,0.0,0.0,0.0,1.0,0.0,0.0,0.0,0.0,0.0,0.0,1.0,0.0,0.0,0.0,0.0,1.0,0.0,0.0,0.0,135500.0,-0.5741253139785663
-0.06491841398858939,-1.5023078288034015,-0.3755362604723035,-0.4211416840258962,-0.43301764334972837,-1.021987401155326,0.2059921720278468,0.29818073040869925,0.0,0.0,0.0,0.0,0.0,0.0,0.0,0.0,0.0,0.0,0.0,0.0,0.0,0.0,0.0,0.0,0.0,0.0,0.0,1.0,0.0,0.0,0.0,0.0,0.0,0.0,0.0,1.0,0.0,0.0,0.0,0.0,0.0,0.0,1.0,0.0,0.0,0.0,0.0,1.0,0.0,0.0,0.0,145400.0,-0.4503556446876622
-1.4664728044159276,1.1106447377307307,-0.3728513791905295,-0.7206361428108773,0.16393435238492604,-1.021987401155326,-0.9976828844653559,0.29818073040869925,0.0,0.0,0.0,0.0,0.0,0.0,0.0,0.0,0.0,0.0,0.0,0.0,1.0,0.0,0.0,0.0,0.0,0.0,0.0,0.0,0.0,0.0,0.0,0.0,0.0,0.0,0.0,0.0,1.0,0.0,0.0,0.0,0.0,1.0,0.0,0.0,0.0,0.0,1.0,0.0,0.0,0.0,0.0,176000.0,-0.06779484869759517
-1.4664728044159276,-0.774650152047061,-0.3804585428222224,-1.1043022468752977,-0.9550752927560497,-1.021987401155326,0.2059921720278468,-1.0371220601333149,0.0,0.0,0.0,0.0,0.0,0.0,0.0,0.0,0.0,0.0,0.0,0.0,1.0,0.0,0.0,0.0,0.0,0.0,0.0,0.0,0.0,0.0,0.0,0.0,0.0,0.0,0.0,0.0,1.0,0.0,0.0,0.0,0.0,0.0,1.0,0.0,0.0,0.0,0.0,0.0,0.0,1.0,0.0,97900.0,-1.0442000175480604
0.6358587812250798,-1.866136667181572,-0.047980744095879,0.868837716884578,-0.8493420979395796,0.7772367703207032,0.2059921720278468,-1.0371220601333149,0.0,0.0,0.0,0.0,0.0,0.0,0.0,0.0,0.0,1.0,0.0,0.0,0.0,0.0,0.0,0.0,0.0,0.0,0.0,0.0,0.0,0.0,0.0,0.0,0.0,0.0,0.0,1.0,0.0,0.0,0.0,0.0,0.0,0.0,1.0,0.0,0.0,0.0,0.0,1.0,0.0,0.0,0.0,179900.0,-0.019037100189057205
-0.7656956092022585,0.44913775886133006,-0.1764075654074006,-1.305922699521396,-0.49469534032600265,-1.021987401155326,0.2059921720278468,-2.372424850675329,0.0,0.0,1.0,0.0,0.0,0.0,0.0,0.0,0.0,0.0,0.0,0.0,0.0,0.0,0.0,0.0,0.0,0.0,0.0,0.0,0.0,0.0,0.0,0.0,0.0,0.0,0.0,0.0,1.0,0.0,0.0,0.0,0.0,0.0,1.0,0.0,0.0,0.0,0.0,1.0,0.0,0.0,0.0,112000.0,-0.8679220037095001
0.6358587812250798,0.9452679930133805,-0.17472951460629188,1.479571515191206,-0.23256512817683705,0.7772367703207032,1.4096672285210494,0.29818073040869925,0.0,0.0,0.0,0.0,0.0,0.0,0.0,0.0,0.0,0.0,0.0,0.0,0.0,1.0,0.0,0.0,0.0,0.0,0.0,0.0,0.0,0.0,0.0,0.0,0.0,0.0,0.0,0.0,0.0,1.0,0.0,0.0,0.0,1.0,0.0,0.0,0.0,0.0,1.0,0.0,0.0,0.0,0.0,236000.0,0.6823243591260657
-0.7656956092022585,-0.11314317317766043,1.6487523559318635,-0.0531354209436972,0.8357806944479135,-1.021987401155326,-2.2013579409585584,-1.0371220601333149,0.0,0.0,0.0,0.0,0.0,0.0,1.0,0.0,0.0,0.0,0.0,0.0,0.0,0.0,0.0,0.0,0.0,0.0,0.0,0.0,0.0,0.0,0.0,0.0,0.0,0.0,0.0,0.0,1.0,0.0,0.0,0.0,0.0,0.0,0.0,1.0,0.0,0.0,0.0,1.0,0.0,0.0,0.0,143000.0,-0.48036041300060867
0.6358587812250798,-1.0061775946513511,-0.3612168936361756,0.285508640296837,-0.3074594745051701,0.7772367703207032,1.4096672285210494,-1.0371220601333149,0.0,0.0,0.0,0.0,0.0,0.0,0.0,0.0,0.0,0.0,0.0,0.0,0.0,0.0,0.0,0.0,1.0,0.0,0.0,0.0,0.0,0.0,0.0,0.0,0.0,0.0,0.0,1.0,0.0,0.0,0.0,0.0,0.0,0.0,1.0,0.0,0.0,0.0,0.0,1.0,0.0,0.0,0.0,164000.0,-0.21781869026232734
-0.7656956092022585,-0.34467061578195063,0.15942633492116026,-0.6756140999869913,0.11327052986870076,-1.021987401155326,0.2059921720278468,0.29818073040869925,0.0,0.0,0.0,0.0,0.0,1.0,0.0,0.0,0.0,0.0,0.0,0.0,0.0,0.0,0.0,0.0,0.0,0.0,0.0,0.0,0.0,0.0,0.0,0.0,0.0,0.0,0.0,1.0,0.0,0.0,0.0,0.0,0.0,1.0,0.0,0.0,0.0,0.0,0.0,1.0,0.0,0.0,0.0,148000.0,-0.4178504790153036
1.336635976438749,0.8129665972395004,0.5152849748096187,-0.41526924365756324,0.4458895385621798,-1.021987401155326,-2.2013579409585584,0.29818073040869925,0.0,0.0,0.0,0.0,0.0,0.0,0.0,0.0,0.0,0.0,0.0,0.0,0.0,0.0,0.0,0.0,0.0,0.0,0.0,0.0,1.0,0.0,0.0,0.0,0.0,0.0,0.0,0.0,1.0,0.0,0.0,0.0,0.0,0.0,0.0,1.0,0.0,0.0,1.0,0.0,0.0,0.0,0.0,245500.0,0.8010932336981453
-0.06491841398858939,-1.866136667181572,-0.3914218080561328,0.28746612041961467,-0.5541702624102671,-1.021987401155326,1.4096672285210494,-1.0371220601333149,0.0,0.0,0.0,0.0,0.0,0.0,0.0,0.0,0.0,0.0,1.0,0.0,0.0,0.0,0.0,0.0,0.0,0.0,0.0,0.0,0.0,0.0,0.0,0.0,0.0,0.0,0.0,1.0,0.0,0.0,0.0,0.0,0.0,0.0,0.0,0.0,1.0,0.0,1.0,0.0,0.0,0.0,0.0,128000.0,-0.6678902149565239
-0.7656956092022585,-0.37774596472542066,1.2745470272846162,0.5301936556440437,-2.3296068253701616,-1.021987401155326,0.2059921720278468,0.29818073040869925,0.0,0.0,1.0,0.0,0.0,0.0,0.0,0.0,0.0,0.0,0.0,0.0,0.0,0.0,0.0,0.0,0.0,0.0,0.0,0.0,0.0,0.0,0.0,0.0,0.0,0.0,0.0,0.0,1.0,0.0,0.0,0.0,0.0,0.0,1.0,0.0,0.0,0.0,0.0,1.0,0.0,0.0,0.0,115000.0,-0.8304160433183171
-0.06491841398858939,0.21761031625703986,-0.35584713107262766,-0.9007243141064215,-0.21494292904075868,-1.021987401155326,0.2059921720278468,0.29818073040869925,0.0,0.0,0.0,0.0,0.0,1.0,0.0,0.0,0.0,0.0,0.0,0.0,0.0,0.0,0.0,0.0,0.0,0.0,0.0,0.0,0.0,0.0,0.0,0.0,0.0,0.0,0.0,1.0,0.0,0.0,0.0,0.0,0.0,0.0,1.0,0.0,0.0,0.0,0.0,1.0,0.0,0.0,0.0,160500.0,-0.26157564405204087
-0.06491841398858939,-0.708499454160121,0.4075541133784381,-0.6814865403553242,0.07582335670453424,-1.021987401155326,0.2059921720278468,-1.0371220601333149,0.0,0.0,0.0,0.0,0.0,0.0,0.0,0.0,0.0,0.0,0.0,0.0,0.0,0.0,0.0,0.0,1.0,0.0,0.0,0.0,0.0,0.0,0.0,0.0,0.0,0.0,0.0,0.0,1.0,0.0,0.0,0.0,0.0,1.0,0.0,0.0,0.0,0.0,0.0,1.0,0.0,0.0,0.0,158500.0,-0.2865796176461629
1.336635976438749,1.1437200866742006,0.5438118384284671,0.33248816324350067,1.3490272442861957,0.7772367703207032,-0.9976828844653559,1.6334835209507133,0.0,0.0,0.0,0.0,1.0,0.0,0.0,0.0,0.0,0.0,0.0,0.0,0.0,0.0,0.0,0.0,0.0,0.0,0.0,0.0,0.0,0.0,0.0,0.0,0.0,0.0,0.0,0.0,1.0,0.0,0.0,0.0,0.0,1.0,0.0,0.0,0.0,0.0,0.0,0.0,1.0,0.0,0.0,336820.0,1.9427746680057572
-0.06491841398858939,-0.47697201155583074,0.010862903996333866,-0.7734881061258739,0.10445943030066157,-1.021987401155326,0.2059921720278468,-1.0371220601333149,0.0,1.0,0.0,0.0,0.0,0.0,0.0,0.0,0.0,0.0,0.0,0.0,0.0,0.0,0.0,0.0,0.0,0.0,0.0,0.0,0.0,0.0,0.0,0.0,0.0,0.0,0.0,1.0,0.0,0.0,0.0,0.0,0.0,0.0,1.0,0.0,0.0,0.0,0.0,1.0,0.0,0.0,0.0,135000.0,-0.5803763073770968
2.738190366866087,1.0444940398437905,0.3484867251794107,1.745788811888967,2.9394307163172675,0.7772367703207032,0.2059921720278468,1.6334835209507133,0.0,0.0,0.0,1.0,0.0,0.0,0.0,0.0,0.0,0.0,0.0,0.0,0.0,0.0,0.0,0.0,0.0,0.0,0.0,0.0,0.0,0.0,0.0,0.0,0.0,0.0,0.0,0.0,1.0,0.0,0.0,0.0,0.0,0.0,0.0,1.0,0.0,0.0,0.0,0.0,1.0,0.0,0.0,386250.0,2.5607478753844832
2.037413171652418,1.1106447377307307,0.08626331999281955,1.9376218639211773,3.084813859189914,0.7772367703207032,-0.9976828844653559,1.6334835209507133,0.0,0.0,0.0,0.0,1.0,0.0,0.0,0.0,0.0,0.0,0.0,0.0,0.0,0.0,0.0,0.0,0.0,0.0,0.0,0.0,0.0,0.0,0.0,0.0,0.0,0.0,0.0,0.0,1.0,0.0,0.0,0.0,0.0,0.0,0.0,1.0,0.0,0.0,0.0,0.0,1.0,0.0,0.0,468000.0,3.582785296044221
-0.06491841398858939,0.9121926440699104,-0.9035629125545178,0.0016740224940771195,-0.6907423057148744,0.7772367703207032,0.2059921720278468,0.29818073040869925,0.0,0.0,0.0,0.0,1.0,0.0,0.0,0.0,0.0,0.0,0.0,0.0,0.0,0.0,0.0,0.0,0.0,0.0,0.0,0.0,0.0,0.0,0.0,0.0,0.0,0.0,0.0,1.0,0.0,0.0,0.0,0.0,0.0,0.0,1.0,0.0,0.0,0.0,1.0,0.0,0.0,0.0,0.0,176500.0,-0.061543855299064656
-0.06491841398858939,-1.0723282925382913,-0.275971912939852,-1.2609006566975098,-0.44403151780977734,-1.021987401155326,-0.9976828844653559,0.29818073040869925,0.0,0.0,0.0,0.0,0.0,0.0,0.0,0.0,0.0,0.0,1.0,0.0,0.0,0.0,0.0,0.0,0.0,0.0,0.0,0.0,0.0,0.0,0.0,0.0,0.0,0.0,0.0,1.0,0.0,0.0,0.0,0.0,0.0,0.0,1.0,0.0,0.0,0.0,0.0,1.0,0.0,0.0,0.0,126000.0,-0.6928941885506459
-0.06491841398858939,-0.14621852212113046,0.8406030901178981,0.438192089873494,1.3710549932062936,-1.021987401155326,0.2059921720278468,0.29818073040869925,0.0,0.0,0.0,0.0,0.0,0.0,0.0,0.0,0.0,0.0,0.0,0.0,0.0,0.0,1.0,0.0,0.0,0.0,0.0,0.0,0.0,0.0,0.0,0.0,0.0,0.0,0.0,0.0,1.0,0.0,0.0,0.0,0.0,0.0,1.0,0.0,0.0,0.0,1.0,0.0,0.0,0.0,0.0,197900.0,0.20599866215804105
-0.7656956092022585,-0.14621852212113046,-0.46805279464009825,-1.1708565710497378,-0.39997601996958143,-1.021987401155326,0.2059921720278468,-1.0371220601333149,0.0,0.0,0.0,0.0,0.0,1.0,0.0,0.0,0.0,0.0,0.0,0.0,0.0,0.0,0.0,0.0,0.0,0.0,0.0,0.0,0.0,0.0,0.0,0.0,0.0,0.0,0.0,0.0,1.0,0.0,0.0,0.0,0.0,0.0,1.0,0.0,0.0,0.0,0.0,1.0,0.0,0.0,0.0,125500.0,-0.6991451819491764
1.336635976438749,1.1106447377307307,-0.787665537224608,-0.49552592869144707,0.4172534649660524,-1.021987401155326,-2.2013579409585584,0.29818073040869925,0.0,0.0,0.0,0.0,1.0,0.0,0.0,0.0,0.0,0.0,0.0,0.0,0.0,0.0,0.0,0.0,0.0,0.0,0.0,0.0,0.0,0.0,0.0,0.0,0.0,0.0,0.0,0.0,1.0,0.0,0.0,0.0,0.0,1.0,0.0,0.0,0.0,0.0,1.0,0.0,0.0,0.0,0.0,197000.0,0.19474687404068614
-0.06491841398858939,-1.7007599224642218,-0.6105752426809332,0.019291343599076007,-0.6665117819027666,-1.021987401155326,0.2059921720278468,-1.0371220601333149,0.0,0.0,0.0,0.0,0.0,0.0,0.0,0.0,0.0,0.0,1.0,0.0,0.0,0.0,0.0,0.0,0.0,0.0,0.0,0.0,0.0,0.0,0.0,0.0,0.0,0.0,0.0,1.0,0.0,0.0,0.0,0.0,0.0,0.0,1.0,0.0,0.0,0.0,0.0,1.0,0.0,0.0,0.0,149000.0,-0.40534849221824254
-0.7656956092022585,-0.708499454160121,-0.08467412161345661,-0.5875274944619968,0.3137230450415921,-1.021987401155326,0.2059921720278468,-1.0371220601333149,0.0,1.0,0.0,0.0,0.0,0.0,0.0,0.0,0.0,0.0,0.0,0.0,0.0,0.0,0.0,0.0,0.0,0.0,0.0,0.0,0.0,0.0,0.0,0.0,0.0,0.0,0.0,0.0,1.0,0.0,0.0,0.0,0.0,0.0,1.0,0.0,0.0,0.0,0.0,1.0,0.0,0.0,0.0,129900.0,-0.6441364400421079
-0.7656956092022585,-0.3115952668384806,-0.016992739302071083,-0.9809809991403053,-0.2920400502611015,-1.021987401155326,0.2059921720278468,-1.0371220601333149,0.0,1.0,0.0,0.0,0.0,0.0,0.0,0.0,0.0,0.0,0.0,0.0,0.0,0.0,0.0,0.0,0.0,0.0,0.0,0.0,0.0,0.0,0.0,0.0,0.0,0.0,0.0,0.0,1.0,0.0,0.0,0.0,0.0,0.0,1.0,0.0,0.0,0.0,0.0,1.0,0.0,0.0,0.0,134500.0,-0.5866273007756273
-0.7656956092022585,0.2506856652005099,-0.3719564187632715,-1.090599886015854,-0.2523901022049252,-1.021987401155326,-0.9976828844653559,0.29818073040869925,0.0,1.0,0.0,0.0,0.0,0.0,0.0,0.0,0.0,0.0,0.0,0.0,0.0,0.0,0.0,0.0,0.0,0.0,0.0,0.0,0.0,0.0,0.0,0.0,0.0,0.0,0.0,1.0,0.0,0.0,0.0,0.0,0.0,0.0,1.0,0.0,0.0,0.0,1.0,0.0,0.0,0.0,0.0,135960.0,-0.5683744000519182
0.6358587812250798,1.0444940398437905,-0.24162780654382665,-0.039433060084253624,0.9305000148043346,0.7772367703207032,0.2059921720278468,0.29818073040869925,0.0,1.0,0.0,0.0,0.0,0.0,0.0,0.0,0.0,0.0,0.0,0.0,0.0,0.0,0.0,0.0,0.0,0.0,0.0,0.0,0.0,0.0,0.0,0.0,0.0,0.0,0.0,0.0,1.0,0.0,0.0,0.0,0.0,1.0,0.0,0.0,0.0,0.0,1.0,0.0,0.0,0.0,0.0,214000.0,0.4072806495907234
-0.7656956092022585,0.38298706097439,-0.43258998771000035,-1.339199861608616,-0.5321425134901692,-1.021987401155326,-0.9976828844653559,-1.0371220601333149,0.0,0.0,1.0,0.0,0.0,0.0,0.0,0.0,0.0,0.0,0.0,0.0,0.0,0.0,0.0,0.0,0.0,0.0,0.0,0.0,0.0,0.0,0.0,0.0,0.0,0.0,0.0,0.0,1.0,0.0,0.0,0.0,0.0,0.0,1.0,0.0,0.0,0.0,0.0,1.0,0.0,0.0,0.0,128500.0,-0.6616392215579934
-0.06491841398858939,-0.5761980583862408,0.07496444459868742,-0.40548184304367496,0.2652619974173766,0.7772367703207032,-0.9976828844653559,0.29818073040869925,0.0,1.0,0.0,0.0,0.0,0.0,0.0,0.0,0.0,0.0,0.0,0.0,0.0,0.0,0.0,0.0,0.0,0.0,0.0,0.0,0.0,0.0,0.0,0.0,0.0,0.0,0.0,0.0,1.0,0.0,0.0,0.0,0.0,0.0,1.0,0.0,0.0,0.0,0.0,1.0,0.0,0.0,0.0,149900.0,-0.39409670410088765
0.6358587812250798,1.1437200866742006,-0.20146645737062435,-0.5092282895508906,0.40183404072198387,0.7772367703207032,-0.9976828844653559,1.6334835209507133,0.0,0.0,0.0,0.0,0.0,0.0,0.0,1.0,0.0,0.0,0.0,0.0,0.0,0.0,0.0,0.0,0.0,0.0,0.0,0.0,0.0,0.0,0.0,0.0,0.0,0.0,0.0,0.0,1.0,0.0,0.0,0.0,0.0,1.0,0.0,0.0,0.0,0.0,1.0,0.0,0.0,0.0,0.0,194000.0,0.1572409136495031
-0.06491841398858939,0.38298706097439,-0.13087645367065034,-0.8224251091953153,0.05820115756845588,-1.021987401155326,0.2059921720278468,0.29818073040869925,0.0,0.0,1.0,0.0,0.0,0.0,0.0,0.0,0.0,0.0,0.0,0.0,0.0,0.0,0.0,0.0,0.0,0.0,0.0,0.0,0.0,0.0,0.0,0.0,0.0,0.0,0.0,0.0,1.0,0.0,0.0,0.0,0.0,0.0,1.0,0.0,0.0,0.0,0.0,1.0,0.0,0.0,0.0,134000.0,-0.5928782941741577
1.336635976438749,0.8460419461829704,-0.10123088951772942,1.745788811888967,0.7454669238755119,0.7772367703207032,0.2059921720278468,1.6334835209507133,0.0,0.0,0.0,0.0,0.0,0.0,0.0,0.0,1.0,0.0,0.0,0.0,0.0,0.0,0.0,0.0,0.0,0.0,0.0,0.0,0.0,0.0,0.0,0.0,0.0,0.0,0.0,0.0,1.0,0.0,0.0,0.0,0.0,1.0,0.0,0.0,0.0,0.0,1.0,0.0,0.0,0.0,0.0,348000.0,2.082546880396899
-0.06491841398858939,-0.774650152047061,-0.26366620706505467,-1.033832962455302,-0.18850963033664114,-1.021987401155326,-0.9976828844653559,-1.0371220601333149,0.0,1.0,0.0,0.0,0.0,0.0,0.0,0.0,0.0,0.0,0.0,0.0,0.0,0.0,0.0,0.0,0.0,0.0,0.0,0.0,0.0,0.0,0.0,0.0,0.0,0.0,0.0,1.0,0.0,0.0,0.0,0.0,0.0,0.0,1.0,0.0,0.0,0.0,0.0,1.0,0.0,0.0,0.0,132000.0,-0.6178822677682798
-0.7656956092022585,-3.0237738802030227,1.7947427756283232,1.0097762857245691,-2.3296068253701616,-1.021987401155326,1.4096672285210494,0.29818073040869925,1.0,0.0,0.0,0.0,0.0,0.0,0.0,0.0,0.0,0.0,0.0,0.0,0.0,0.0,0.0,0.0,0.0,0.0,0.0,0.0,0.0,0.0,0.0,0.0,0.0,0.0,0.0,0.0,1.0,0.0,0.0,0.0,0.0,0.0,1.0,0.0,0.0,0.0,0.0,1.0,0.0,0.0,0.0,131000.0,-0.6303842545653409
-0.06491841398858939,1.1106447377307307,-0.7475041880514057,-0.8380849501775366,-1.124688959440804,-1.021987401155326,-0.9976828844653559,0.29818073040869925,0.0,0.0,0.0,0.0,0.0,0.0,0.0,0.0,0.0,0.0,0.0,0.0,1.0,0.0,0.0,0.0,0.0,0.0,0.0,0.0,0.0,0.0,0.0,0.0,0.0,0.0,0.0,0.0,0.0,0.0,1.0,0.0,0.0,1.0,0.0,0.0,0.0,0.0,1.0,0.0,0.0,0.0,0.0,140000.0,-0.5178663733917916
-2.167249999629597,-1.8992120161250419,-0.23994975574271793,-1.2452408157152886,-0.426409318673699,-1.021987401155326,-0.9976828844653559,-1.0371220601333149,0.0,0.0,0.0,0.0,0.0,0.0,0.0,0.0,0.0,0.0,0.0,0.0,1.0,0.0,0.0,0.0,0.0,0.0,0.0,0.0,0.0,0.0,0.0,0.0,0.0,0.0,0.0,1.0,0.0,0.0,0.0,0.0,0.0,0.0,1.0,0.0,0.0,0.0,0.0,1.0,0.0,0.0,0.0,58500.0,-1.5367782973522643
0.6358587812250798,0.08530892048315974,0.02999268312897341,-0.6403794577769935,-0.010084864083847761,0.7772367703207032,0.2059921720278468,0.29818073040869925,0.0,0.0,0.0,0.0,0.0,0.0,0.0,0.0,0.0,0.0,0.0,0.0,0.0,0.0,1.0,0.0,0.0,0.0,0.0,0.0,0.0,0.0,0.0,0.0,0.0,0.0,0.0,0.0,1.0,0.0,0.0,0.0,0.0,1.0,0.0,0.0,0.0,0.0,1.0,0.0,0.0,0.0,0.0,170000.0,-0.14280676947996124
0.6358587812250798,1.0775693887872606,-0.8149618302559767,0.09367558826462687,0.6771809022232083,0.7772367703207032,-0.9976828844653559,0.29818073040869925,0.0,0.0,0.0,0.0,0.0,0.0,0.0,0.0,0.0,0.0,0.0,0.0,0.0,0.0,0.0,0.0,0.0,0.0,0.0,0.0,0.0,0.0,0.0,0.0,1.0,0.0,0.0,0.0,1.0,0.0,0.0,0.0,0.0,1.0,0.0,0.0,0.0,0.0,1.0,0.0,0.0,0.0,0.0,225000.0,0.5448025043583945
0.6358587812250798,1.1437200866742006,-0.7198722848598152,-0.4739936473408929,0.4414839887781602,0.7772367703207032,-0.9976828844653559,1.6334835209507133,0.0,0.0,0.0,0.0,0.0,0.0,0.0,0.0,0.0,0.0,0.0,0.0,0.0,0.0,0.0,0.0,0.0,0.0,0.0,0.0,0.0,0.0,0.0,0.0,1.0,0.0,0.0,0.0,1.0,0.0,0.0,0.0,0.0,1.0,0.0,0.0,0.0,0.0,0.0,0.0,1.0,0.0,0.0,172500.0,-0.11155180248730871
1.336635976438749,1.1437200866742006,-0.5357341769514837,0.24440155771850625,1.1353580797612455,0.7772367703207032,-0.9976828844653559,0.29818073040869925,0.0,0.0,0.0,0.0,0.0,0.0,0.0,0.0,0.0,0.0,0.0,0.0,0.0,0.0,0.0,0.0,1.0,0.0,0.0,0.0,0.0,0.0,0.0,0.0,0.0,0.0,0.0,0.0,1.0,0.0,0.0,0.0,0.0,1.0,0.0,0.0,0.0,0.0,1.0,0.0,0.0,0.0,0.0,375000.0,2.420100523917547
-1.4664728044159276,-1.1715543393687013,-0.48740631387955224,-0.3447999592375677,-0.8493420979395796,-1.021987401155326,0.2059921720278468,-1.0371220601333149,0.0,0.0,0.0,0.0,0.0,0.0,0.0,0.0,0.0,0.0,0.0,1.0,0.0,0.0,0.0,0.0,0.0,0.0,0.0,0.0,0.0,0.0,0.0,0.0,0.0,0.0,0.0,1.0,0.0,0.0,0.0,0.0,0.0,0.0,1.0,0.0,0.0,0.0,0.0,1.0,0.0,0.0,0.0,128000.0,-0.6678902149565239
-0.06491841398858939,-0.21236922000807051,-0.17417016433925564,0.126952750351847,0.28508697144546474,0.7772367703207032,0.2059921720278468,-1.0371220601333149,0.0,1.0,0.0,0.0,0.0,0.0,0.0,0.0,0.0,0.0,0.0,0.0,0.0,0.0,0.0,0.0,0.0,0.0,0.0,0.0,0.0,0.0,0.0,0.0,0.0,0.0,0.0,0.0,1.0,0.0,0.0,0.0,0.0,1.0,0.0,0.0,0.0,0.0,0.0,1.0,0.0,0.0,0.0,185900.0,0.05597482059330888
-0.06491841398858939,-0.17929387106460049,0.11445457345144625,-0.7284660633019879,0.0493900580004167,-1.021987401155326,-0.9976828844653559,-1.0371220601333149,0.0,1.0,0.0,0.0,0.0,0.0,0.0,0.0,0.0,0.0,0.0,0.0,0.0,0.0,0.0,0.0,0.0,0.0,0.0,0.0,0.0,0.0,0.0,0.0,0.0,0.0,0.0,0.0,1.0,0.0,0.0,0.0,0.0,1.0,0.0,0.0,0.0,0.0,0.0,1.0,0.0,0.0,0.0,178000.0,-0.04279087510347313
0.6358587812250798,1.1106447377307307,-0.3988052315810112,-0.2586708338353509,0.6837892268992376,0.7772367703207032,-0.9976828844653559,0.29818073040869925,0.0,0.0,0.0,1.0,0.0,0.0,0.0,0.0,0.0,0.0,0.0,0.0,0.0,0.0,0.0,0.0,0.0,0.0,0.0,0.0,0.0,0.0,0.0,0.0,0.0,0.0,0.0,0.0,1.0,0.0,0.0,0.0,0.0,1.0,0.0,0.0,0.0,0.0,1.0,0.0,0.0,0.0,0.0,202665.0,0.2655706292460368
-0.06491841398858939,-1.866136667181572,-0.004127683160237472,1.3308030258601045,0.1771510017369848,-1.021987401155326,0.2059921720278468,0.29818073040869925,0.0,0.0,0.0,0.0,0.0,0.0,0.0,0.0,0.0,0.0,0.0,0.0,0.0,0.0,0.0,0.0,0.0,0.0,0.0,1.0,0.0,0.0,0.0,0.0,0.0,0.0,0.0,1.0,0.0,0.0,0.0,0.0,0.0,0.0,1.0,0.0,0.0,0.0,0.0,1.0,0.0,0.0,0.0,161000.0,-0.2553246506535104
-0.7656956092022585,0.9121926440699104,0.1698302498880344,-0.3056503567820146,0.6309226294910025,0.7772367703207032,0.2059921720278468,0.29818073040869925,0.0,0.0,1.0,0.0,0.0,0.0,0.0,0.0,0.0,0.0,0.0,0.0,0.0,0.0,0.0,0.0,0.0,0.0,0.0,0.0,0.0,0.0,0.0,0.0,0.0,0.0,0.0,0.0,1.0,0.0,0.0,0.0,0.0,0.0,1.0,0.0,0.0,0.0,1.0,0.0,0.0,0.0,0.0,166500.0,-0.1865637232696748
-1.4664728044159276,0.01915822259621968,-0.9926114750666878,-0.7989353477219835,-1.1268917343328138,-1.021987401155326,0.2059921720278468,-1.0371220601333149,0.0,0.0,0.0,0.0,0.0,0.0,0.0,0.0,0.0,0.0,0.0,0.0,0.0,0.0,0.0,0.0,0.0,0.0,0.0,0.0,0.0,0.0,0.0,0.0,0.0,1.0,0.0,0.0,1.0,0.0,0.0,0.0,0.0,0.0,1.0,0.0,0.0,0.0,0.0,1.0,0.0,0.0,0.0,79400.0,-1.2754867732936892
0.6358587812250798,0.8460419461829704,-0.10984488363008758,1.1702896557923368,-0.038720937679975094,0.7772367703207032,1.4096672285210494,0.29818073040869925,0.0,0.0,0.0,0.0,0.0,0.0,0.0,1.0,0.0,0.0,0.0,0.0,0.0,0.0,0.0,0.0,0.0,0.0,0.0,0.0,0.0,0.0,0.0,0.0,0.0,0.0,0.0,0.0,1.0,0.0,0.0,0.0,0.0,1.0,0.0,0.0,0.0,0.0,1.0,0.0,0.0,0.0,0.0,240000.0,0.7323323063143098
-0.06491841398858939,-0.9731022457078812,-0.31960123376867905,-0.01202833836536646,-0.63126738363061,-1.021987401155326,0.2059921720278468,-1.0371220601333149,0.0,0.0,0.0,0.0,0.0,0.0,0.0,0.0,0.0,0.0,0.0,0.0,0.0,0.0,0.0,0.0,1.0,0.0,0.0,0.0,0.0,0.0,0.0,0.0,0.0,0.0,0.0,0.0,1.0,0.0,0.0,0.0,0.0,1.0,0.0,0.0,0.0,0.0,0.0,1.0,0.0,0.0,0.0,177500.0,-0.04904186850200364
-0.7656956092022585,0.41606240991786003,0.2830427439361702,-1.305922699521396,-0.49469534032600265,-1.021987401155326,-0.9976828844653559,0.29818073040869925,0.0,0.0,1.0,0.0,0.0,0.0,0.0,0.0,0.0,0.0,0.0,0.0,0.0,0.0,0.0,0.0,0.0,0.0,0.0,0.0,0.0,0.0,0.0,0.0,0.0,0.0,0.0,0.0,1.0,0.0,0.0,0.0,0.0,1.0,0.0,0.0,0.0,0.0,1.0,0.0,0.0,0.0,0.0,149900.0,-0.39409670410088765
-0.06491841398858939,-0.27851991789501057,-0.06677491306829679,-0.20581887052035425,0.7432641489835021,-1.021987401155326,-0.9976828844653559,0.29818073040869925,0.0,1.0,0.0,0.0,0.0,0.0,0.0,0.0,0.0,0.0,0.0,0.0,0.0,0.0,0.0,0.0,0.0,0.0,0.0,0.0,0.0,0.0,0.0,0.0,0.0,0.0,0.0,0.0,1.0,0.0,0.0,0.0,0.0,0.0,1.0,0.0,0.0,0.0,0.0,1.0,0.0,0.0,0.0,192000.0,0.13223694005538106
-1.4664728044159276,-1.7007599224642218,-0.31960123376867905,-0.7284660633019879,-0.792069950747325,-1.021987401155326,-0.9976828844653559,0.29818073040869925,0.0,0.0,0.0,0.0,0.0,0.0,0.0,0.0,0.0,0.0,0.0,0.0,0.0,0.0,0.0,0.0,0.0,0.0,0.0,1.0,0.0,0.0,0.0,0.0,0.0,0.0,0.0,1.0,0.0,0.0,0.0,0.0,0.0,0.0,1.0,0.0,0.0,0.0,0.0,1.0,0.0,0.0,0.0,68400.0,-1.4130086280613603
-2.167249999629597,-0.7415748031035909,-0.20280889801151133,-0.9007243141064215,-2.3296068253701616,0.7772367703207032,-0.9976828844653559,0.29818073040869925,0.0,1.0,0.0,0.0,0.0,0.0,0.0,0.0,0.0,0.0,0.0,0.0,0.0,0.0,0.0,0.0,0.0,0.0,0.0,0.0,0.0,0.0,0.0,0.0,0.0,0.0,0.0,1.0,0.0,0.0,0.0,0.0,0.0,0.0,1.0,0.0,0.0,0.0,0.0,1.0,0.0,0.0,0.0,87500.0,-1.174220680237495
-0.7656956092022585,-0.17929387106460049,-0.35741331182032915,-1.1669416108041826,-0.39997601996958143,-1.021987401155326,0.2059921720278468,-1.0371220601333149,0.0,0.0,0.0,0.0,0.0,1.0,0.0,0.0,0.0,0.0,0.0,0.0,0.0,0.0,0.0,0.0,0.0,0.0,0.0,0.0,0.0,0.0,0.0,0.0,0.0,0.0,0.0,0.0,1.0,0.0,0.0,0.0,0.0,0.0,1.0,0.0,0.0,0.0,0.0,1.0,0.0,0.0,0.0,109900.0,-0.8941761759833282
0.6358587812250798,1.1437200866742006,-0.12438799057302992,0.5810881388362628,-0.26120120177296435,0.7772367703207032,0.2059921720278468,0.29818073040869925,0.0,0.0,0.0,0.0,0.0,0.0,0.0,1.0,0.0,0.0,0.0,0.0,0.0,0.0,0.0,0.0,0.0,0.0,0.0,0.0,0.0,0.0,0.0,0.0,0.0,0.0,0.0,0.0,1.0,0.0,0.0,0.0,0.0,1.0,0.0,0.0,0.0,0.0,1.0,0.0,0.0,0.0,0.0,213500.0,0.4010296561921929
-0.06491841398858939,1.1106447377307307,-0.1609694980372003,-0.019858258856477077,-0.6885395308228646,0.7772367703207032,0.2059921720278468,0.29818073040869925,0.0,0.0,0.0,0.0,0.0,0.0,0.0,0.0,0.0,0.0,0.0,0.0,0.0,1.0,0.0,0.0,0.0,0.0,0.0,0.0,0.0,0.0,0.0,0.0,0.0,0.0,0.0,0.0,1.0,0.0,0.0,0.0,0.0,1.0,0.0,0.0,0.0,0.0,1.0,0.0,0.0,0.0,0.0,167800.0,-0.1703111404334955
0.6358587812250798,0.1514596183700998,-0.15280298413847113,-0.3447999592375677,0.37540074201786633,0.7772367703207032,0.2059921720278468,0.29818073040869925,0.0,0.0,0.0,0.0,0.0,0.0,0.0,0.0,0.0,0.0,0.0,0.0,0.0,0.0,1.0,0.0,0.0,0.0,0.0,0.0,0.0,0.0,0.0,0.0,0.0,0.0,0.0,0.0,1.0,0.0,0.0,0.0,0.0,1.0,0.0,0.0,0.0,0.0,1.0,0.0,0.0,0.0,0.0,174000.0,-0.0927988222917172
0.6358587812250798,1.0444940398437905,-0.8847687435821,0.2463590378412839,-0.6466868078746785,0.7772367703207032,-0.9976828844653559,0.29818073040869925,0.0,0.0,0.0,1.0,0.0,0.0,0.0,0.0,0.0,0.0,0.0,0.0,0.0,0.0,0.0,0.0,0.0,0.0,0.0,0.0,0.0,0.0,0.0,0.0,0.0,0.0,0.0,0.0,0.0,1.0,0.0,0.0,0.0,1.0,0.0,0.0,0.0,0.0,1.0,0.0,0.0,0.0,0.0,154000.0,-0.34283855823293746
-0.06491841398858939,1.0775693887872606,-0.6634897779425618,-1.2765604976797311,-0.4616537169458557,-1.021987401155326,-2.2013579409585584,0.29818073040869925,0.0,0.0,0.0,0.0,0.0,0.0,0.0,1.0,0.0,0.0,0.0,0.0,0.0,0.0,0.0,0.0,0.0,0.0,0.0,0.0,0.0,0.0,0.0,0.0,0.0,0.0,0.0,0.0,1.0,0.0,0.0,0.0,0.0,1.0,0.0,0.0,0.0,0.0,1.0,0.0,0.0,0.0,0.0,145000.0,-0.4553564394064866
-0.7656956092022585,-0.4438966626123607,-0.3833671642108109,-0.28999051579979335,0.009740109944240393,-1.021987401155326,0.2059921720278468,-1.0371220601333149,0.0,0.0,0.0,0.0,0.0,0.0,1.0,0.0,0.0,0.0,0.0,0.0,0.0,0.0,0.0,0.0,0.0,0.0,0.0,0.0,0.0,0.0,0.0,0.0,0.0,0.0,0.0,0.0,0.0,1.0,0.0,0.0,0.0,1.0,0.0,0.0,0.0,0.0,0.0,1.0,0.0,0.0,0.0,130000.0,-0.6428862413624018
-0.06491841398858939,-0.5100473604993008,0.4204191695202717,0.60849286055515,0.03397063375634814,-1.021987401155326,-0.9976828844653559,0.29818073040869925,0.0,0.0,0.0,0.0,0.0,0.0,0.0,0.0,0.0,0.0,0.0,0.0,0.0,0.0,0.0,0.0,1.0,0.0,0.0,0.0,0.0,0.0,0.0,0.0,0.0,0.0,0.0,0.0,1.0,0.0,0.0,0.0,0.0,0.0,0.0,1.0,0.0,0.0,0.0,1.0,0.0,0.0,0.0,230000.0,0.6073124383436996
0.6358587812250798,1.1106447377307307,-0.8218977735672262,-0.49356844856866944,0.41945623985806224,0.7772367703207032,-0.9976828844653559,0.29818073040869925,0.0,0.0,0.0,0.0,0.0,0.0,0.0,0.0,0.0,0.0,0.0,0.0,0.0,0.0,0.0,0.0,0.0,0.0,0.0,0.0,0.0,0.0,0.0,0.0,1.0,0.0,0.0,0.0,1.0,0.0,0.0,0.0,0.0,1.0,0.0,0.0,0.0,0.0,1.0,0.0,0.0,0.0,0.0,167240.0,-0.17731225303984965
-0.7656956092022585,0.8129665972395004,0.08369030876445283,-1.0475353233147455,-0.4131926693216402,-1.021987401155326,-0.9976828844653559,0.29818073040869925,0.0,0.0,0.0,0.0,0.0,0.0,0.0,1.0,0.0,0.0,0.0,0.0,0.0,0.0,0.0,0.0,0.0,0.0,0.0,0.0,0.0,0.0,0.0,0.0,0.0,0.0,0.0,0.0,1.0,0.0,0.0,0.0,0.0,0.0,1.0,0.0,0.0,0.0,1.0,0.0,0.0,0.0,0.0,159000.0,-0.2803286242476324
0.6358587812250798,0.21761031625703986,0.2172631525327079,0.32074328250683476,1.0384359845128146,0.7772367703207032,0.2059921720278468,0.29818073040869925,0.0,0.0,0.0,0.0,0.0,0.0,0.0,0.0,0.0,0.0,0.0,0.0,0.0,0.0,1.0,0.0,0.0,0.0,0.0,0.0,0.0,0.0,0.0,0.0,0.0,0.0,0.0,0.0,1.0,0.0,0.0,0.0,0.0,1.0,0.0,0.0,0.0,0.0,1.0,0.0,0.0,0.0,0.0,213000.0,0.39477866279366236
0.6358587812250798,1.0114186909003204,-0.2625475065309822,0.4303621693823834,-0.4792759160819341,0.7772367703207032,0.2059921720278468,0.29818073040869925,0.0,0.0,0.0,0.0,0.0,0.0,0.0,0.0,0.0,0.0,0.0,0.0,0.0,1.0,0.0,0.0,0.0,0.0,0.0,0.0,0.0,0.0,0.0,0.0,0.0,0.0,0.0,0.0,0.0,1.0,0.0,0.0,0.0,1.0,0.0,0.0,0.0,0.0,1.0,0.0,0.0,0.0,0.0,188000.0,0.08222899286713702
0.6358587812250798,0.7137405504090902,0.019365028055284776,1.1252676129684507,0.19917875065708276,0.7772367703207032,0.2059921720278468,0.29818073040869925,0.0,0.0,0.0,0.0,0.0,0.0,0.0,0.0,0.0,0.0,0.0,0.0,0.0,0.0,1.0,0.0,0.0,0.0,0.0,0.0,0.0,0.0,0.0,0.0,0.0,0.0,0.0,0.0,1.0,0.0,0.0,0.0,0.0,1.0,0.0,0.0,0.0,0.0,1.0,0.0,0.0,0.0,0.0,255000.0,0.919862108270225
1.336635976438749,1.1106447377307307,0.364819752976869,0.9001573988490205,1.4767881880227638,0.7772367703207032,0.2059921720278468,1.6334835209507133,0.0,0.0,0.0,0.0,0.0,0.0,0.0,0.0,0.0,0.0,0.0,0.0,0.0,0.0,0.0,1.0,0.0,0.0,0.0,0.0,0.0,0.0,0.0,0.0,0.0,0.0,0.0,0.0,1.0,0.0,0.0,0.0,0.0,1.0,0.0,0.0,0.0,0.0,0.0,0.0,1.0,0.0,0.0,320000.0,1.732491250079191
-0.7656956092022585,-0.47697201155583074,-0.36434925513157856,-1.339199861608616,-0.5321425134901692,-1.021987401155326,-0.9976828844653559,-1.0371220601333149,0.0,1.0,0.0,0.0,0.0,0.0,0.0,0.0,0.0,0.0,0.0,0.0,0.0,0.0,0.0,0.0,0.0,0.0,0.0,0.0,0.0,0.0,0.0,0.0,0.0,0.0,0.0,1.0,0.0,0.0,0.0,0.0,0.0,0.0,1.0,0.0,0.0,0.0,0.0,1.0,0.0,0.0,0.0,129900.0,-0.6441364400421079
-0.7656956092022585,-2.031513411898922,-0.4028325535036722,-1.1767290114180708,-1.2700721023134505,-1.021987401155326,-0.9976828844653559,-1.0371220601333149,0.0,0.0,0.0,0.0,0.0,0.0,0.0,0.0,0.0,1.0,0.0,0.0,0.0,0.0,0.0,0.0,0.0,0.0,0.0,0.0,0.0,0.0,0.0,0.0,0.0,0.0,0.0,1.0,0.0,0.0,0.0,0.0,0.0,0.0,1.0,0.0,0.0,0.0,0.0,1.0,0.0,0.0,0.0,78000.0,-1.2929895548095747
-0.7656956092022585,0.6475898525221502,0.013212175117886091,-0.44267396537645043,-0.9550752927560497,-1.021987401155326,0.2059921720278468,0.29818073040869925,0.0,0.0,1.0,0.0,0.0,0.0,0.0,0.0,0.0,0.0,0.0,0.0,0.0,0.0,0.0,0.0,0.0,0.0,0.0,0.0,0.0,0.0,0.0,0.0,0.0,0.0,0.0,1.0,0.0,0.0,0.0,0.0,0.0,0.0,1.0,0.0,0.0,0.0,1.0,0.0,0.0,0.0,0.0,136000.0,-0.5678743205800357
-0.06491841398858939,-1.7669106203511618,-0.010056795990821658,-1.2961352989075077,-0.5321425134901692,-1.021987401155326,-0.9976828844653559,-1.0371220601333149,0.0,0.0,0.0,0.0,0.0,0.0,0.0,0.0,0.0,0.0,0.0,1.0,0.0,0.0,0.0,0.0,0.0,0.0,0.0,0.0,0.0,0.0,0.0,0.0,0.0,0.0,0.0,1.0,0.0,0.0,0.0,0.0,0.0,0.0,0.0,0.0,1.0,0.0,0.0,1.0,0.0,0.0,0.0,130000.0,-0.6428862413624018
-0.7656956092022585,0.21761031625703986,-0.21556208409993768,-0.9007243141064215,-0.038720937679975094,0.7772367703207032,0.2059921720278468,-2.372424850675329,0.0,0.0,0.0,0.0,0.0,0.0,0.0,1.0,0.0,0.0,0.0,0.0,0.0,0.0,0.0,0.0,0.0,0.0,0.0,0.0,0.0,0.0,0.0,0.0,0.0,0.0,0.0,0.0,1.0,0.0,0.0,0.0,0.0,0.0,1.0,0.0,0.0,0.0,1.0,0.0,0.0,0.0,0.0,124000.0,-0.7178981621447679
